position,constructorId,raceId
1,1,18
3,2,18
2,3,18
4,4,18
5,5,18
6,6,18
1,1,19
2,2,19
4,3,19
5,4,19
8,5,19
3,6,19
6,7,19
7,9,19
9,11,19
10,10,19
11,8,19
3,1,20
1,2,20
4,3,20
6,4,20
8,5,20
2,6,20
5,7,20
7,9,20
9,11,20
10,10,20
11,8,20
3,1,21
2,2,21
4,3,21
7,4,21
9,5,21
1,6,21
5,7,21
6,9,21
8,11,21
10,10,21
11,8,21
3,1,22
2,2,22
4,3,22
7,4,22
9,5,22
1,6,22
6,7,22
5,9,22
8,11,22
10,10,22
11,8,22
2,1,23
3,2,23
4,3,23
7,4,23
8,5,23
1,6,23
6,7,23
5,9,23
9,11,23
10,10,23
11,8,23
3,1,24
2,2,24
6,3,24
7,4,24
9,5,24
1,6,24
5,7,24
4,9,24
8,11,24
10,10,24
11,8,24
3,1,25
2,2,25
6,3,25
7,4,25
9,5,25
1,6,25
5,7,25
4,9,25
8,11,25
10,10,25
11,8,25
3,1,26
2,2,26
6,3,26
7,4,26
9,5,26
1,6,26
4,7,26
5,9,26
8,11,26
10,10,26
11,8,26
3,1,27
2,2,27
7,3,27
6,4,27
9,5,27
1,6,27
4,7,27
5,9,27
8,11,27
10,10,27
11,8,27
2,1,28
3,2,28
7,3,28
5,4,28
9,5,28
1,6,28
4,7,28
6,9,28
8,11,28
10,10,28
11,8,28
2,1,29
3,2,29
7,3,29
5,4,29
9,5,29
1,6,29
4,7,29
6,9,29
8,11,29
10,10,29
11,8,29
2,1,30
3,2,30
7,3,30
5,4,30
8,5,30
1,6,30
4,7,30
6,9,30
9,11,30
10,10,30
11,8,30
2,1,31
3,2,31
8,3,31
5,4,31
6,5,31
1,6,31
4,7,31
7,9,31
9,11,31
10,10,31
11,8,31
1,1,32
3,2,32
8,3,32
4,4,32
6,5,32
2,6,32
5,7,32
7,9,32
9,11,32
10,10,32
11,8,32
2,1,33
3,2,33
8,3,33
4,4,33
6,5,33
1,6,33
5,7,33
7,9,33
9,11,33
10,10,33
11,8,33
11,8,34
10,10,34
9,11,34
7,9,34
5,7,34
1,6,34
6,5,34
4,4,34
8,3,34
3,2,34
2,1,34
2,1,35
3,2,35
8,3,35
4,4,35
6,5,35
1,6,35
5,7,35
7,9,35
9,11,35
10,10,35
11,8,35
9,5,36
8,9,36
7,8,36
6,11,36
5,7,36
4,3,36
3,4,36
2,2,36
9,5,37
6,9,37
8,8,37
7,11,37
4,7,37
5,3,37
3,4,37
2,2,37
9,5,38
6,9,38
8,8,38
7,11,38
4,7,38
5,3,38
3,4,38
2,2,38
11,1,38
1,6,38
10,5,39
6,9,39
7,8,39
8,11,39
5,7,39
4,3,39
3,4,39
2,2,39
11,1,39
8,5,40
6,9,40
7,8,40
9,11,40
5,7,40
4,3,40
3,4,40
2,2,40
11,1,40
8,5,41
6,9,41
7,8,41
9,11,41
5,7,41
4,3,41
3,4,41
2,2,41
11,1,41
8,5,42
6,9,42
7,8,42
9,11,42
5,7,42
4,3,42
3,4,42
2,2,42
11,1,42
9,5,43
6,9,43
7,8,43
8,11,43
5,7,43
4,3,43
3,4,43
2,2,43
11,1,43
9,5,44
6,9,44
7,8,44
8,11,44
5,7,44
4,3,44
3,4,44
2,2,44
11,1,44
9,5,45
5,9,45
7,8,45
8,11,45
6,7,45
4,3,45
3,4,45
2,2,45
11,1,45
9,5,46
5,9,46
7,8,46
8,11,46
6,7,46
4,3,46
3,4,46
2,2,46
11,1,46
9,5,47
5,9,47
7,8,47
8,11,47
6,7,47
4,3,47
3,4,47
2,2,47
11,1,47
9,5,48
5,9,48
7,8,48
8,11,48
6,7,48
4,3,48
3,4,48
2,2,48
11,1,48
9,5,49
5,9,49
7,8,49
8,11,49
6,7,49
4,3,49
3,4,49
2,2,49
11,1,49
10,5,50
5,9,50
7,8,50
8,11,50
6,7,50
4,3,50
3,4,50
2,2,50
11,1,50
7,5,51
5,9,51
9,8,51
8,11,51
6,7,51
4,3,51
3,4,51
2,2,51
11,1,51
7,5,52
5,9,52
9,8,52
8,11,52
6,7,52
4,3,52
3,4,52
2,2,52
11,1,52
11,8,53
10,13,53
9,7,53
8,2,53
7,5,53
6,9,53
5,3,53
4,11,53
2,1,53
3,6,53
1,4,53
11,8,54
10,13,54
7,7,54
6,2,54
9,5,54
8,9,54
5,3,54
4,11,54
3,1,54
2,6,54
1,4,54
11,8,55
10,13,55
6,7,55
5,2,55
9,5,55
8,9,55
7,3,55
4,11,55
2,1,55
3,6,55
1,4,55
11,8,56
10,13,56
7,7,56
5,2,56
9,5,56
8,9,56
6,3,56
4,11,56
2,1,56
3,6,56
1,4,56
11,8,57
10,13,57
7,7,57
5,2,57
9,5,57
8,9,57
6,3,57
4,11,57
3,1,57
2,6,57
1,4,57
11,8,58
10,13,58
7,7,58
5,2,58
9,5,58
8,9,58
6,3,58
4,11,58
3,1,58
2,6,58
1,4,58
11,8,59
10,13,59
7,7,59
5,2,59
9,5,59
8,9,59
6,3,59
4,11,59
3,1,59
2,6,59
1,4,59
11,8,60
10,13,60
7,7,60
5,2,60
9,5,60
8,9,60
6,3,60
4,11,60
3,1,60
2,6,60
1,4,60
11,8,61
10,13,61
6,7,61
5,2,61
9,5,61
8,9,61
7,3,61
4,11,61
3,1,61
2,6,61
1,4,61
11,8,62
10,13,62
6,7,62
5,2,62
9,5,62
7,9,62
8,3,62
4,11,62
3,1,62
2,6,62
1,4,62
11,8,63
10,13,63
5,7,63
6,2,63
9,5,63
7,9,63
8,3,63
4,11,63
3,1,63
2,6,63
1,4,63
11,8,64
10,13,64
5,7,64
6,2,64
9,5,64
7,9,64
8,3,64
4,11,64
3,1,64
2,6,64
1,4,64
11,8,65
10,13,65
5,7,65
6,2,65
9,5,65
7,9,65
8,3,65
4,11,65
3,1,65
2,6,65
1,4,65
11,8,66
10,13,66
5,7,66
6,2,66
9,5,66
7,9,66
8,3,66
4,11,66
3,1,66
2,6,66
1,4,66
12,14,67
11,8,67
10,13,67
6,7,67
5,2,67
9,5,67
7,9,67
8,3,67
4,11,67
3,1,67
1,6,67
2,4,67
12,14,68
11,8,68
10,13,68
6,7,68
5,2,68
9,5,68
7,9,68
8,3,68
4,11,68
3,1,68
2,6,68
1,4,68
12,14,69
11,8,69
10,13,69
6,7,69
5,2,69
9,5,69
7,9,69
8,3,69
4,11,69
3,1,69
2,6,69
1,4,69
12,14,70
11,8,70
10,13,70
6,7,70
5,2,70
9,5,70
7,9,70
8,3,70
4,11,70
3,1,70
2,6,70
1,4,70
8,17,71
10,16,71
7,15,71
6,7,71
5,1,71
4,3,71
3,9,71
2,6,71
1,4,71
8,17,72
10,16,72
7,15,72
2,7,72
6,1,72
5,3,72
3,9,72
4,6,72
1,4,72
8,17,73
10,16,73
7,15,73
2,7,73
3,1,73
4,3,73
5,9,73
6,6,73
1,4,73
8,17,74
10,16,74
7,15,74
2,7,74
3,1,74
5,3,74
6,9,74
4,6,74
9,18,75
8,17,75
10,16,75
7,15,75
2,7,75
3,1,75
4,3,75
6,9,75
5,6,75
8,17,76
10,16,76
7,15,76
3,7,76
2,1,76
4,3,76
6,9,76
5,6,76
1,4,76
10,18,77
8,17,77
9,16,77
7,15,77
3,7,77
2,1,77
4,3,77
6,9,77
5,6,77
1,4,77
10,18,78
8,17,78
9,16,78
7,15,78
4,7,78
2,1,78
3,3,78
6,9,78
5,6,78
1,4,78
9,18,79
8,17,79
10,16,79
7,15,79
5,7,79
2,1,79
4,3,79
6,9,79
3,6,79
1,4,79
9,18,80
8,17,80
10,16,80
7,15,80
4,7,80
2,1,80
5,3,80
6,9,80
3,6,80
1,4,80
10,18,81
8,17,81
9,16,81
7,15,81
4,7,81
2,1,81
5,3,81
6,9,81
3,6,81
1,4,81
10,18,82
9,17,82
7,16,82
8,15,82
4,7,82
2,1,82
5,3,82
6,9,82
3,6,82
1,4,82
10,18,83
9,17,83
7,16,83
8,15,83
4,7,83
2,1,83
5,3,83
6,9,83
3,6,83
1,4,83
10,18,84
9,17,84
7,16,84
8,15,84
4,7,84
2,1,84
5,3,84
6,9,84
3,6,84
1,4,84
10,18,85
9,17,85
7,16,85
8,15,85
4,7,85
2,1,85
5,3,85
6,9,85
3,6,85
1,4,85
10,18,86
9,17,86
6,16,86
8,15,86
4,7,86
2,1,86
5,3,86
7,9,86
3,6,86
1,4,86
10,18,87
9,17,87
6,16,87
8,15,87
4,7,87
1,1,87
5,3,87
7,9,87
3,6,87
2,4,87
10,18,88
9,17,88
6,16,88
8,15,88
4,7,88
2,1,88
5,3,88
7,9,88
3,6,88
1,4,88
10,18,89
9,17,89
6,16,89
8,15,89
4,7,89
2,1,89
5,3,89
7,9,89
3,6,89
1,4,89
9,17,90
8,7,90
7,19,90
6,15,90
5,1,90
4,16,90
2,3,90
3,4,90
1,6,90
10,18,91
9,17,91
7,7,91
8,19,91
6,15,91
5,1,91
4,16,91
2,3,91
3,4,91
1,6,91
10,18,92
9,17,92
8,7,92
7,19,92
6,15,92
5,1,92
4,16,92
3,3,92
2,4,92
1,6,92
10,18,93
9,17,93
8,7,93
7,19,93
6,15,93
5,1,93
3,16,93
4,3,93
2,4,93
1,6,93
10,18,94
9,17,94
8,7,94
7,19,94
6,15,94
5,1,94
3,16,94
4,3,94
2,4,94
1,6,94
10,18,95
8,17,95
7,7,95
9,19,95
5,15,95
6,1,95
3,16,95
4,3,95
2,4,95
1,6,95
10,18,96
9,17,96
7,7,96
8,19,96
5,15,96
6,1,96
3,16,96
4,3,96
2,4,96
1,6,96
10,18,97
7,17,97
8,7,97
9,19,97
5,15,97
6,1,97
3,16,97
4,3,97
2,4,97
1,6,97
10,18,98
8,17,98
7,7,98
9,19,98
6,15,98
5,1,98
3,16,98
4,3,98
2,4,98
1,6,98
10,18,99
8,17,99
7,7,99
9,19,99
6,15,99
5,1,99
3,16,99
4,3,99
2,4,99
1,6,99
10,18,100
8,17,100
7,7,100
9,19,100
6,15,100
5,1,100
3,16,100
4,3,100
2,4,100
1,6,100
10,18,101
9,17,101
7,7,101
8,19,101
6,15,101
5,1,101
3,16,101
4,3,101
2,4,101
1,6,101
10,18,102
9,17,102
7,7,102
8,19,102
6,15,102
5,1,102
3,16,102
4,3,102
2,4,102
1,6,102
10,18,103
9,17,103
8,7,103
7,19,103
6,15,103
5,1,103
3,16,103
4,3,103
2,4,103
1,6,103
10,18,104
9,17,104
8,7,104
7,19,104
6,15,104
5,1,104
2,16,104
4,3,104
3,4,104
1,6,104
10,18,105
9,17,105
8,7,105
7,19,105
6,15,105
5,1,105
2,16,105
4,3,105
3,4,105
1,6,105
10,18,106
9,17,106
8,7,106
7,19,106
6,15,106
5,1,106
2,16,106
4,3,106
3,4,106
1,6,106
10,18,107
9,17,107
8,7,107
7,19,107
6,15,107
5,1,107
2,16,107
4,3,107
3,4,107
1,6,107
7,18,108
6,16,108
5,15,108
3,4,108
4,6,108
2,3,108
1,1,108
9,7,109
7,17,109
8,18,109
6,16,109
5,15,109
3,4,109
2,6,109
4,3,109
1,1,109
8,19,110
9,7,110
5,17,110
10,18,110
7,16,110
6,15,110
2,4,110
3,6,110
4,3,110
1,1,110
9,19,111
8,7,111
5,17,111
10,18,111
7,16,111
6,15,111
3,4,111
2,6,111
4,3,111
1,1,111
9,19,112
8,7,112
5,17,112
10,18,112
7,16,112
6,15,112
3,4,112
2,6,112
4,3,112
1,1,112
8,19,113
9,7,113
5,17,113
10,18,113
6,16,113
7,15,113
3,4,113
1,6,113
4,3,113
2,1,113
8,19,114
9,7,114
5,17,114
10,18,114
6,16,114
7,15,114
4,4,114
2,6,114
3,3,114
1,1,114
8,19,115
9,7,115
5,17,115
10,18,115
6,16,115
7,15,115
4,4,115
1,6,115
3,3,115
2,1,115
8,19,116
9,7,116
6,17,116
10,18,116
5,16,116
7,15,116
4,4,116
1,6,116
2,3,116
3,1,116
6,19,117
9,7,117
7,17,117
10,18,117
5,16,117
8,15,117
4,4,117
1,6,117
2,3,117
3,1,117
6,19,118
9,7,118
7,17,118
10,18,118
5,16,118
8,15,118
4,4,118
1,6,118
2,3,118
3,1,118
7,19,119
6,7,119
8,17,119
10,18,119
5,16,119
9,15,119
4,4,119
1,6,119
2,3,119
3,1,119
6,19,120
7,7,120
8,17,120
10,18,120
5,16,120
9,15,120
4,4,120
2,6,120
1,3,120
3,1,120
6,19,121
7,7,121
8,17,121
10,18,121
5,16,121
9,15,121
4,4,121
2,6,121
1,3,121
3,1,121
7,19,122
8,7,122
9,17,122
10,18,122
6,16,122
5,15,122
4,4,122
1,6,122
2,3,122
3,1,122
7,19,123
8,7,123
9,17,123
10,18,123
5,16,123
6,15,123
4,4,123
1,6,123
2,3,123
3,1,123
6,7,124
5,18,124
4,19,124
3,1,124
2,3,124
1,6,124
11,21,125
10,17,125
9,16,125
6,15,125
5,4,125
8,7,125
7,18,125
4,19,125
3,1,125
1,3,125
2,6,125
11,21,126
10,17,126
9,16,126
6,15,126
4,4,126
8,7,126
7,18,126
5,19,126
3,1,126
1,3,126
2,6,126
11,21,127
10,17,127
9,16,127
6,15,127
4,4,127
8,7,127
7,18,127
5,19,127
3,1,127
2,3,127
1,6,127
9,21,128
11,17,128
10,16,128
5,15,128
4,4,128
8,7,128
7,18,128
6,19,128
3,1,128
2,3,128
1,6,128
10,21,129
8,17,129
11,16,129
5,15,129
4,4,129
9,7,129
7,18,129
6,19,129
3,1,129
2,3,129
1,6,129
10,21,130
6,17,130
11,16,130
5,15,130
4,4,130
9,7,130
8,18,130
7,19,130
3,1,130
2,3,130
1,6,130
10,21,131
6,17,131
11,16,131
5,15,131
4,4,131
9,7,131
8,18,131
7,19,131
3,1,131
2,3,131
1,6,131
10,21,132
6,17,132
11,16,132
5,15,132
4,4,132
9,7,132
8,18,132
7,19,132
3,1,132
2,3,132
1,6,132
11,21,133
6,17,133
7,16,133
5,15,133
4,4,133
10,7,133
9,18,133
8,19,133
3,1,133
2,3,133
1,6,133
11,21,134
6,17,134
7,16,134
5,15,134
4,4,134
10,7,134
9,18,134
8,19,134
3,1,134
2,3,134
1,6,134
11,21,135
6,17,135
7,16,135
5,15,135
4,4,135
10,7,135
9,18,135
8,19,135
3,1,135
2,3,135
1,6,135
11,21,136
6,17,136
7,16,136
5,15,136
4,4,136
10,7,136
9,18,136
8,19,136
3,1,136
2,3,136
1,6,136
11,21,137
6,17,137
7,16,137
5,15,137
4,4,137
10,7,137
9,18,137
8,19,137
3,1,137
2,3,137
1,6,137
11,21,138
7,17,138
8,16,138
5,15,138
4,4,138
10,7,138
9,18,138
6,19,138
3,1,138
2,3,138
1,6,138
11,21,139
8,17,139
7,16,139
5,15,139
4,4,139
10,7,139
9,18,139
6,19,139
3,1,139
2,3,139
1,6,139
11,21,140
6,17,140
8,16,140
5,15,140
4,4,140
10,7,140
9,18,140
7,19,140
3,1,140
2,3,140
1,6,140
10,22,141
9,18,141
8,21,141
7,20,141
6,19,141
5,16,141
4,17,141
3,15,141
2,1,141
1,6,141
5,3,142
10,22,142
11,18,142
6,21,142
9,20,142
8,19,142
7,16,142
3,17,142
4,15,142
2,1,142
1,6,142
6,3,143
7,22,143
11,18,143
8,21,143
9,20,143
10,19,143
5,16,143
4,17,143
3,15,143
2,1,143
1,6,143
3,3,144
7,22,144
11,18,144
8,21,144
9,20,144
10,19,144
6,16,144
4,17,144
5,15,144
2,1,144
1,6,144
3,3,145
7,22,145
11,18,145
8,21,145
9,20,145
10,19,145
6,16,145
4,17,145
5,15,145
2,1,145
1,6,145
3,3,146
8,22,146
11,18,146
7,21,146
10,20,146
9,19,146
6,16,146
4,17,146
5,15,146
2,1,146
1,6,146
3,3,147
9,22,147
11,18,147
8,21,147
10,20,147
7,19,147
5,16,147
4,17,147
6,15,147
2,1,147
1,6,147
3,3,148
10,22,148
11,18,148
9,21,148
8,20,148
7,19,148
6,16,148
5,17,148
4,15,148
2,1,148
1,6,148
3,3,149
10,22,149
11,18,149
9,21,149
8,20,149
7,19,149
6,16,149
5,17,149
4,15,149
2,1,149
1,6,149
3,3,150
10,22,150
11,18,150
9,21,150
8,20,150
7,19,150
6,16,150
5,17,150
4,15,150
2,1,150
1,6,150
3,3,151
10,22,151
11,18,151
9,21,151
8,20,151
7,19,151
6,16,151
5,17,151
4,15,151
2,1,151
1,6,151
3,3,152
7,22,152
11,18,152
10,21,152
9,20,152
8,19,152
5,16,152
6,17,152
4,15,152
2,1,152
1,6,152
3,3,153
7,22,153
11,18,153
10,21,153
9,20,153
8,19,153
5,16,153
6,17,153
4,15,153
2,1,153
1,6,153
3,3,154
7,22,154
11,18,154
10,21,154
9,20,154
8,19,154
5,16,154
6,17,154
4,15,154
2,1,154
1,6,154
3,3,155
7,22,155
11,18,155
10,21,155
9,20,155
8,19,155
5,16,155
6,17,155
4,15,155
2,1,155
1,6,155
3,3,156
7,22,156
11,18,156
10,21,156
9,20,156
8,19,156
6,16,156
5,17,156
4,15,156
2,1,156
1,6,156
3,3,157
7,22,157
11,18,157
10,21,157
9,20,157
8,19,157
6,16,157
5,17,157
4,15,157
2,1,157
1,6,157
1,6,158
2,3,158
3,16,158
4,22,158
5,18,158
6,20,158
1,6,159
4,3,159
5,16,159
2,22,159
7,18,159
8,20,159
3,17,159
6,21,159
1,6,160
5,3,160
6,16,160
3,22,160
10,18,160
11,20,160
4,17,160
8,21,160
2,1,160
7,15,160
9,19,160
1,6,161
3,3,161
6,16,161
4,22,161
10,18,161
11,20,161
5,17,161
8,21,161
2,1,161
7,15,161
9,19,161
1,6,162
3,3,162
6,16,162
5,22,162
10,18,162
11,20,162
4,17,162
8,21,162
2,1,162
7,15,162
9,19,162
1,6,163
3,3,163
6,16,163
4,22,163
10,18,163
11,20,163
5,17,163
8,21,163
2,1,163
7,15,163
9,19,163
1,6,164
3,3,164
6,16,164
4,22,164
10,18,164
11,20,164
5,17,164
9,21,164
2,1,164
8,15,164
7,19,164
1,6,165
4,3,165
6,16,165
3,22,165
10,18,165
11,20,165
5,17,165
9,21,165
2,1,165
8,15,165
7,19,165
1,6,166
4,3,166
6,16,166
3,22,166
10,18,166
11,20,166
5,17,166
9,21,166
2,1,166
8,15,166
7,19,166
2,6,167
3,3,167
5,16,167
4,22,167
10,18,167
11,20,167
6,17,167
9,21,167
1,1,167
7,15,167
8,19,167
2,6,168
3,3,168
5,16,168
4,22,168
10,18,168
11,20,168
6,17,168
8,21,168
1,1,168
7,15,168
9,19,168
2,6,169
3,3,169
6,16,169
4,22,169
10,18,169
11,20,169
5,17,169
8,21,169
1,1,169
7,15,169
9,19,169
2,6,170
3,3,170
6,16,170
4,22,170
10,18,170
11,20,170
5,17,170
8,21,170
1,1,170
7,15,170
9,19,170
2,6,171
3,3,171
6,16,171
4,22,171
10,18,171
11,20,171
5,17,171
7,21,171
1,1,171
8,15,171
9,19,171
1,6,172
3,3,172
6,16,172
4,22,172
10,18,172
11,20,172
5,17,172
7,21,172
2,1,172
8,15,172
9,19,172
1,6,173
3,3,173
5,16,173
4,22,173
10,18,173
11,20,173
6,17,173
7,21,173
2,1,173
8,15,173
9,19,173
1,6,174
3,3,174
5,16,174
4,22,174
10,18,174
11,20,174
6,17,174
7,21,174
2,1,174
8,15,174
9,19,174
1,4,74
6,21,175
5,24,175
4,22,175
3,3,175
2,17,175
1,6,175
10,16,177
9,18,176
8,20,176
2,1,176
7,21,176
6,24,176
5,22,176
4,3,176
3,17,176
9,15,177
11,18,177
8,20,177
2,1,177
7,21,177
5,24,177
6,22,177
4,3,177
3,17,177
1,6,177
1,6,176
10,16,178
9,15,178
11,18,178
8,20,178
2,1,178
7,21,178
6,24,178
4,22,178
5,3,178
3,17,178
1,6,178
10,16,179
9,15,179
11,18,179
7,20,179
2,1,179
8,21,179
6,24,179
5,22,179
4,3,179
3,17,179
1,6,179
10,16,180
8,15,180
11,18,180
7,20,180
2,1,180
9,21,180
6,24,180
4,22,180
5,3,180
3,17,180
1,6,180
10,16,181
8,15,181
11,18,181
7,20,181
2,1,181
9,21,181
6,24,181
5,22,181
4,3,181
3,17,181
1,6,181
10,16,182
7,15,182
11,18,182
8,20,182
2,1,182
9,21,182
6,24,182
5,22,182
4,3,182
3,17,182
1,6,182
10,16,183
7,15,183
11,18,183
8,20,183
2,1,183
9,21,183
6,24,183
5,22,183
4,3,183
3,17,183
1,6,183
10,16,184
7,15,184
11,18,184
8,20,184
2,1,184
9,21,184
6,24,184
5,22,184
4,3,184
3,17,184
1,6,184
10,16,185
7,15,185
11,18,185
8,20,185
2,1,185
9,21,185
6,24,185
5,22,185
4,3,185
3,17,185
1,6,185
10,16,186
7,15,186
11,18,186
8,20,186
1,1,186
9,21,186
6,24,186
5,22,186
4,3,186
3,17,186
2,6,186
10,16,187
7,15,187
11,18,187
8,20,187
1,1,187
9,21,187
5,24,187
6,22,187
4,3,187
3,17,187
2,6,187
11,16,188
8,15,188
10,18,188
7,20,188
1,1,188
9,21,188
5,24,188
6,22,188
4,3,188
3,17,188
2,6,188
11,16,189
8,15,189
10,18,189
7,20,189
2,1,189
9,21,189
4,24,189
6,22,189
5,3,189
3,17,189
1,6,189
11,16,190
8,15,190
10,18,190
7,20,190
2,1,190
9,21,190
4,24,190
6,22,190
5,3,190
3,17,190
1,6,190
1,1,191
2,3,191
3,6,191
4,15,191
5,22,191
6,17,191
7,20,191
1,1,192
2,3,192
3,6,192
5,15,192
4,22,192
6,17,192
7,20,192
8,24,192
1,1,193
3,3,193
2,6,193
5,15,193
4,22,193
6,17,193
7,20,193
8,24,193
9,25,193
10,18,193
1,1,194
3,3,194
2,6,194
5,15,194
4,22,194
6,17,194
8,20,194
10,24,194
11,25,194
7,18,194
9,21,194
1,1,195
3,3,195
2,6,195
5,15,195
4,22,195
7,17,195
9,20,195
6,24,195
11,25,195
8,18,195
10,21,195
1,1,196
4,3,196
2,6,196
6,15,196
3,22,196
8,17,196
10,20,196
7,24,196
11,25,196
9,18,196
5,21,196
1,1,197
4,3,197
2,6,197
7,15,197
3,22,197
8,17,197
11,20,197
5,24,197
10,25,197
9,18,197
6,21,197
1,1,198
4,3,198
2,6,198
7,15,198
3,22,198
8,17,198
11,20,198
5,24,198
10,25,198
9,18,198
6,21,198
1,1,199
4,3,199
2,6,199
7,15,199
3,22,199
8,17,199
11,20,199
5,24,199
10,25,199
9,18,199
6,21,199
1,1,200
4,3,200
2,6,200
7,15,200
3,22,200
8,17,200
11,20,200
5,24,200
10,25,200
9,18,200
6,21,200
1,1,201
4,3,201
2,6,201
8,15,201
3,22,201
5,17,201
11,20,201
6,24,201
10,25,201
9,18,201
7,21,201
1,1,202
4,3,202
2,6,202
8,15,202
3,22,202
5,17,202
11,20,202
6,24,202
10,25,202
9,18,202
7,21,202
1,1,203
3,3,203
2,6,203
6,15,203
4,22,203
5,17,203
9,20,203
8,24,203
11,25,203
10,18,203
7,21,203
1,1,204
3,3,204
2,6,204
6,15,204
4,22,204
5,17,204
9,20,204
8,24,204
11,25,204
10,18,204
7,21,204
1,1,205
3,3,205
2,6,205
6,15,205
4,22,205
5,17,205
9,20,205
8,24,205
11,25,205
10,18,205
7,21,205
1,1,206
3,3,206
2,6,206
6,15,206
5,22,206
4,17,206
9,20,206
8,24,206
11,25,206
10,18,206
7,21,206
8,21,207
7,18,207
6,3,207
5,15,207
4,20,207
3,22,207
2,6,207
1,1,207
10,25,208
7,17,208
9,21,208
8,18,208
2,3,208
6,15,208
5,20,208
3,22,208
4,6,208
1,1,208
11,24,209
8,25,209
6,17,209
10,21,209
9,18,209
1,3,209
7,15,209
5,20,209
4,22,209
3,6,209
2,1,209
11,24,210
8,25,210
5,17,210
10,21,210
9,18,210
1,3,210
7,15,210
6,20,210
4,22,210
2,6,210
3,1,210
7,24,211
9,25,211
6,17,211
11,21,211
10,18,211
2,3,211
8,15,211
5,20,211
4,22,211
1,6,211
3,1,211
12,26,212
6,17,212
9,25,212
7,24,212
11,21,212
10,18,212
2,3,212
8,15,212
5,20,212
4,22,212
1,6,212
3,1,212
12,26,213
6,17,213
9,25,213
8,24,213
10,21,213
11,18,213
2,3,213
7,15,213
5,20,213
3,22,213
1,6,213
4,1,213
12,26,214
6,17,214
9,25,214
8,24,214
10,21,214
11,18,214
2,3,214
7,15,214
5,20,214
3,22,214
1,6,214
4,1,214
12,26,215
6,17,215
9,25,215
8,24,215
10,21,215
11,18,215
2,3,215
7,15,215
5,20,215
3,22,215
1,6,215
4,1,215
12,26,216
6,17,216
9,25,216
8,24,216
10,21,216
11,18,216
2,3,216
7,15,216
5,20,216
3,22,216
1,6,216
4,1,216
12,26,217
6,17,217
10,25,217
9,24,217
8,21,217
11,18,217
2,3,217
7,15,217
5,20,217
3,22,217
1,6,217
4,1,217
12,26,218
5,17,218
10,25,218
9,24,218
8,21,218
11,18,218
2,3,218
7,15,218
6,20,218
3,22,218
1,6,218
4,1,218
12,26,219
5,17,219
10,25,219
9,24,219
8,21,219
11,18,219
2,3,219
7,15,219
6,20,219
3,22,219
1,6,219
4,1,219
12,26,220
5,17,220
10,25,220
9,24,220
8,21,220
11,18,220
1,3,220
7,15,220
6,20,220
3,22,220
2,6,220
4,1,220
12,26,221
5,17,221
10,25,221
9,24,221
8,21,221
11,18,221
1,3,221
7,15,221
6,20,221
3,22,221
2,6,221
4,1,221
12,26,222
5,17,222
10,25,222
9,24,222
8,21,222
11,18,222
1,3,222
7,15,222
6,20,222
3,22,222
2,6,222
4,1,222
12,26,223
5,17,223
10,25,223
9,24,223
8,21,223
11,18,223
1,3,223
7,15,223
6,20,223
3,22,223
2,6,223
4,1,223
1,3,224
2,6,224
3,22,224
4,1,224
5,25,224
6,27,224
7,15,224
8,29,224
1,3,225
3,6,225
2,22,225
4,1,225
5,25,225
6,27,225
7,15,225
8,29,225
9,18,225
10,28,225
11,17,225
1,3,226
3,6,226
2,22,226
4,1,226
6,25,226
7,27,226
9,15,226
8,29,226
11,18,226
10,28,226
5,17,226
1,3,227
2,6,227
3,22,227
4,1,227
6,25,227
7,27,227
9,15,227
8,29,227
11,18,227
10,28,227
5,17,227
1,3,228
2,6,228
3,22,228
4,1,228
6,25,228
7,27,228
9,15,228
8,29,228
10,18,228
11,28,228
5,17,228
1,3,229
2,6,229
3,22,229
4,1,229
8,25,229
5,27,229
7,15,229
9,29,229
10,18,229
11,28,229
6,17,229
1,3,230
2,6,230
3,22,230
4,1,230
8,25,230
5,27,230
6,15,230
9,29,230
10,18,230
11,28,230
7,17,230
1,3,231
2,6,231
3,22,231
4,1,231
8,25,231
5,27,231
6,15,231
9,29,231
10,18,231
11,28,231
7,17,231
1,3,232
2,6,232
3,22,232
4,1,232
8,25,232
5,27,232
6,15,232
9,29,232
10,18,232
11,28,232
7,17,232
1,3,233
3,6,233
2,22,233
4,1,233
8,25,233
6,27,233
7,15,233
9,29,233
10,18,233
11,28,233
5,17,233
1,3,234
3,6,234
2,22,234
4,1,234
8,25,234
6,27,234
7,15,234
9,29,234
10,18,234
11,28,234
5,17,234
1,3,235
3,6,235
2,22,235
4,1,235
8,25,235
6,27,235
7,15,235
9,29,235
10,18,235
11,28,235
5,17,235
1,3,236
3,6,236
2,22,236
4,1,236
8,25,236
6,27,236
7,15,236
9,29,236
10,18,236
11,28,236
5,17,236
1,3,237
3,6,237
2,22,237
4,1,237
8,25,237
6,27,237
7,15,237
9,29,237
10,18,237
11,28,237
5,17,237
1,3,238
3,6,238
2,22,238
4,1,238
8,25,238
6,27,238
7,15,238
9,29,238
10,18,238
11,28,238
5,17,238
1,3,239
2,6,239
3,22,239
4,1,239
8,25,239
6,27,239
7,15,239
9,29,239
10,18,239
11,28,239
5,17,239
8,28,240
7,30,240
6,27,240
5,25,240
4,1,240
3,6,240
2,3,240
1,22,240
9,31,241
5,15,241
10,28,241
8,30,241
6,27,241
7,25,241
4,1,241
3,6,241
2,3,241
1,22,241
13,29,242
12,18,242
8,17,242
10,31,242
5,15,242
11,28,242
9,30,242
6,27,242
7,25,242
4,1,242
2,6,242
1,3,242
3,22,242
12,29,243
13,18,243
6,17,243
9,31,243
5,15,243
11,28,243
10,30,243
7,27,243
8,25,243
4,1,243
3,6,243
2,3,243
1,22,243
8,29,245
10,29,244
9,18,244
6,17,244
11,31,244
5,15,244
13,28,244
12,30,244
7,27,244
10,18,245
8,25,244
4,1,244
3,6,244
2,3,244
1,22,244
4,17,245
11,31,245
7,15,245
13,28,245
12,30,245
6,27,245
9,25,245
5,1,245
2,6,245
3,3,245
1,22,245
8,29,246
10,18,246
4,17,246
11,31,246
7,15,246
13,28,246
12,30,246
6,27,246
9,25,246
5,1,246
3,6,246
2,3,246
1,22,246
8,29,247
10,18,247
4,17,247
11,31,247
7,15,247
13,28,247
12,30,247
5,27,247
9,25,247
6,1,247
3,6,247
2,3,247
1,22,247
8,29,248
10,18,248
4,17,248
12,31,248
7,15,248
13,28,248
11,30,248
5,27,248
9,25,248
6,1,248
3,6,248
2,3,248
1,22,248
8,29,249
10,18,249
4,17,249
12,31,249
7,15,249
13,28,249
11,30,249
5,27,249
9,25,249
6,1,249
3,6,249
2,3,249
1,22,249
8,29,250
10,18,250
5,17,250
12,31,250
7,15,250
13,28,250
11,30,250
4,27,250
9,25,250
6,1,250
3,6,250
2,3,250
1,22,250
9,29,251
10,18,251
7,17,251
13,31,251
5,15,251
12,28,251
11,30,251
6,27,251
8,25,251
4,1,251
3,6,251
2,3,251
1,22,251
9,29,252
10,18,252
7,17,252
13,31,252
5,15,252
12,28,252
11,30,252
6,27,252
8,25,252
4,1,252
3,6,252
2,3,252
1,22,252
9,29,253
10,18,253
5,17,253
13,31,253
6,15,253
12,28,253
11,30,253
7,27,253
8,25,253
4,1,253
3,6,253
2,3,253
1,22,253
9,29,254
10,18,254
5,17,254
13,31,254
6,15,254
12,28,254
11,30,254
7,27,254
8,25,254
4,1,254
3,6,254
2,3,254
1,22,254
9,29,255
10,18,255
5,17,255
13,31,255
7,15,255
12,28,255
11,30,255
6,27,255
8,25,255
4,1,255
3,6,255
2,3,255
1,22,255
8,29,256
10,18,256
6,17,256
13,31,256
7,15,256
11,28,256
12,30,256
5,27,256
9,25,256
4,1,256
3,6,256
2,3,256
1,22,256
11,31,257
10,27,257
9,33,257
8,18,257
7,32,257
6,15,257
5,25,257
4,17,257
3,6,257
2,3,257
1,22,257
13,1,258
12,31,258
11,27,258
8,33,258
10,18,258
9,32,258
6,15,258
7,25,258
3,17,258
2,6,258
4,3,258
1,22,258
8,29,259
6,1,259
13,31,259
12,27,259
9,33,259
11,18,259
10,32,259
5,15,259
7,25,259
4,17,259
2,6,259
3,3,259
1,22,259
8,29,260
3,1,260
13,31,260
12,27,260
9,33,260
10,18,260
11,32,260
6,15,260
7,25,260
4,17,260
2,6,260
5,3,260
1,22,260
8,29,261
5,1,261
13,31,261
12,27,261
10,33,261
9,18,261
11,32,261
7,15,261
6,25,261
4,17,261
2,6,261
3,3,261
1,22,261
8,29,262
5,1,262
13,31,262
12,27,262
10,33,262
9,18,262
11,32,262
7,15,262
6,25,262
4,17,262
2,6,262
3,3,262
1,22,262
9,29,263
5,1,263
13,31,263
12,27,263
10,33,263
8,18,263
11,32,263
6,15,263
7,25,263
4,17,263
2,6,263
3,3,263
1,22,263
9,29,264
4,1,264
13,31,264
12,27,264
10,33,264
8,18,264
11,32,264
6,15,264
7,25,264
5,17,264
3,6,264
2,3,264
1,22,264
9,29,265
4,1,265
13,31,265
6,27,265
11,33,265
10,18,265
12,32,265
7,15,265
8,25,265
5,17,265
2,6,265
3,3,265
1,22,265
9,29,266
4,1,266
13,31,266
6,27,266
11,33,266
10,18,266
12,32,266
8,15,266
7,25,266
5,17,266
2,6,266
3,3,266
1,22,266
9,29,267
4,1,267
13,31,267
7,27,267
11,33,267
10,18,267
12,32,267
8,15,267
6,25,267
5,17,267
3,6,267
2,3,267
1,22,267
9,29,268
4,1,268
13,31,268
7,27,268
11,33,268
10,18,268
12,32,268
8,15,268
6,25,268
5,17,268
3,6,268
2,3,268
1,22,268
9,29,269
4,1,269
13,31,269
7,27,269
11,33,269
10,18,269
12,32,269
8,15,269
6,25,269
5,17,269
3,6,269
1,3,269
2,22,269
9,29,270
4,1,270
13,31,270
7,27,270
11,33,270
10,18,270
12,32,270
8,15,270
6,25,270
5,17,270
3,6,270
2,3,270
1,22,270
9,29,271
4,1,271
13,31,271
8,27,271
11,33,271
10,18,271
12,32,271
7,15,271
6,25,271
5,17,271
3,6,271
1,3,271
2,22,271
9,29,272
4,1,272
13,31,272
6,27,272
11,33,272
10,18,272
12,32,272
8,15,272
7,25,272
5,17,272
3,6,272
1,3,272
2,22,272
7,29,273
6,6,273
5,15,273
4,18,273
3,27,273
2,1,273
1,3,273
11,26,274
10,33,274
5,32,274
4,22,274
9,29,274
8,6,274
7,15,274
6,18,274
3,27,274
1,1,274
2,3,274
11,17,275
12,26,275
9,33,275
3,32,275
4,22,275
10,29,275
8,6,275
7,15,275
6,18,275
5,27,275
1,1,275
2,3,275
12,17,276
11,26,276
8,33,276
5,32,276
3,22,276
10,29,276
9,6,276
6,15,276
7,18,276
4,27,276
2,1,276
1,3,276
12,17,277
11,26,277
8,33,277
5,32,277
3,22,277
10,29,277
9,6,277
6,15,277
7,18,277
4,27,277
2,1,277
1,3,277
13,25,278
12,17,278
11,26,278
9,33,278
5,32,278
3,22,278
10,29,278
7,6,278
8,15,278
6,18,278
4,27,278
2,1,278
1,3,278
13,25,280
11,17,280
13,25,279
12,17,279
11,26,279
9,33,279
6,32,279
3,22,279
10,29,279
5,6,279
8,15,279
7,18,279
4,27,279
2,1,279
1,3,279
12,26,280
9,33,280
6,32,280
3,22,280
10,29,280
5,6,280
8,15,280
7,18,280
4,27,280
2,1,280
1,3,280
13,25,281
11,17,281
12,26,281
9,33,281
5,32,281
3,22,281
10,29,281
6,6,281
8,15,281
7,18,281
4,27,281
2,1,281
1,3,281
13,25,282
11,17,282
12,26,282
9,33,282
6,32,282
3,22,282
10,29,282
5,6,282
8,15,282
7,18,282
4,27,282
2,1,282
1,3,282
13,25,283
11,17,283
12,26,283
10,33,283
6,32,283
3,22,283
9,29,283
5,6,283
8,15,283
7,18,283
4,27,283
2,1,283
1,3,283
13,25,284
11,17,284
12,26,284
10,33,284
6,32,284
2,22,284
9,29,284
5,6,284
8,15,284
7,18,284
4,27,284
3,1,284
1,3,284
13,25,285
11,17,285
12,26,285
10,33,285
6,32,285
2,22,285
9,29,285
5,6,285
7,15,285
8,18,285
4,27,285
3,1,285
1,3,285
13,25,286
11,17,286
12,26,286
10,33,286
6,32,286
2,22,286
9,29,286
4,6,286
7,15,286
8,18,286
5,27,286
3,1,286
1,3,286
13,25,287
11,17,287
12,26,287
10,33,287
6,32,287
3,22,287
9,29,287
4,6,287
7,15,287
8,18,287
5,27,287
2,1,287
1,3,287
13,25,288
11,17,288
12,26,288
10,33,288
6,32,288
3,22,288
9,29,288
4,6,288
7,15,288
8,18,288
5,27,288
2,1,288
1,3,288
8,33,289
6,29,289
9,34,289
7,17,289
5,27,289
4,32,289
3,22,289
2,1,289
1,3,289
1,3,290
2,1,290
3,22,290
5,32,290
6,27,290
7,29,290
10,17,290
9,33,290
11,34,290
4,25,290
8,35,290
1,3,291
3,1,291
2,22,291
6,32,291
8,27,291
7,29,291
12,17,291
11,33,291
13,34,291
5,25,291
10,35,291
4,6,291
9,18,291
1,3,293
11,37,292
10,18,292
4,6,292
8,35,292
6,25,292
2,22,292
7,32,292
9,27,292
5,29,292
13,17,292
12,33,292
14,34,292
3,1,292
1,3,292
3,1,293
2,22,293
7,32,293
9,27,293
5,29,293
10,17,293
13,33,293
14,34,293
6,25,293
8,35,293
4,6,293
11,18,293
12,37,293
1,3,294
2,1,294
3,22,294
7,32,294
11,27,294
5,29,294
12,17,294
9,33,294
14,34,294
6,25,294
8,35,294
4,6,294
10,18,294
13,37,294
1,3,295
2,1,295
3,22,295
8,32,295
10,27,295
5,29,295
13,17,295
11,33,295
14,34,295
6,25,295
9,35,295
4,6,295
12,18,295
7,37,295
1,3,296
2,1,296
3,22,296
5,32,296
9,27,296
6,29,296
13,17,296
11,33,296
14,34,296
7,25,296
10,35,296
4,6,296
12,18,296
8,37,296
1,3,297
3,1,297
2,22,297
5,32,297
9,27,297
6,29,297
13,17,297
11,33,297
14,34,297
7,25,297
10,35,297
4,6,297
12,18,297
8,37,297
15,36,297
1,3,298
3,1,298
2,22,298
5,32,298
8,27,298
6,29,298
13,17,298
11,33,298
14,34,298
7,25,298
10,35,298
4,6,298
12,18,298
9,37,298
15,36,298
1,3,299
2,1,299
3,22,299
5,32,299
8,27,299
6,29,299
13,17,299
11,33,299
14,34,299
7,25,299
10,35,299
4,6,299
12,18,299
9,37,299
15,36,299
1,3,300
3,1,300
2,22,300
5,32,300
8,27,300
6,29,300
13,17,300
11,33,300
15,34,300
7,25,300
10,35,300
4,6,300
12,18,300
9,37,300
14,36,300
1,3,301
3,1,301
2,22,301
5,32,301
8,27,301
6,29,301
13,17,301
11,33,301
15,34,301
7,25,301
10,35,301
4,6,301
12,18,301
9,37,301
14,36,301
1,3,302
2,1,302
3,22,302
5,32,302
8,27,302
6,29,302
13,17,302
11,33,302
15,34,302
7,25,302
10,35,302
4,6,302
12,18,302
9,37,302
14,36,302
1,3,303
2,1,303
3,22,303
5,32,303
8,27,303
7,29,303
13,17,303
12,33,303
15,34,303
6,25,303
10,35,303
4,6,303
11,18,303
9,37,303
14,36,303
1,3,304
2,1,304
3,22,304
5,32,304
8,27,304
7,29,304
11,17,304
13,33,304
15,34,304
6,25,304
10,35,304
4,6,304
12,18,304
9,37,304
14,36,304
18,36,305
17,42,305
16,35,305
15,27,305
14,41,305
13,29,305
12,3,305
11,32,305
10,34,305
9,17,305
17,36,306
18,42,306
14,35,306
12,27,306
16,41,306
15,29,306
3,3,306
10,32,306
13,34,306
11,17,306
8,18,306
9,39,306
7,40,306
6,33,306
17,26,307
18,36,307
19,42,307
6,35,307
11,27,307
15,41,307
16,29,307
3,3,307
8,32,307
12,34,307
14,17,307
7,18,307
13,39,307
10,40,307
9,33,307
15,26,308
18,36,308
19,42,308
5,35,308
10,27,308
16,41,308
17,29,308
3,3,308
8,32,308
13,34,308
12,17,308
7,18,308
14,39,308
11,40,308
9,33,308
6,25,308
15,26,309
18,36,309
19,42,309
6,35,309
11,27,309
16,41,309
17,29,309
3,3,309
9,32,309
13,34,309
7,17,309
8,18,309
14,39,309
12,40,309
10,33,309
5,25,309
10,26,310
18,36,310
19,42,310
7,35,310
12,27,310
16,41,310
17,29,310
2,3,310
9,32,310
14,34,310
6,17,310
8,18,310
15,39,310
13,40,310
11,33,310
5,25,310
10,26,311
18,36,311
19,42,311
7,35,311
12,27,311
14,41,311
17,29,311
2,3,311
9,32,311
15,34,311
6,17,311
8,18,311
16,39,311
13,40,311
11,33,311
5,25,311
10,26,312
18,36,312
19,42,312
7,35,312
12,27,312
14,41,312
17,29,312
2,3,312
9,32,312
15,34,312
6,17,312
8,18,312
16,39,312
13,40,312
11,33,312
5,25,312
10,26,313
18,36,313
19,42,313
7,35,313
12,27,313
14,41,313
17,29,313
1,3,313
9,32,313
15,34,313
5,17,313
8,18,313
16,39,313
13,40,313
11,33,313
6,25,313
11,26,314
18,36,314
19,42,314
7,35,314
13,27,314
10,41,314
17,29,314
2,3,314
9,32,314
15,34,314
5,17,314
8,18,314
16,39,314
14,40,314
12,33,314
6,25,314
17,36,315
19,42,315
7,35,315
14,27,315
10,41,315
18,29,315
2,3,315
9,32,315
11,34,315
5,17,315
8,18,315
16,39,315
15,40,315
13,33,315
6,25,315
4,22,315
17,36,316
19,42,316
7,35,316
14,27,316
10,41,316
18,29,316
2,3,316
9,32,316
11,34,316
5,17,316
8,18,316
16,39,316
15,40,316
13,33,316
6,25,316
4,22,316
12,26,317
17,36,317
19,42,317
8,35,317
14,27,317
10,41,317
18,29,317
2,3,317
9,32,317
11,34,317
5,17,317
7,18,317
16,39,317
15,40,317
13,33,317
6,25,317
4,22,317
3,6,317
12,26,318
17,36,318
19,42,318
8,35,318
14,27,318
10,41,318
18,29,318
1,3,318
9,32,318
11,34,318
5,17,318
7,18,318
16,39,318
15,40,318
13,33,318
6,25,318
4,22,318
3,6,318
12,26,319
17,36,319
19,42,319
8,35,319
14,27,319
11,41,319
18,29,319
2,3,319
9,32,319
10,34,319
5,17,319
7,18,319
16,39,319
15,40,319
13,33,319
6,25,319
4,22,319
3,6,319
12,26,320
17,36,320
19,42,320
8,35,320
14,27,320
11,41,320
18,29,320
2,3,320
9,32,320
10,34,320
5,17,320
7,18,320
16,39,320
15,40,320
13,33,320
6,25,320
4,22,320
3,6,320
10,41,321
9,44,321
8,21,321
7,33,321
6,18,321
5,34,321
4,22,321
3,3,321
2,25,321
1,1,321
12,35,322
16,45,322
2,6,322
13,41,322
11,44,322
9,21,322
8,33,322
7,18,322
6,34,322
5,22,322
4,3,322
3,25,322
1,1,322
10,27,323
7,32,323
14,35,323
16,45,323
3,6,323
15,41,323
13,44,323
11,21,323
9,33,323
8,18,323
6,34,323
4,22,323
2,3,323
5,25,323
1,1,323
12,27,324
9,32,324
14,35,324
16,45,324
3,6,324
15,41,324
13,44,324
6,21,324
8,33,324
10,18,324
7,34,324
5,22,324
2,3,324
4,25,324
1,1,324
11,46,325
12,27,325
8,32,325
16,35,325
14,45,325
2,6,325
13,41,325
15,44,325
7,21,325
9,33,325
10,18,325
6,34,325
4,22,325
3,3,325
5,25,325
1,1,325
11,46,326
12,27,326
8,32,326
14,35,326
15,45,326
2,6,326
13,41,326
16,44,326
7,21,326
9,33,326
10,18,326
6,34,326
4,22,326
3,3,326
5,25,326
1,1,326
17,39,327
12,46,327
13,27,327
10,32,327
14,35,327
15,45,327
2,6,327
6,41,327
16,44,327
8,21,327
9,33,327
11,18,327
7,34,327
3,22,327
4,3,327
5,25,327
1,1,327
17,39,328
12,46,328
13,27,328
10,32,328
14,35,328
15,45,328
2,6,328
6,41,328
16,44,328
8,21,328
7,33,328
11,18,328
9,34,328
4,22,328
3,3,328
5,25,328
1,1,328
17,39,329
12,46,329
13,27,329
10,32,329
14,35,329
15,45,329
2,6,329
6,41,329
16,44,329
8,21,329
7,33,329
11,18,329
9,34,329
3,22,329
4,3,329
5,25,329
1,1,329
15,39,330
12,46,330
13,27,330
8,32,330
14,35,330
16,45,330
2,6,330
6,41,330
17,44,330
9,21,330
7,33,330
11,18,330
10,34,330
4,22,330
3,3,330
5,25,330
1,1,330
16,39,331
12,46,331
13,27,331
8,32,331
14,35,331
15,45,331
2,6,331
6,41,331
17,44,331
9,21,331
7,33,331
11,18,331
10,34,331
4,22,331
3,3,331
5,25,331
1,1,331
16,39,332
12,46,332
13,27,332
8,32,332
14,35,332
15,45,332
2,6,332
6,41,332
17,44,332
9,21,332
7,33,332
11,18,332
10,34,332
4,22,332
3,3,332
5,25,332
1,1,332
16,39,333
12,46,333
13,27,333
8,32,333
14,35,333
15,45,333
2,6,333
6,41,333
17,44,333
9,21,333
7,33,333
11,18,333
10,34,333
4,22,333
3,3,333
5,25,333
1,1,333
14,39,334
13,46,334
11,27,334
8,32,334
15,35,334
16,45,334
2,6,334
6,41,334
17,44,334
9,21,334
7,33,334
12,18,334
10,34,334
4,22,334
3,3,334
5,25,334
1,1,334
14,39,335
13,46,335
11,27,335
8,32,335
15,35,335
16,45,335
2,6,335
7,41,335
17,44,335
9,21,335
6,33,335
12,18,335
10,34,335
3,22,335
4,3,335
5,25,335
1,1,335
14,39,336
13,46,336
11,27,336
8,32,336
15,35,336
16,45,336
2,6,336
7,41,336
17,44,336
9,21,336
6,33,336
12,18,336
10,34,336
3,22,336
4,3,336
5,25,336
1,1,336
9,6,1
7,2,1
8,9,1
6,10,1
5,5,1
4,3,1
3,4,1
2,7,1
1,23,1
10,6,2
7,9,2
3,2,2
9,10,2
6,5,2
5,3,2
4,4,2
2,7,2
8,1,2
1,23,2
11,1,36
11,1,37
1,6,37
1,6,39
1,6,40
1,6,41
1,6,42
1,6,43
1,6,44
1,6,45
1,6,46
1,6,47
1,6,48
1,6,49
1,6,50
1,6,51
1,6,52
11,6,321
12,45,321
13,35,321
14,32,321
15,27,321
16,46,321
17,39,321
18,47,321
19,42,321
14,32,322
10,27,322
17,46,322
15,39,322
19,47,322
18,42,322
12,46,323
17,39,323
19,47,323
18,42,323
11,46,324
17,39,324
19,47,324
18,42,324
17,39,325
19,47,325
18,42,325
17,39,326
19,47,326
18,42,326
19,47,327
18,42,327
19,47,328
18,42,328
19,47,329
18,42,329
19,47,330
18,42,330
19,47,331
18,42,331
19,47,332
18,42,332
19,47,333
18,42,333
19,47,334
18,42,334
19,47,335
18,42,335
19,47,336
18,42,336
8,18,305
7,39,305
6,40,305
5,33,305
3,25,305
4,22,305
2,6,305
1,1,305
5,25,306
4,22,306
2,6,306
1,1,306
5,25,307
4,22,307
2,6,307
1,1,307
4,22,308
2,6,308
1,1,308
2,22,309
4,6,309
1,1,309
3,22,310
1,1,310
4,6,310
4,22,311
1,1,311
3,6,311
4,22,312
1,1,312
3,6,312
4,22,313
2,1,313
3,6,313
4,22,314
1,1,314
3,6,314
3,6,315
1,1,315
3,6,316
1,1,316
1,1,317
2,1,318
1,1,319
1,1,320
12,26,315
12,26,316
2,9,3
7,5,3
10,10,3
9,6,3
5,2,3
8,3,3
6,4,3
3,7,3
4,1,3
1,23,3
2,9,4
6,2,4
10,10,4
7,5,4
5,4,4
4,1,4
3,7,4
9,6,4
8,3,4
1,23,4
1,23,5
4,1,5
3,7,5
5,4,5
8,3,5
9,5,5
10,10,5
6,2,5
2,9,5
7,6,5
10,10,6
8,2,6
3,7,6
4,6,6
2,9,6
9,5,6
7,3,6
6,4,6
5,1,6
1,23,6
4,6,7
8,2,7
9,5,7
7,4,7
5,1,7
3,7,7
1,23,7
2,9,7
6,3,7
10,10,7
4,6,8
8,2,8
9,5,8
7,4,8
6,1,8
3,7,8
1,23,8
2,9,8
5,3,8
10,10,8
1,23,9
6,1,9
3,7,9
7,4,9
5,3,9
9,5,9
10,10,9
8,2,9
2,9,9
4,6,9
1,23,10
5,1,10
4,7,10
7,4,10
6,3,10
9,5,10
10,10,10
8,2,10
2,9,10
3,6,10
1,23,11
4,1,11
5,7,11
7,4,11
6,3,11
9,5,11
10,10,11
8,2,11
2,9,11
3,6,11
1,23,12
4,1,12
5,7,12
8,4,12
6,3,12
10,5,12
9,10,12
7,2,12
2,9,12
3,6,12
1,23,13
4,1,13
5,7,13
8,4,13
6,3,13
10,5,13
9,10,13
7,2,13
2,9,13
3,6,13
1,23,14
4,1,14
5,7,14
7,4,14
6,3,14
10,5,14
9,10,14
8,2,14
2,9,14
3,6,14
3,6,15
2,9,15
9,10,15
10,5,15
6,3,15
4,1,15
5,7,15
1,23,15
8,2,15
7,4,15
1,23,16
3,1,16
5,7,16
8,4,16
6,3,16
10,5,16
9,10,16
7,2,16
2,9,16
4,6,16
1,6,356
2,1,356
3,37,356
4,22,356
5,21,356
6,25,356
7,32,356
8,27,356
9,33,356
10,35,356
11,48,356
12,3,356
13,49,356
14,34,356
18,45,356
15,18,356
16,44,356
17,42,356
19,39,356
20,46,356
2,6,357
1,1,357
4,37,357
3,22,357
5,21,357
7,25,357
9,32,357
11,27,357
12,33,357
8,35,357
14,48,357
6,3,357
17,49,357
15,34,357
13,45,357
16,18,357
18,44,357
19,42,357
10,39,357
20,46,357
2,6,358
1,1,358
5,37,358
3,22,358
6,21,358
9,25,358
10,32,358
12,27,358
13,33,358
7,35,358
15,48,358
8,3,358
17,49,358
4,34,358
14,45,358
16,18,358
19,44,358
18,42,358
11,39,358
20,46,358
3,6,359
1,1,359
7,37,359
2,22,359
8,21,359
5,25,359
12,32,359
11,27,359
14,33,359
9,35,359
13,48,359
4,3,359
17,49,359
6,34,359
15,45,359
16,18,359
20,44,359
18,42,359
10,39,359
19,46,359
4,6,360
1,1,360
8,37,360
3,22,360
5,21,360
6,25,360
13,32,360
12,27,360
14,33,360
9,35,360
10,48,360
2,3,360
18,49,360
7,34,360
15,45,360
17,18,360
20,44,360
19,42,360
11,39,360
16,46,360
4,6,361
1,1,361
9,37,361
3,22,361
6,21,361
7,25,361
10,32,361
12,27,361
15,33,361
5,35,361
11,48,361
2,3,361
19,49,361
8,34,361
14,45,361
18,18,361
20,44,361
16,42,361
13,39,361
17,46,361
3,6,362
1,1,362
9,37,362
4,22,362
7,21,362
5,25,362
10,32,362
12,27,362
15,33,362
6,35,362
11,48,362
2,3,362
19,49,362
8,34,362
16,45,362
18,18,362
20,44,362
17,42,362
14,39,362
13,46,362
3,6,363
1,1,363
10,37,363
4,22,363
7,21,363
5,25,363
8,32,363
12,27,363
16,33,363
6,35,363
11,48,363
2,3,363
19,49,363
9,34,363
17,45,363
13,18,363
20,44,363
18,42,363
15,39,363
14,46,363
3,6,364
1,1,364
10,37,364
4,22,364
6,21,364
5,25,364
8,32,364
12,27,364
16,33,364
7,35,364
11,48,364
2,3,364
19,49,364
9,34,364
17,45,364
13,18,364
20,44,364
18,42,364
15,39,364
14,46,364
3,6,365
1,1,365
10,37,365
4,22,365
5,21,365
6,25,365
7,32,365
12,27,365
16,33,365
8,35,365
11,48,365
2,3,365
19,49,365
9,34,365
17,45,365
13,18,365
20,44,365
18,42,365
15,39,365
14,46,365
3,6,366
1,1,366
10,37,366
4,22,366
5,21,366
6,25,366
7,32,366
12,27,366
16,33,366
8,35,366
11,48,366
2,3,366
19,49,366
9,34,366
17,45,366
13,18,366
20,44,366
18,42,366
15,39,366
14,46,366
3,6,367
1,1,367
10,37,367
4,22,367
6,21,367
5,25,367
7,32,367
12,27,367
16,33,367
8,35,367
11,48,367
2,3,367
19,49,367
9,34,367
17,45,367
13,18,367
20,44,367
18,42,367
15,39,367
14,46,367
2,6,368
1,1,368
12,37,368
4,22,368
6,21,368
5,25,368
7,32,368
14,27,368
16,33,368
8,35,368
13,48,368
3,3,368
19,49,368
10,34,368
17,45,368
11,18,368
20,44,368
18,42,368
15,39,368
9,46,368
2,6,369
1,1,369
12,37,369
4,22,369
6,21,369
5,25,369
7,32,369
14,27,369
16,33,369
8,35,369
13,48,369
3,3,369
19,49,369
10,34,369
17,45,369
11,18,369
20,44,369
18,42,369
15,39,369
9,46,369
18,42,370
1,1,371
3,6,371
10,46,370
5,25,370
7,32,370
14,27,370
16,33,370
8,35,370
13,48,370
2,3,370
19,49,370
9,34,370
17,45,370
11,18,370
20,44,370
6,21,370
4,22,370
12,37,370
3,6,370
1,1,370
15,39,370
12,37,371
4,22,371
7,21,371
5,25,371
6,32,371
14,27,371
16,33,371
8,35,371
13,48,371
2,3,371
19,49,371
9,34,371
17,45,371
11,18,371
20,44,371
18,42,371
15,39,371
10,46,371
1,1,372
2,6,372
3,32,372
4,21,372
5,22,372
6,27,372
7,48,372
8,25,372
9,18,372
10,33,372
11,42,372
12,39,372
13,44,372
14,3,372
15,37,372
16,49,372
17,45,372
18,35,372
1,1,373
2,6,373
3,32,373
5,21,373
4,22,373
6,27,373
13,48,373
11,25,373
8,18,373
9,33,373
14,42,373
7,39,373
15,44,373
10,3,373
12,37,373
17,49,373
18,45,373
16,35,373
1,1,374
2,6,374
3,32,374
4,21,374
5,22,374
9,27,374
14,48,374
6,25,374
13,18,374
8,33,374
15,42,374
12,39,374
17,44,374
7,3,374
11,37,374
16,49,374
10,45,374
18,35,374
1,1,375
2,6,375
3,32,375
4,21,375
5,22,375
9,27,375
17,48,375
6,25,375
13,18,375
8,33,375
15,42,375
11,39,375
14,44,375
7,3,375
12,37,375
16,49,375
10,45,375
18,35,375
1,1,376
2,6,376
3,32,376
4,21,376
5,22,376
11,27,376
12,48,376
6,25,376
15,18,376
9,33,376
10,42,376
14,39,376
16,44,376
8,3,376
7,37,376
17,49,376
13,45,376
18,35,376
1,1,377
2,6,377
4,32,377
5,21,377
3,22,377
14,27,377
7,48,377
6,25,377
9,18,377
11,33,377
12,42,377
16,39,377
17,44,377
10,3,377
8,37,377
18,49,377
15,45,377
13,35,377
1,1,378
2,6,378
3,32,378
5,21,378
4,22,378
14,27,378
7,48,378
6,25,378
9,18,378
11,33,378
13,42,378
16,39,378
17,44,378
10,3,378
8,37,378
18,49,378
15,45,378
12,35,378
1,1,379
2,6,379
4,32,379
5,21,379
3,22,379
14,27,379
9,48,379
8,25,379
10,18,379
11,33,379
13,42,379
16,39,379
17,44,379
6,3,379
7,37,379
18,49,379
15,45,379
12,35,379
1,1,380
2,6,380
4,32,380
5,21,380
3,22,380
14,27,380
9,48,380
8,25,380
10,18,380
11,33,380
13,42,380
16,39,380
17,44,380
6,3,380
7,37,380
18,49,380
15,45,380
12,35,380
1,1,381
2,6,381
4,32,381
5,21,381
3,22,381
14,27,381
9,48,381
8,25,381
10,18,381
11,33,381
13,42,381
16,39,381
17,44,381
7,3,381
6,37,381
18,49,381
15,45,381
12,35,381
1,1,382
2,6,382
4,32,382
6,21,382
3,22,382
14,27,382
9,48,382
8,25,382
10,18,382
11,33,382
13,42,382
16,39,382
17,44,382
7,3,382
5,37,382
18,49,382
15,45,382
12,35,382
1,1,383
2,6,383
5,32,383
4,21,383
3,22,383
14,27,383
9,48,383
8,25,383
10,18,383
11,33,383
13,42,383
16,39,383
17,44,383
7,3,383
6,37,383
18,49,383
15,45,383
12,35,383
1,1,384
2,6,384
6,32,384
4,21,384
3,22,384
14,27,384
9,48,384
8,25,384
10,18,384
11,33,384
13,42,384
15,39,384
17,44,384
7,3,384
5,37,384
18,49,384
16,45,384
12,35,384
1,1,385
2,6,385
6,32,385
4,21,385
3,22,385
14,27,385
9,48,385
8,25,385
10,18,385
11,33,385
13,42,385
15,39,385
17,44,385
7,3,385
5,37,385
18,49,385
16,45,385
12,35,385
1,1,386
2,6,386
6,32,386
4,21,386
3,22,386
15,27,386
9,48,386
8,25,386
10,18,386
11,33,386
14,42,386
13,39,386
17,44,386
7,3,386
5,37,386
18,49,386
16,45,386
12,35,386
1,1,387
2,6,387
4,32,387
5,21,387
3,22,387
15,27,387
9,48,387
8,25,387
10,18,387
11,33,387
14,42,387
13,39,387
17,44,387
7,3,387
6,37,387
18,49,387
16,45,387
12,35,387
1,1,388
2,3,388
3,6,388
4,22,388
5,32,388
6,49,388
7,25,388
8,39,388
9,21,388
10,34,388
11,45,388
12,18,388
13,37,388
2,1,389
1,3,389
4,6,389
6,22,389
3,32,389
5,49,389
7,25,389
11,39,389
10,21,389
8,34,389
12,45,389
13,18,389
14,37,389
9,33,389
15,27,389
1,1,390
2,3,390
4,6,390
8,22,390
3,32,390
7,49,390
10,25,390
12,39,390
6,21,390
5,34,390
13,45,390
15,18,390
14,37,390
11,33,390
9,27,390
1,1,391
2,3,391
4,6,391
9,22,391
3,32,391
7,49,391
8,25,391
13,39,391
6,21,391
5,34,391
14,45,391
15,18,391
11,37,391
12,33,391
10,27,391
1,1,392
2,3,392
4,6,392
9,22,392
3,32,392
7,49,392
8,25,392
13,39,392
6,21,392
5,34,392
14,45,392
15,18,392
11,37,392
12,33,392
10,27,392
2,1,393
1,3,393
4,6,393
7,22,393
3,32,393
9,49,393
8,25,393
13,39,393
6,21,393
5,34,393
14,45,393
15,18,393
11,37,393
12,33,393
10,27,393
2,1,394
1,3,394
4,6,394
6,22,394
3,32,394
9,49,394
8,25,394
13,39,394
5,21,394
7,34,394
14,45,394
15,18,394
11,37,394
12,33,394
10,27,394
2,1,395
1,3,395
4,6,395
7,22,395
3,32,395
9,49,395
5,25,395
13,39,395
6,21,395
8,34,395
14,45,395
15,18,395
12,37,395
11,33,395
10,27,395
2,1,396
1,3,396
4,6,396
6,22,396
3,32,396
9,49,396
5,25,396
13,39,396
7,21,396
8,34,396
15,45,396
14,18,396
12,37,396
11,33,396
10,27,396
2,1,397
1,3,397
4,6,397
5,22,397
3,32,397
9,49,397
6,25,397
13,39,397
7,21,397
8,34,397
15,45,397
14,18,397
12,37,397
11,33,397
10,27,397
3,1,398
1,3,398
4,6,398
5,22,398
2,32,398
9,49,398
6,25,398
13,39,398
7,21,398
8,34,398
15,45,398
14,18,398
12,37,398
11,33,398
10,27,398
16,42,398
2,1,399
1,3,399
4,6,399
5,22,399
3,32,399
9,49,399
6,25,399
13,39,399
7,21,399
8,34,399
15,45,399
14,18,399
12,37,399
11,33,399
10,27,399
16,42,399
2,1,400
1,3,400
4,6,400
5,22,400
3,32,400
9,49,400
6,25,400
13,39,400
7,21,400
8,34,400
15,45,400
14,18,400
12,37,400
10,33,400
11,27,400
16,42,400
2,1,401
1,3,401
4,6,401
5,22,401
3,32,401
10,49,401
8,25,401
13,39,401
6,21,401
7,34,401
15,45,401
14,18,401
12,37,401
9,33,401
11,27,401
16,42,401
2,1,402
1,3,402
4,6,402
5,22,402
3,32,402
10,49,402
8,25,402
13,39,402
6,21,402
7,34,402
15,45,402
14,18,402
12,37,402
9,33,402
11,27,402
16,42,402
2,1,403
1,3,403
4,6,403
5,22,403
3,32,403
10,49,403
6,25,403
12,39,403
7,21,403
8,34,403
15,45,403
14,18,403
13,37,403
9,33,403
11,27,403
16,42,403
1,3,404
3,32,404
2,27,404
4,25,404
5,22,404
6,34,404
7,21,404
8,6,404
9,1,404
10,45,404
11,26,404
12,49,404
13,18,404
2,3,405
1,32,405
3,27,405
6,25,405
5,22,405
8,34,405
7,21,405
10,6,405
4,1,405
11,45,405
9,26,405
12,49,405
13,18,405
1,3,406
3,32,406
5,27,406
7,25,406
4,22,406
8,34,406
9,21,406
6,6,406
2,1,406
11,45,406
10,26,406
12,49,406
13,18,406
2,3,407
3,32,407
4,27,407
7,25,407
5,22,407
8,34,407
9,21,407
6,6,407
1,1,407
12,45,407
10,26,407
11,49,407
13,18,407
2,3,408
3,32,408
4,27,408
7,25,408
6,22,408
8,34,408
9,21,408
5,6,408
1,1,408
12,45,408
10,26,408
11,49,408
13,18,408
1,3,409
3,32,409
4,27,409
7,25,409
6,22,409
8,34,409
9,21,409
5,6,409
2,1,409
12,45,409
10,26,409
11,49,409
13,18,409
1,3,411
13,18,410
11,49,410
10,26,410
5,6,410
8,34,410
7,25,410
4,27,410
6,22,410
9,21,410
12,45,410
2,1,410
3,32,410
1,3,410
3,32,411
4,27,411
7,25,411
6,22,411
8,34,411
9,21,411
5,6,411
2,1,411
12,45,411
10,26,411
11,49,411
13,18,411
1,3,412
3,32,412
4,27,412
7,25,412
6,22,412
8,34,412
9,21,412
5,6,412
2,1,412
12,45,412
11,26,412
10,49,412
13,18,412
1,3,413
3,32,413
4,27,413
7,25,413
6,22,413
8,34,413
9,21,413
5,6,413
2,1,413
12,45,413
10,26,413
11,49,413
13,18,413
1,3,414
3,32,414
4,27,414
7,25,414
6,22,414
8,34,414
9,21,414
5,6,414
2,1,414
12,45,414
10,26,414
11,49,414
13,18,414
1,3,415
3,32,415
4,27,415
7,25,415
6,22,415
9,34,415
10,21,415
5,6,415
2,1,415
12,45,415
8,26,415
11,49,415
13,18,415
1,3,416
3,32,416
5,27,416
8,25,416
6,22,416
9,34,416
10,21,416
4,6,416
2,1,416
12,45,416
7,26,416
11,49,416
13,18,416
14,39,416
1,3,417
3,32,417
5,27,417
8,25,417
6,22,417
9,34,417
10,21,417
4,6,417
2,1,417
12,45,417
7,26,417
11,49,417
13,18,417
14,39,417
1,3,418
3,32,418
5,27,418
8,25,418
6,22,418
9,34,418
10,21,418
4,6,418
2,1,418
13,45,418
7,26,418
11,49,418
12,18,418
14,39,418
1,3,419
3,32,419
5,27,419
7,25,419
6,22,419
9,34,419
10,21,419
4,6,419
2,1,419
13,45,419
8,26,419
11,49,419
12,18,419
14,39,419
1,1,420
2,6,420
3,32,420
4,4,420
5,27,420
6,25,420
7,50,420
8,21,420
9,45,420
10,51,420
11,18,420
12,3,420
13,34,420
14,52,420
3,1,421
2,6,421
1,32,421
4,4,421
7,27,421
6,25,421
9,50,421
10,21,421
8,45,421
11,51,421
13,18,421
5,3,421
12,34,421
14,52,421
15,49,421
3,1,422
2,6,422
1,32,422
4,4,422
8,27,422
7,25,422
11,50,422
5,21,422
10,45,422
12,51,422
13,18,422
6,3,422
9,34,422
14,52,422
15,49,422
3,1,423
2,6,423
1,32,423
4,4,423
6,27,423
8,25,423
11,50,423
5,21,423
10,45,423
13,51,423
15,18,423
7,3,423
9,34,423
16,52,423
12,49,423
14,53,423
3,1,424
1,6,424
2,32,424
4,4,424
7,27,424
8,25,424
11,50,424
6,21,424
10,45,424
12,51,424
15,18,424
5,3,424
9,34,424
16,52,424
13,49,424
14,53,424
13,49,425
9,34,425
2,32,425
14,53,425
16,52,425
4,3,425
15,18,425
5,4,425
12,50,425
6,21,425
11,45,425
10,51,425
8,25,425
7,27,425
1,6,425
3,1,425
14,53,426
16,52,426
6,34,426
15,18,426
12,45,426
7,21,426
9,25,426
1,6,426
11,50,426
8,27,426
13,49,426
10,51,426
4,3,426
2,32,426
3,1,426
5,4,426
2,1,427
1,6,427
3,32,427
5,4,427
7,27,427
9,25,427
11,50,427
8,21,427
12,45,427
10,51,427
15,18,427
4,3,427
6,34,427
16,52,427
13,49,427
14,53,427
2,1,428
1,6,428
3,32,428
5,4,428
7,27,428
9,25,428
11,50,428
8,21,428
12,45,428
10,51,428
13,18,428
4,3,428
6,34,428
16,52,428
14,49,428
15,53,428
2,1,429
1,6,429
3,32,429
6,4,429
7,27,429
9,25,429
12,50,429
8,21,429
11,45,429
10,51,429
13,18,429
4,3,429
5,34,429
16,52,429
14,49,429
15,53,429
2,1,430
1,6,430
3,32,430
6,4,430
7,27,430
9,25,430
12,50,430
8,21,430
11,45,430
10,51,430
13,18,430
4,3,430
5,34,430
16,52,430
14,49,430
15,53,430
1,1,431
2,6,431
3,32,431
6,4,431
7,27,431
9,25,431
12,50,431
8,21,431
11,45,431
10,51,431
13,18,431
4,3,431
5,34,431
16,52,431
14,49,431
15,53,431
17,26,431
1,1,432
2,6,432
3,32,432
6,4,432
7,27,432
9,25,432
12,50,432
8,21,432
11,45,432
10,51,432
13,18,432
4,3,432
5,34,432
16,52,432
14,49,432
15,53,432
17,26,432
1,1,433
2,6,433
3,32,433
6,4,433
7,27,433
9,25,433
12,50,433
8,21,433
11,45,433
10,51,433
13,18,433
4,3,433
5,34,433
16,52,433
14,49,433
15,53,433
17,26,433
1,1,434
2,6,434
3,32,434
6,4,434
8,27,434
9,25,434
12,50,434
7,21,434
11,45,434
10,51,434
13,18,434
4,3,434
5,34,434
16,52,434
14,49,434
15,53,434
17,26,434
1,1,435
2,6,435
4,32,435
7,4,435
6,27,435
9,25,435
13,50,435
8,21,435
10,45,435
12,51,435
11,18,435
3,3,435
5,34,435
16,52,435
14,49,435
15,53,435
17,26,435
1,1,436
2,3,436
3,32,436
4,51,436
5,4,436
6,21,436
7,50,436
8,27,436
9,34,436
10,6,436
11,45,436
12,53,436
13,52,436
1,1,437
2,3,437
5,32,437
4,51,437
3,4,437
7,21,437
9,50,437
6,27,437
13,34,437
11,6,437
15,45,437
8,53,437
10,52,437
12,25,437
14,54,437
1,1,438
4,3,438
5,32,438
6,51,438
3,4,438
9,21,438
10,50,438
7,27,438
12,34,438
2,6,438
15,45,438
8,53,438
11,52,438
13,25,438
14,54,438
5,3,440
1,1,440
14,54,439
13,25,439
15,45,439
11,50,439
7,21,439
3,4,439
5,3,439
8,27,439
12,34,439
2,6,439
10,52,439
6,51,439
9,53,439
4,32,439
1,1,439
4,32,440
6,51,440
3,4,440
7,21,440
11,50,440
8,27,440
12,34,440
2,6,440
13,45,440
9,53,440
10,52,440
14,25,440
15,54,440
1,1,441
5,3,441
4,32,441
6,51,441
3,4,441
8,21,441
12,50,441
9,27,441
13,34,441
2,6,441
10,45,441
7,53,441
11,52,441
15,25,441
14,54,441
1,1,442
5,3,442
4,32,442
7,51,442
3,4,442
9,21,442
13,50,442
10,27,442
6,34,442
2,6,442
11,45,442
8,53,442
12,52,442
15,25,442
14,54,442
1,1,443
6,3,443
2,32,443
7,51,443
5,4,443
9,21,443
13,50,443
10,27,443
4,34,443
3,6,443
11,45,443
8,53,443
12,52,443
15,25,443
14,54,443
1,1,444
4,3,444
3,32,444
7,51,444
6,4,444
9,21,444
14,50,444
10,27,444
5,34,444
2,6,444
11,45,444
8,53,444
12,52,444
15,25,444
13,54,444
1,1,445
5,3,445
3,32,445
8,51,445
4,4,445
9,21,445
14,50,445
10,27,445
6,34,445
2,6,445
11,45,445
7,53,445
12,52,445
15,25,445
13,54,445
1,1,446
5,3,446
2,32,446
8,51,446
4,4,446
9,21,446
14,50,446
10,27,446
6,34,446
3,6,446
11,45,446
7,53,446
12,52,446
15,25,446
13,54,446
1,1,447
6,3,447
3,32,447
8,51,447
4,4,447
9,21,447
14,50,447
10,27,447
5,34,447
2,6,447
11,45,447
7,53,447
12,52,447
15,25,447
13,54,447
1,1,448
6,3,448
2,32,448
8,51,448
4,4,448
9,21,448
14,50,448
10,27,448
5,34,448
3,6,448
11,45,448
7,53,448
12,52,448
15,25,448
13,54,448
1,1,450
12,54,449
13,52,449
7,53,449
2,6,449
10,27,449
4,4,449
8,51,449
6,3,449
14,50,449
15,25,449
5,34,449
11,45,449
9,21,449
1,1,449
3,32,449
6,3,450
3,32,450
8,51,450
5,4,450
9,21,450
14,50,450
10,27,450
4,34,450
2,6,450
11,45,450
7,53,450
13,52,450
15,25,450
12,54,450
1,1,451
6,3,451
3,32,451
8,51,451
5,4,451
9,21,451
14,50,451
10,27,451
4,34,451
2,6,451
11,45,451
7,53,451
13,52,451
15,25,451
12,54,451
1,34,452
2,1,452
3,3,452
4,6,452
5,21,452
6,4,452
7,53,452
8,25,452
9,32,452
10,55,452
11,50,452
12,54,452
13,27,452
14,51,452
15,45,452
2,34,453
1,1,453
4,3,453
3,6,453
5,21,453
7,4,453
10,53,453
9,25,453
11,32,453
6,55,453
12,50,453
13,54,453
8,27,453
14,51,453
15,45,453
2,34,454
1,1,454
5,3,454
4,6,454
6,21,454
3,4,454
10,53,454
9,25,454
11,32,454
7,55,454
13,50,454
14,54,454
8,27,454
12,51,454
15,45,454
4,34,455
2,1,455
5,3,455
1,6,455
6,21,455
3,4,455
10,53,455
9,25,455
13,32,455
7,55,455
14,50,455
12,54,455
8,27,455
11,51,455
15,45,455
3,34,456
4,1,456
5,3,456
1,6,456
6,21,456
2,4,456
11,53,456
7,25,456
13,32,456
9,55,456
14,50,456
12,54,456
10,27,456
8,51,456
15,45,456
3,34,457
5,1,457
4,3,457
2,6,457
6,21,457
1,4,457
10,53,457
7,25,457
12,32,457
8,55,457
14,50,457
13,54,457
11,27,457
9,51,457
15,45,457
4,34,458
5,1,458
2,3,458
3,6,458
7,21,458
1,4,458
11,53,458
6,25,458
8,32,458
9,55,458
14,50,458
13,54,458
12,27,458
10,51,458
15,45,458
4,34,459
5,1,459
3,3,459
2,6,459
7,21,459
1,4,459
11,53,459
6,25,459
8,32,459
10,55,459
14,50,459
13,54,459
12,27,459
9,51,459
15,45,459
4,34,460
5,1,460
3,3,460
2,6,460
8,21,460
1,4,460
11,53,460
6,25,460
7,32,460
10,55,460
14,50,460
13,54,460
12,27,460
9,51,460
15,45,460
16,52,460
3,34,461
5,1,461
4,3,461
1,6,461
9,21,461
2,4,461
11,53,461
6,25,461
8,32,461
10,55,461
14,50,461
13,54,461
12,27,461
7,51,461
15,45,461
16,52,461
3,34,462
5,1,462
4,3,462
2,6,462
9,21,462
1,4,462
12,53,462
6,25,462
8,32,462
10,55,462
16,50,462
13,54,462
11,27,462
7,51,462
14,45,462
15,52,462
3,34,463
5,1,463
4,3,463
1,6,463
9,21,463
2,4,463
10,53,463
6,25,463
8,32,463
11,55,463
16,50,463
14,54,463
12,27,463
7,51,463
15,45,463
13,52,463
3,34,464
5,1,464
4,3,464
1,6,464
10,21,464
2,4,464
9,53,464
6,25,464
8,32,464
11,55,464
16,50,464
14,54,464
12,27,464
7,51,464
15,45,464
13,52,464
3,34,466
13,52,465
15,45,465
12,27,465
14,54,465
11,55,465
8,32,465
6,25,465
9,53,465
1,6,465
5,1,465
7,51,465
16,50,465
10,21,465
2,4,465
3,34,465
4,3,465
5,1,466
4,3,466
1,6,466
10,21,466
2,4,466
9,53,466
7,25,466
8,32,466
11,55,466
16,50,466
14,54,466
12,27,466
6,51,466
15,45,466
13,52,466
1,4,467
2,3,467
3,1,467
4,25,467
5,32,467
6,54,467
7,51,467
8,37,467
9,55,467
10,56,467
11,6,467
12,27,467
13,53,467
14,34,467
15,45,467
16,21,467
17,57,467
1,4,468
3,3,468
2,1,468
5,25,468
4,32,468
6,54,468
11,51,468
8,37,468
12,55,468
13,56,468
7,6,468
15,27,468
16,53,468
14,34,468
9,45,468
10,21,468
17,57,468
1,4,469
3,3,469
2,1,469
5,25,469
4,32,469
7,54,469
12,51,469
9,37,469
13,55,469
14,56,469
8,6,469
15,27,469
17,53,469
6,34,469
10,45,469
11,21,469
16,57,469
1,4,470
4,3,470
2,1,470
5,25,470
6,32,470
8,54,470
12,51,470
10,37,470
13,55,470
14,56,470
3,6,470
16,27,470
15,53,470
7,34,470
9,45,470
11,21,470
17,57,470
2,4,471
3,3,471
1,1,471
5,25,471
6,32,471
9,54,471
14,51,471
13,37,471
15,55,471
11,56,471
4,6,471
8,27,471
16,53,471
7,34,471
10,45,471
12,21,471
17,57,471
2,4,472
4,3,472
1,1,472
7,25,472
6,32,472
10,54,472
9,51,472
14,37,472
15,55,472
12,56,472
3,6,472
8,27,472
16,53,472
5,34,472
11,45,472
13,21,472
17,57,472
4,4,473
3,3,473
1,1,473
8,25,473
6,32,473
10,54,473
9,51,473
13,37,473
15,55,473
12,56,473
2,6,473
7,27,473
16,53,473
5,34,473
11,45,473
14,21,473
17,57,473
5,4,474
4,3,474
1,1,474
8,25,474
6,32,474
10,54,474
9,51,474
14,37,474
15,55,474
13,56,474
3,6,474
7,27,474
16,53,474
2,34,474
11,45,474
12,21,474
17,57,474
5,4,475
4,3,475
1,1,475
8,25,475
6,32,475
10,54,475
9,51,475
14,37,475
15,55,475
13,56,475
3,6,475
7,27,475
16,53,475
2,34,475
11,45,475
12,21,475
17,57,475
5,4,476
4,3,476
1,1,476
8,25,476
6,32,476
10,54,476
9,51,476
14,37,476
15,55,476
13,56,476
2,6,476
7,27,476
16,53,476
3,34,476
11,45,476
12,21,476
17,57,476
3,4,477
5,3,477
1,1,477
8,25,477
6,32,477
10,54,477
9,51,477
14,37,477
15,55,477
13,56,477
2,6,477
7,27,477
16,53,477
4,34,477
11,45,477
12,21,477
17,57,477
3,4,478
4,3,478
2,1,478
7,25,478
6,32,478
10,54,478
9,51,478
14,37,478
17,55,478
13,56,478
1,6,478
8,27,478
16,53,478
5,34,478
12,45,478
11,21,478
15,57,478
4,4,479
3,3,479
2,1,479
8,25,479
6,32,479
11,54,479
9,51,479
14,37,479
17,55,479
13,56,479
1,6,479
7,27,479
16,53,479
5,34,479
12,45,479
10,21,479
15,57,479
4,4,480
3,3,480
2,1,480
8,25,480
6,32,480
11,54,480
9,51,480
14,37,480
17,55,480
13,56,480
1,6,480
7,27,480
16,53,480
5,34,480
12,45,480
10,21,480
15,57,480
3,4,481
4,3,481
2,1,481
8,25,481
6,32,481
11,54,481
9,51,481
14,37,481
17,55,481
13,56,481
1,6,481
7,27,481
16,53,481
5,34,481
12,45,481
10,21,481
15,57,481
15,57,482
1,6,482
2,34,483
1,3,483
10,21,482
12,45,482
5,34,482
16,53,482
8,27,482
13,56,482
14,37,482
17,55,482
11,54,482
9,51,482
6,32,482
7,25,482
3,4,482
4,3,482
2,1,482
3,51,483
4,25,483
5,55,483
6,56,483
7,4,483
8,57,483
9,6,483
10,27,483
11,54,483
12,21,483
13,45,483
14,32,483
15,1,483
16,37,483
1,3,484
2,34,484
5,51,484
7,25,484
9,55,484
10,56,484
11,4,484
4,57,484
13,6,484
8,27,484
14,54,484
3,21,484
15,45,484
6,32,484
12,1,484
16,37,484
1,3,485
2,34,485
5,51,485
8,25,485
10,55,485
11,56,485
3,4,485
6,57,485
14,6,485
9,27,485
13,54,485
4,21,485
15,45,485
7,32,485
12,1,485
16,37,485
1,3,486
2,34,486
5,51,486
9,25,486
12,55,486
13,56,486
4,4,486
6,57,486
8,6,486
10,27,486
14,54,486
3,21,486
16,45,486
7,32,486
11,1,486
15,37,486
17,53,486
1,3,487
2,34,487
8,51,487
10,25,487
12,55,487
13,56,487
6,4,487
9,57,487
7,6,487
5,27,487
14,54,487
3,21,487
15,45,487
4,32,487
11,1,487
16,37,487
17,53,487
1,3,488
2,34,488
10,51,488
8,25,488
12,55,488
13,56,488
7,4,488
9,57,488
3,6,488
4,27,488
14,54,488
5,21,488
15,45,488
6,32,488
11,1,488
16,37,488
17,53,488
1,3,489
3,34,489
11,51,489
9,25,489
12,55,489
13,56,489
7,4,489
10,57,489
2,6,489
4,27,489
14,54,489
6,21,489
15,45,489
5,32,489
8,1,489
16,37,489
17,53,489
1,3,490
2,34,490
11,51,490
9,25,490
12,55,490
13,56,490
4,4,490
10,57,490
3,6,490
5,27,490
14,54,490
8,21,490
15,45,490
6,32,490
7,1,490
16,37,490
17,53,490
1,3,491
2,34,491
11,51,491
9,25,491
12,55,491
14,56,491
6,4,491
10,57,491
3,6,491
4,27,491
13,54,491
8,21,491
16,45,491
7,32,491
5,1,491
15,37,491
17,53,491
1,3,493
17,53,492
15,37,492
6,1,492
16,45,492
13,54,492
4,27,492
3,6,492
10,57,492
11,51,492
7,32,492
8,21,492
9,25,492
12,55,492
14,56,492
5,4,492
2,34,492
1,3,492
2,34,493
11,51,493
9,25,493
12,55,493
14,56,493
4,4,493
10,57,493
5,6,493
3,27,493
13,54,493
8,21,493
16,45,493
7,32,493
6,1,493
15,37,493
17,53,493
1,3,494
2,34,494
11,51,494
9,25,494
12,55,494
14,56,494
3,4,494
10,57,494
5,6,494
4,27,494
13,54,494
8,21,494
16,45,494
7,32,494
6,1,494
15,37,494
17,53,494
1,3,495
2,34,495
11,51,495
9,25,495
12,55,495
14,56,495
3,4,495
10,57,495
5,6,495
4,27,495
13,54,495
8,21,495
16,45,495
7,32,495
6,1,495
15,37,495
17,53,495
1,3,496
2,34,496
10,51,496
9,25,496
12,55,496
15,56,496
3,4,496
11,57,496
5,6,496
4,27,496
13,54,496
8,21,496
16,45,496
7,32,496
6,1,496
14,37,496
17,53,496
1,3,497
2,34,497
9,51,497
10,25,497
12,55,497
15,56,497
3,4,497
11,57,497
5,6,497
4,27,497
13,54,497
8,21,497
16,45,497
7,32,497
6,1,497
14,37,497
17,53,497
1,3,498
2,34,498
3,56,498
4,25,498
5,51,498
6,1,498
7,6,498
8,57,498
9,27,498
10,21,498
11,54,498
12,32,498
13,4,498
14,58,498
15,45,498
1,3,499
3,34,499
5,56,499
6,25,499
9,51,499
8,1,499
12,6,499
13,57,499
7,27,499
10,21,499
11,54,499
4,32,499
2,4,499
14,58,499
15,45,499
2,3,500
4,34,500
6,56,500
7,25,500
9,51,500
8,1,500
14,6,500
12,57,500
3,27,500
10,21,500
11,54,500
5,32,500
1,4,500
13,58,500
15,45,500
3,3,501
2,34,501
6,56,501
9,25,501
10,51,501
8,1,501
11,6,501
13,57,501
4,27,501
5,21,501
12,54,501
7,32,501
1,4,501
14,58,501
15,45,501
1,3,502
4,34,502
6,56,502
9,25,502
11,51,502
8,1,502
10,6,502
13,57,502
2,27,502
5,21,502
12,54,502
7,32,502
3,4,502
14,58,502
15,45,502
1,3,503
3,34,503
6,56,503
9,25,503
11,51,503
8,1,503
10,6,503
13,57,503
2,27,503
5,21,503
12,54,503
7,32,503
4,4,503
14,58,503
15,45,503
1,3,504
3,34,504
6,56,504
9,25,504
11,51,504
8,1,504
10,6,504
13,57,504
2,27,504
5,21,504
12,54,504
7,32,504
4,4,504
14,58,504
15,45,504
1,3,505
3,34,505
7,56,505
6,25,505
11,51,505
8,1,505
10,6,505
13,57,505
2,27,505
5,21,505
12,54,505
9,32,505
4,4,505
14,58,505
15,45,505
1,3,506
3,34,506
7,56,506
6,25,506
11,51,506
8,1,506
10,6,506
13,57,506
2,27,506
5,21,506
12,54,506
9,32,506
4,4,506
14,58,506
15,45,506
1,3,507
3,34,507
7,56,507
6,25,507
11,51,507
9,1,507
10,6,507
13,57,507
2,27,507
5,21,507
12,54,507
8,32,507
4,4,507
14,58,507
15,45,507
1,3,508
3,34,508
7,56,508
5,25,508
11,51,508
8,1,508
10,6,508
13,57,508
2,27,508
6,21,508
12,54,508
9,32,508
4,4,508
14,58,508
15,45,508
1,3,509
3,34,509
7,56,509
5,25,509
11,51,509
9,1,509
10,6,509
13,57,509
2,27,509
6,21,509
12,54,509
8,32,509
4,4,509
15,58,509
14,45,509
1,3,510
3,34,510
7,56,510
5,25,510
11,51,510
8,1,510
10,6,510
13,57,510
2,27,510
6,21,510
12,54,510
9,32,510
4,4,510
15,58,510
14,45,510
1,3,511
3,34,511
8,56,511
6,25,511
11,51,511
9,1,511
10,6,511
13,57,511
2,27,511
7,21,511
12,54,511
5,32,511
4,4,511
15,58,511
14,45,511
7,3,512
9,6,512
11,25,512
15,54,512
14,60,512
1,27,512
2,32,512
3,1,512
4,56,512
5,58,512
15,60,513
13,54,513
1,27,513
8,58,513
7,21,513
9,3,513
11,57,513
5,6,513
12,59,513
4,25,513
10,4,513
15,60,514
14,54,514
1,27,514
3,32,514
5,1,514
7,56,514
9,58,514
8,21,514
11,3,514
13,57,514
2,6,514
10,59,514
4,25,514
12,4,514
6,204,514
15,60,515
14,54,515
2,27,515
8,56,515
9,58,515
10,21,515
6,3,515
13,57,515
11,59,515
4,25,515
12,4,515
7,204,515
15,60,516
14,54,516
1,27,516
3,32,516
5,1,516
8,56,516
10,21,516
6,3,516
2,6,516
11,59,516
12,4,516
7,204,516
15,51,517
17,61,517
16,60,517
11,54,517
2,27,517
3,32,517
5,1,517
9,56,517
10,58,517
7,21,517
6,3,517
1,6,517
12,59,517
13,4,517
8,204,517
15,51,518
17,61,518
16,60,518
11,54,518
2,27,518
3,32,518
6,1,518
9,56,518
10,58,518
7,21,518
5,3,518
1,6,518
12,59,518
13,4,518
8,204,518
17,61,519
15,51,519
16,60,519
13,54,519
2,27,519
3,32,519
7,1,519
10,56,519
11,58,519
8,21,519
14,57,519
1,6,519
4,25,519
9,204,519
17,61,520
15,51,520
16,60,520
13,54,520
2,27,520
3,32,520
7,1,520
11,58,520
8,21,520
14,57,520
1,6,520
5,25,520
9,204,520
3,3,521
11,58,521
17,61,521
15,51,521
16,60,521
13,54,521
2,27,521
4,32,521
7,1,521
10,56,521
8,21,521
14,57,521
15,51,522
17,61,522
13,54,522
16,60,522
9,204,522
6,4,522
5,25,522
12,59,522
1,6,522
14,57,522
3,3,522
8,21,522
11,58,522
10,56,522
7,1,522
4,32,522
2,27,522
15,51,523
17,61,523
13,54,523
16,60,523
9,204,523
6,4,523
5,25,523
12,59,523
1,6,523
3,3,523
8,21,523
10,56,523
4,32,523
18,62,524
15,51,524
17,61,524
13,54,524
16,60,524
8,204,524
6,4,524
5,25,524
12,59,524
1,6,524
14,57,524
2,3,524
11,58,524
7,1,524
12,182,525
17,62,525
16,51,525
19,61,525
14,54,525
18,60,525
8,204,525
6,4,525
5,25,525
13,59,525
1,6,525
15,57,525
2,3,525
9,21,525
10,56,525
13,182,526
17,62,526
16,51,526
19,61,526
11,54,526
18,60,526
8,204,526
6,4,526
5,25,526
14,59,526
1,6,526
15,57,526
2,3,526
10,58,526
7,1,526
16,64,527
15,55,527
14,60,527
13,57,527
1,32,527
2,34,527
3,25,527
4,1,527
5,6,527
6,56,527
7,59,527
8,54,527
9,58,527
10,27,527
11,63,527
12,3,527
17,64,528
16,55,528
15,60,528
14,57,528
11,21,528
1,32,528
2,34,528
5,25,528
6,1,528
3,6,528
4,56,528
10,59,528
8,54,528
7,58,528
9,27,528
13,63,528
12,3,528
19,65,530
19,65,529
18,64,529
14,57,529
15,60,529
16,4,529
17,55,529
11,21,529
1,32,529
2,34,529
3,25,529
6,1,529
4,6,529
5,56,529
12,59,529
10,54,529
9,58,529
8,27,529
13,63,529
7,3,529
18,64,530
15,57,530
16,60,530
14,4,530
17,55,530
10,21,530
1,32,530
4,34,530
3,25,530
7,1,530
2,6,530
5,56,530
12,59,530
11,54,530
9,58,530
6,27,530
13,63,530
8,3,530
19,65,531
18,64,531
15,57,531
16,60,531
13,4,531
17,55,531
11,21,531
1,32,531
3,34,531
2,25,531
8,1,531
4,6,531
5,56,531
6,59,531
12,54,531
10,58,531
7,27,531
14,63,531
9,3,531
19,64,532
13,65,532
16,57,532
17,60,532
14,4,532
18,55,532
11,21,532
1,32,532
4,34,532
2,25,532
8,1,532
3,6,532
5,56,532
7,59,532
12,54,532
10,58,532
6,27,532
15,63,532
9,3,532
19,64,533
14,65,533
16,57,533
17,60,533
15,4,533
18,55,533
11,21,533
1,32,533
4,34,533
2,25,533
8,1,533
3,6,533
7,56,533
6,59,533
12,54,533
10,58,533
5,27,533
13,63,533
9,3,533
19,64,534
14,65,534
16,57,534
17,60,534
15,4,534
18,55,534
6,21,534
1,32,534
2,34,534
3,25,534
9,1,534
4,6,534
7,56,534
8,59,534
12,54,534
10,58,534
5,27,534
13,63,534
11,3,534
19,64,535
14,65,535
16,57,535
17,60,535
15,4,535
18,55,535
7,21,535
1,32,535
2,34,535
3,25,535
5,1,535
4,6,535
9,56,535
8,59,535
12,54,535
11,58,535
6,27,535
13,63,535
10,3,535
19,64,536
14,65,536
16,57,536
17,60,536
15,4,536
18,55,536
7,21,536
1,32,536
2,34,536
4,25,536
5,1,536
3,6,536
9,56,536
8,59,536
12,54,536
10,58,536
6,27,536
13,63,536
11,3,536
19,64,537
14,65,537
16,57,537
17,60,537
15,4,537
18,55,537
9,21,537
1,32,537
2,34,537
4,25,537
7,1,537
3,6,537
8,56,537
5,59,537
12,54,537
10,58,537
6,27,537
13,63,537
11,3,537
19,64,539
19,64,538
14,65,538
16,57,538
17,60,538
15,4,538
18,55,538
9,21,538
1,32,538
2,34,538
3,25,538
8,1,538
4,6,538
7,56,538
6,59,538
13,54,538
10,58,538
5,27,538
12,63,538
11,3,538
14,65,539
16,57,539
17,60,539
15,4,539
18,55,539
9,21,539
1,32,539
2,34,539
4,25,539
8,1,539
3,6,539
6,56,539
7,59,539
13,54,539
10,58,539
5,27,539
12,63,539
11,3,539
19,64,540
14,65,540
15,57,540
17,60,540
16,4,540
18,55,540
9,21,540
1,32,540
2,34,540
4,25,540
8,1,540
3,6,540
6,56,540
7,59,540
13,54,540
10,58,540
5,27,540
12,63,540
11,3,540
19,64,541
16,65,541
15,57,541
17,60,541
12,4,541
18,55,541
10,21,541
1,32,541
2,34,541
4,25,541
8,1,541
3,6,541
7,56,541
6,59,541
14,54,541
11,58,541
5,27,541
13,63,541
9,3,541
19,64,542
16,65,542
14,57,542
17,60,542
12,4,542
18,55,542
10,21,542
1,32,542
3,34,542
4,25,542
8,1,542
2,6,542
7,56,542
5,59,542
15,54,542
11,58,542
6,27,542
13,63,542
9,3,542
12,1,543
11,25,543
10,27,543
1,59,543
2,34,543
3,6,543
4,56,543
5,32,543
6,57,543
7,63,543
8,37,543
9,58,543
13,66,544
4,1,544
11,27,544
12,25,544
2,59,544
3,34,544
1,6,544
5,56,544
6,32,544
8,57,544
9,63,544
10,37,544
7,58,544
12,66,545
3,1,545
13,27,545
6,25,545
2,59,545
4,34,545
1,6,545
5,56,545
7,32,545
8,57,545
10,63,545
11,37,545
9,58,545
14,66,546
10,67,546
4,1,546
12,27,546
7,25,546
2,59,546
6,34,546
1,6,546
5,56,546
3,32,546
8,57,546
11,63,546
13,37,546
9,58,546
16,68,547
15,64,547
14,66,547
10,67,547
4,1,547
12,27,547
7,25,547
2,59,547
5,34,547
1,6,547
6,56,547
3,32,547
8,57,547
11,63,547
13,37,547
9,58,547
16,68,548
14,64,548
15,66,548
10,67,548
4,1,548
12,27,548
7,25,548
2,59,548
5,34,548
1,6,548
6,56,548
3,32,548
9,57,548
11,63,548
13,37,548
8,58,548
16,66,549
13,64,549
15,68,549
11,67,549
4,1,549
12,27,549
5,25,549
3,59,549
6,34,549
1,6,549
7,56,549
2,32,549
10,57,549
9,63,549
14,37,549
8,58,549
16,66,550
13,64,550
15,68,550
12,67,550
4,1,550
7,27,550
5,25,550
3,59,550
6,34,550
1,6,550
8,56,550
2,32,550
11,57,550
10,63,550
14,37,550
9,58,550
16,66,551
13,64,551
15,68,551
12,67,551
4,1,551
7,27,551
6,25,551
3,59,551
5,34,551
1,6,551
8,56,551
2,32,551
11,57,551
10,63,551
14,37,551
9,58,551
18,69,552
16,66,552
17,4,552
13,64,552
15,68,552
12,67,552
3,1,552
7,27,552
6,25,552
4,59,552
5,34,552
1,6,552
8,56,552
2,32,552
11,57,552
10,63,552
14,37,552
9,58,552
18,69,553
16,66,553
17,4,553
14,64,553
15,68,553
12,67,553
4,1,553
7,27,553
6,25,553
3,59,553
5,34,553
1,6,553
8,56,553
2,32,553
11,57,553
9,63,553
13,37,553
10,58,553
18,69,554
16,66,554
17,4,554
13,64,554
15,68,554
12,67,554
4,1,554
8,27,554
6,25,554
3,59,554
5,34,554
1,6,554
9,56,554
2,32,554
11,57,554
10,63,554
14,37,554
7,58,554
18,69,555
16,66,555
17,4,555
13,64,555
15,68,555
12,67,555
4,1,555
6,27,555
7,25,555
3,59,555
5,34,555
1,6,555
9,56,555
2,32,555
11,57,555
10,63,555
14,37,555
8,58,555
19,71,556
18,70,556
20,69,556
16,66,556
17,4,556
14,64,556
15,68,556
12,67,556
4,1,556
8,27,556
7,25,556
3,59,556
5,34,556
1,6,556
9,56,556
2,32,556
10,57,556
11,63,556
13,37,556
19,71,557
18,70,557
20,69,557
16,66,557
17,4,557
13,64,557
15,68,557
12,67,557
3,1,557
8,27,557
7,25,557
4,59,557
5,34,557
1,6,557
9,56,557
2,32,557
10,57,557
11,63,557
14,37,557
6,58,557
19,71,558
18,70,558
20,69,558
16,66,558
17,4,558
14,64,558
15,68,558
12,67,558
4,1,558
8,27,558
6,25,558
3,59,558
5,34,558
1,6,558
9,56,558
2,32,558
10,57,558
11,63,558
13,37,558
7,58,558
15,72,559
20,71,559
19,70,559
21,69,559
17,66,559
18,4,559
14,64,559
16,68,559
12,67,559
3,1,559
8,27,559
6,25,559
4,59,559
5,34,559
1,6,559
9,56,559
2,32,559
10,57,559
11,63,559
13,37,559
7,58,559
6,58,556
12,67,560
11,32,560
10,27,560
9,56,560
8,204,560
7,3,560
6,59,560
5,1,560
4,37,560
3,58,560
2,25,560
1,6,560
14,57,561
13,63,561
7,73,561
17,66,561
6,67,561
11,32,561
16,27,561
12,56,561
10,204,561
9,3,561
8,59,561
3,1,561
5,37,561
4,58,561
2,25,561
1,6,561
11,57,562
15,63,562
9,73,562
17,66,562
7,67,562
14,32,562
6,27,562
8,56,562
12,204,562
13,3,562
10,59,562
3,1,562
5,37,562
4,58,562
2,25,562
1,6,562
18,66,563
16,70,563
8,27,563
11,56,563
9,57,563
10,67,563
12,73,563
5,32,563
14,63,563
1,6,563
3,25,563
4,58,563
7,37,563
2,1,563
13,59,563
15,3,563
6,204,563
17,182,564
15,70,564
4,27,564
12,56,564
10,57,564
9,67,564
13,73,564
6,32,564
11,63,564
1,6,564
3,25,564
5,58,564
8,37,564
2,1,564
14,59,564
16,3,564
7,204,564
17,182,565
15,70,565
4,27,565
12,56,565
10,57,565
9,67,565
13,73,565
7,32,565
11,63,565
1,6,565
2,25,565
6,58,565
5,37,565
3,1,565
14,59,565
16,3,565
8,204,565
17,182,566
15,70,566
4,27,566
12,56,566
10,57,566
9,67,566
13,73,566
7,32,566
11,63,566
1,6,566
2,25,566
6,58,566
5,37,566
3,1,566
14,59,566
16,3,566
8,204,566
18,64,567
10,57,567
11,63,567
13,73,567
19,66,567
5,67,567
6,32,567
4,27,567
12,56,567
7,204,567
16,3,567
14,59,567
3,1,567
8,37,567
9,58,567
2,25,567
1,6,567
15,64,568
12,57,568
10,63,568
13,73,568
19,66,568
4,67,568
7,32,568
5,27,568
11,56,568
8,204,568
17,3,568
14,59,568
3,1,568
9,37,568
6,58,568
2,25,568
1,6,568
18,182,569
16,70,569
5,27,569
11,56,569
12,57,569
4,67,569
13,73,569
7,32,569
10,63,569
1,6,569
2,25,569
8,58,569
9,37,569
3,1,569
14,59,569
17,3,569
6,204,569
18,182,570
16,70,570
5,27,570
11,56,570
12,57,570
4,67,570
13,73,570
6,32,570
10,63,570
1,6,570
2,25,570
8,58,570
9,37,570
3,1,570
14,59,570
17,3,570
7,204,570
18,182,571
16,70,571
5,27,571
11,56,571
12,57,571
4,67,571
13,73,571
6,32,571
10,63,571
1,6,571
3,25,571
7,58,571
9,37,571
2,1,571
14,59,571
17,3,571
8,204,571
18,182,572
16,70,572
4,27,572
11,56,572
12,57,572
5,67,572
13,73,572
7,32,572
10,63,572
1,6,572
2,25,572
8,58,572
6,37,572
3,1,572
14,59,572
17,3,572
9,204,572
18,182,573
16,70,573
4,27,573
11,56,573
12,57,573
6,67,573
13,73,573
5,32,573
10,63,573
1,6,573
3,25,573
8,58,573
7,37,573
2,1,573
14,59,573
17,3,573
9,204,573
18,182,574
16,70,574
5,27,574
11,56,574
12,57,574
4,67,574
13,73,574
6,32,574
10,63,574
1,6,574
3,25,574
8,58,574
7,37,574
2,1,574
14,59,574
17,3,574
9,204,574
18,72,575
14,64,575
19,182,575
16,70,575
6,27,575
11,56,575
12,57,575
5,67,575
13,73,575
4,32,575
10,63,575
1,6,575
3,25,575
8,58,575
7,37,575
2,1,575
15,59,575
17,3,575
9,204,575
14,56,576
13,66,576
12,73,576
11,3,576
1,1,576
2,64,576
3,34,576
4,6,576
5,25,576
6,67,576
7,32,576
8,37,576
9,26,576
10,202,576
15,66,577
6,73,577
11,63,577
12,3,577
14,56,577
1,1,577
3,64,577
2,34,577
4,6,577
5,25,577
7,67,577
8,32,577
9,37,577
10,26,577
13,202,577
8,75,578
16,66,578
7,73,578
13,63,578
14,3,578
15,56,578
2,1,578
5,64,578
1,34,578
4,6,578
3,25,578
6,67,578
9,32,578
11,37,578
12,26,578
10,202,578
17,57,579
12,75,579
16,66,579
11,73,579
13,63,579
10,3,579
15,56,579
2,1,579
5,64,579
1,34,579
4,6,579
3,25,579
9,67,579
6,32,579
8,37,579
14,26,579
7,202,579
17,57,580
12,75,580
16,66,580
11,73,580
13,63,580
10,3,580
15,56,580
1,1,580
5,64,580
2,34,580
3,6,580
4,25,580
9,67,580
6,32,580
8,37,580
14,26,580
7,202,580
17,57,581
12,75,581
14,66,581
11,73,581
13,63,581
10,3,581
16,56,581
2,1,581
5,64,581
1,34,581
3,6,581
4,25,581
9,67,581
6,32,581
8,37,581
15,26,581
7,202,581
17,57,582
11,75,582
14,66,582
7,73,582
13,63,582
12,3,582
16,56,582
3,1,582
2,34,582
4,25,582
10,37,582
15,26,582
18,74,583
16,57,583
11,75,583
14,66,583
8,73,583
13,63,583
12,3,583
17,56,583
3,1,583
2,34,583
4,25,583
6,32,583
10,37,583
15,26,583
18,74,584
16,57,584
11,75,584
14,66,584
7,73,584
13,63,584
12,3,584
3,1,584
4,64,584
5,25,584
6,32,584
10,37,584
15,26,584
19,74,585
18,76,585
16,57,585
11,75,585
14,66,585
7,73,585
13,63,585
12,3,585
3,1,585
4,64,585
5,25,585
10,67,585
6,32,585
9,37,585
15,26,585
19,74,586
18,76,586
13,57,586
11,75,586
15,66,586
9,73,586
14,63,586
8,3,586
3,1,586
4,64,586
5,25,586
12,67,586
7,32,586
10,37,586
16,26,586
20,74,587
19,203,587
18,76,587
13,57,587
11,75,587
15,66,587
10,73,587
14,63,587
9,3,587
17,56,587
3,1,587
4,64,587
2,34,587
1,6,587
5,25,587
12,67,587
20,74,588
19,203,588
18,76,588
13,57,588
11,75,588
15,66,588
10,73,588
14,63,588
9,3,588
17,56,588
3,1,588
4,64,588
2,34,588
1,6,588
5,25,588
12,67,588
20,74,589
19,203,589
18,76,589
13,57,589
11,75,589
15,66,589
10,73,589
14,63,589
9,3,589
16,56,589
3,1,589
4,64,589
2,34,589
1,6,589
5,25,589
12,67,589
11,58,590
10,80,590
9,63,590
8,32,590
1,1,590
2,6,590
3,66,590
4,25,590
5,34,590
6,37,590
7,26,590
10,58,591
11,80,591
3,32,591
4,63,591
1,1,591
2,6,591
5,66,591
6,25,591
7,34,591
8,37,591
9,26,591
12,64,592
11,58,592
9,80,592
5,32,592
7,63,592
1,1,592
2,6,592
4,66,592
6,25,592
3,34,592
8,37,592
10,26,592
14,78,593
10,58,593
11,64,593
13,77,593
9,80,593
7,32,593
8,63,593
1,1,593
2,6,593
4,66,593
5,25,593
3,34,593
6,37,593
12,26,593
15,79,594
16,78,594
14,57,594
10,58,594
13,64,594
12,77,594
9,80,594
7,32,594
8,63,594
1,1,594
2,6,594
3,66,594
4,25,594
5,34,594
6,37,594
11,26,594
15,79,595
16,78,595
14,57,595
8,58,595
13,64,595
12,77,595
10,80,595
4,32,595
9,63,595
1,1,595
2,6,595
6,66,595
3,25,595
5,34,595
7,37,595
11,26,595
15,79,596
16,78,596
14,57,596
7,58,596
9,64,596
13,77,596
12,80,596
4,32,596
10,63,596
1,1,596
2,6,596
6,66,596
3,25,596
5,34,596
8,37,596
11,26,596
15,79,597
16,78,597
14,57,597
7,58,597
9,64,597
13,77,597
12,80,597
4,32,597
10,63,597
1,1,597
2,6,597
6,66,597
3,25,597
5,34,597
8,37,597
11,26,597
15,79,598
16,78,598
14,57,598
7,58,598
9,64,598
13,77,598
12,80,598
4,32,598
10,63,598
2,1,598
1,6,598
6,66,598
3,25,598
5,34,598
8,37,598
11,26,598
18,74,599
17,76,599
15,79,599
16,78,599
14,57,599
7,58,599
9,64,599
13,77,599
12,80,599
4,32,599
10,63,599
1,1,599
2,6,599
6,66,599
3,25,599
5,34,599
8,37,599
11,26,599
18,74,600
17,76,600
16,78,600
14,79,600
15,57,600
7,58,600
9,64,600
13,77,600
12,80,600
4,32,600
10,63,600
2,1,600
1,6,600
6,66,600
3,25,600
5,34,600
8,37,600
11,26,600
18,74,601
17,76,601
16,78,601
14,79,601
15,57,601
8,58,601
7,64,601
13,77,601
12,80,601
4,32,601
10,63,601
2,1,601
1,6,601
6,66,601
3,25,601
5,34,601
9,37,601
11,26,601
18,74,602
17,76,602
16,78,602
14,79,602
15,57,602
8,58,602
7,64,602
13,77,602
10,80,602
4,32,602
11,63,602
1,1,602
2,6,602
6,66,602
3,25,602
5,34,602
9,37,602
12,26,602
20,74,603
19,76,603
18,78,603
13,73,603
15,67,603
16,79,603
17,57,603
8,58,603
6,64,603
14,77,603
10,80,603
4,32,603
11,63,603
1,1,603
2,6,603
7,66,603
3,25,603
5,34,603
9,37,603
12,26,603
20,74,604
19,76,604
18,78,604
13,73,604
15,67,604
16,79,604
17,57,604
8,58,604
6,64,604
14,77,604
10,80,604
4,32,604
11,63,604
1,1,604
2,6,604
7,66,604
3,25,604
5,34,604
9,37,604
12,26,604
9,63,605
1,32,605
2,25,605
3,6,605
4,1,605
7,37,605
8,80,605
9,63,606
7,80,606
1,32,606
2,25,606
4,6,606
3,1,606
6,34,606
5,66,606
8,37,606
7,58,607
9,63,607
1,32,607
2,25,607
3,1,607
8,80,607
5,58,608
10,63,608
1,32,608
2,25,608
4,6,608
3,1,608
7,34,608
6,66,608
8,37,608
9,80,608
8,81,609
5,58,609
11,63,609
2,32,609
1,25,609
4,6,609
3,1,609
7,34,609
6,66,609
9,37,609
10,80,609
8,81,610
5,58,610
11,63,610
2,32,610
1,25,610
4,6,610
3,1,610
7,34,610
6,66,610
9,37,610
10,80,610
8,81,611
6,58,611
11,63,611
2,32,611
1,25,611
4,6,611
3,1,611
5,34,611
7,66,611
9,37,611
10,80,611
12,57,612
9,81,612
6,58,612
11,63,612
1,32,612
2,25,612
4,6,612
7,66,612
8,37,612
10,80,612
12,57,613
9,81,613
6,58,613
11,63,613
1,32,613
2,25,613
7,66,613
8,37,613
10,80,613
12,57,614
10,81,614
8,58,614
11,63,614
2,32,614
1,25,614
5,6,614
3,1,614
4,34,614
7,66,614
6,37,614
9,80,614
12,57,615
11,81,615
8,58,615
9,63,615
2,32,615
1,25,615
5,6,615
3,1,615
4,34,615
7,66,615
6,37,615
10,80,615
12,57,616
11,81,616
9,58,616
8,63,616
2,32,616
1,25,616
5,6,616
3,1,616
4,34,616
6,66,616
7,37,616
10,80,616
12,57,617
11,81,617
9,58,617
8,63,617
2,32,617
1,25,617
5,6,617
3,1,617
4,34,617
6,66,617
7,37,617
10,80,617
12,57,618
11,81,618
7,58,618
9,63,618
1,32,618
2,25,618
5,6,618
3,1,618
4,34,618
6,66,618
8,37,618
10,80,618
12,57,619
11,81,619
8,58,619
9,63,619
1,32,619
2,25,619
6,6,619
3,1,619
4,34,619
7,66,619
5,37,619
10,80,619
2,1,620
1,25,620
9,82,620
3,6,620
5,37,620
6,34,620
4,32,621
2,25,621
9,82,621
3,6,621
6,63,621
6,37,622
4,25,622
9,82,622
3,6,622
5,63,622
4,25,623
9,82,623
3,6,623
6,63,623
7,37,623
8,34,623
5,66,623
9,34,624
7,37,624
6,63,624
3,6,624
10,81,624
4,25,624
8,82,624
10,81,625
2,25,625
8,82,625
3,1,625
4,6,625
6,63,625
7,37,625
9,34,625
5,66,625
1,32,625
11,83,626
10,81,626
2,25,626
6,82,626
3,1,626
4,6,626
7,63,626
8,37,626
9,34,626
5,66,626
1,32,626
11,83,627
10,81,627
2,25,627
7,82,627
4,1,627
3,6,627
8,63,627
6,37,627
9,34,627
5,66,627
1,32,627
11,84,628
12,83,628
10,81,628
3,25,628
8,82,628
2,1,628
4,6,628
7,63,628
6,37,628
9,34,628
5,66,628
1,32,628
11,84,629
12,83,629
10,81,629
3,25,629
8,82,629
2,1,629
4,6,629
5,63,629
7,37,629
9,34,629
6,66,629
1,32,629
11,84,630
12,83,630
10,81,630
3,25,630
7,82,630
2,1,630
4,6,630
5,63,630
8,37,630
9,34,630
6,66,630
1,32,630
11,84,631
12,83,631
10,81,631
2,25,631
8,82,631
3,1,631
4,6,631
5,63,631
6,37,631
9,34,631
7,66,631
1,32,631
9,199,632
8,200,632
1,6,632
2,25,632
3,180,632
4,82,632
5,1,632
6,63,632
7,34,632
9,200,633
4,66,633
1,6,633
2,25,633
5,180,633
3,82,633
6,1,633
7,63,633
8,34,633
3,200,634
7,66,634
2,6,634
1,25,634
6,180,634
4,82,634
5,1,634
8,63,634
9,34,634
10,199,635
4,200,635
9,34,635
8,63,635
6,1,635
5,82,635
7,180,635
2,25,635
1,6,635
10,199,636
4,200,636
9,34,636
8,63,636
7,1,636
6,82,636
5,180,636
1,25,636
2,6,636
3,200,637
5,66,637
2,6,637
1,25,637
4,180,637
6,82,637
7,1,637
8,63,637
9,34,637
3,200,638
5,66,638
2,6,638
1,25,638
4,180,638
6,82,638
7,1,638
8,63,638
9,34,638
10,199,639
5,200,639
8,34,639
9,63,639
7,1,639
6,82,639
4,180,639
1,25,639
2,6,639
3,66,640
11,199,640
4,200,640
9,34,640
7,63,640
8,1,640
6,82,640
5,180,640
1,25,640
2,6,640
3,66,641
11,199,641
4,200,641
9,34,641
8,63,641
6,1,641
7,82,641
5,180,641
1,25,641
2,6,641
10,201,642
4,200,642
2,66,642
3,6,642
1,25,642
5,180,642
7,82,642
6,1,642
8,63,642
9,34,642
8,86,643
1,34,643
2,187,643
3,37,643
6,66,643
9,198,644
8,86,644
2,187,644
3,34,644
1,37,644
9,198,645
2,187,645
1,34,645
5,82,645
9,198,646
8,86,646
2,34,646
1,37,646
5,82,646
10,85,647
9,198,647
4,187,647
8,86,647
3,34,647
5,82,647
10,85,648
9,198,648
4,187,648
8,86,648
3,34,648
5,82,648
11,85,649
9,198,649
10,63,649
4,187,649
8,86,649
3,34,649
2,37,649
11,85,650
10,198,650
8,63,650
4,187,650
9,86,650
3,34,650
6,82,650
1,23,17
3,1,17
5,7,17
8,4,17
7,3,17
10,5,17
9,10,17
6,2,17
2,9,17
4,6,17
9,198,651
8,63,651
4,187,651
10,86,651
3,34,651
6,82,651
11,85,652
8,198,652
9,63,652
5,187,652
10,86,652
3,34,652
2,37,652
11,25,653
12,85,653
9,198,653
8,63,653
5,187,653
10,86,653
4,34,653
12,85,654
11,25,654
9,198,654
8,63,654
5,187,654
4,34,654
7,82,654
12,85,655
11,25,655
9,198,655
8,63,655
5,187,655
4,34,655
7,82,655
6,191,657
4,66,656
1,196,656
2,180,656
3,187,656
1,196,657
3,180,657
4,66,657
2,187,657
3,187,658
5,66,658
1,196,658
2,180,658
6,167,658
2,180,659
7,167,659
1,196,659
6,66,659
2,180,660
7,167,660
1,196,660
6,66,660
2,180,661
7,167,661
1,196,661
6,66,661
4,187,662
6,66,662
1,196,662
7,167,662
2,180,662
1,196,663
7,167,663
2,180,663
9,197,663
4,187,664
1,196,664
10,183,664
2,180,665
9,197,665
10,183,665
7,167,665
9,197,666
8,191,666
4,187,666
5,66,666
1,196,666
7,167,666
10,89,667
9,190,667
8,183,667
1,180,667
2,191,667
3,6,667
4,194,667
5,196,667
6,167,667
7,11,667
14,89,670
13,190,670
11,183,668
2,187,668
3,195,668
1,180,668
4,191,668
5,6,668
7,194,668
6,196,668
8,167,668
9,11,668
12,183,670
11,82,669
2,187,669
3,195,669
1,180,669
5,191,669
6,6,669
8,194,669
7,196,669
9,167,669
10,11,669
10,11,670
9,167,670
6,196,670
8,194,670
5,6,670
7,191,670
1,180,670
7,82,671
2,187,671
6,195,671
1,180,671
8,191,671
5,6,671
9,194,671
4,196,671
10,167,671
11,11,671
7,82,672
2,187,672
6,195,672
1,180,672
9,191,672
3,6,672
10,194,672
4,196,672
11,167,672
8,11,672
14,89,673
13,190,673
12,183,673
7,11,673
11,167,673
4,196,673
10,194,673
2,6,673
9,191,673
1,180,673
5,66,674
9,82,674
4,187,674
6,195,674
1,180,674
7,191,674
3,6,674
10,194,674
2,196,674
11,167,674
8,11,674
17,170,675
16,89,675
12,190,675
15,183,675
9,11,675
11,167,675
2,196,675
10,194,675
3,6,675
7,191,675
1,180,675
5,66,676
8,82,676
2,187,676
6,195,676
1,180,676
7,191,676
4,6,676
10,194,676
3,196,676
11,167,676
9,11,676
17,170,677
16,89,677
12,190,677
15,183,677
7,11,677
11,167,677
2,196,677
10,194,677
4,6,677
8,191,677
1,180,677
17,170,678
16,89,678
12,190,678
15,183,678
6,11,678
11,167,678
3,196,678
10,194,678
4,6,678
8,191,678
1,180,678
7,176,679
6,184,679
5,183,679
4,191,679
3,11,679
2,170,679
1,167,679
3,176,680
5,6,680
7,194,680
9,66,680
11,172,680
2,167,680
4,170,680
6,11,680
1,191,680
8,183,680
4,6,681
10,66,681
13,189,681
5,176,681
11,184,681
9,183,681
1,191,681
7,11,681
6,170,681
2,167,681
3,6,682
6,66,682
14,189,682
7,176,682
12,184,682
11,183,682
1,191,682
9,11,682
8,170,682
2,167,682
7,176,683
4,6,683
10,194,683
3,66,683
13,172,683
2,167,683
8,170,683
9,11,683
1,191,683
11,183,683
7,176,684
4,6,684
10,194,684
5,66,684
13,172,684
3,167,684
8,170,684
9,11,684
1,191,684
11,183,684
15,172,685
10,194,685
4,6,685
5,66,685
16,189,685
8,176,685
14,184,685
11,183,685
1,191,685
7,11,685
9,170,685
2,167,685
5,190,686
2,180,686
8,176,686
4,6,686
10,194,686
6,66,686
15,172,686
3,167,686
9,170,686
7,11,686
1,191,686
11,183,686
7,190,687
2,180,687
8,176,687
4,6,687
10,194,687
6,66,687
15,172,687
3,167,687
9,170,687
5,11,687
1,191,687
11,183,687
7,190,688
2,180,688
8,176,688
4,6,688
10,194,688
6,66,688
16,172,688
3,167,688
9,170,688
5,11,688
1,191,688
11,183,688
7,190,689
2,180,689
8,176,689
5,6,689
10,194,689
6,66,689
16,172,689
3,167,689
9,170,689
4,11,689
1,191,689
11,183,689
1,66,690
2,6,690
3,167,690
9,187,690
1,6,691
3,167,691
10,187,691
5,189,691
9,183,691
1,6,692
4,167,692
10,187,692
11,188,692
5,189,692
3,66,692
2,6,693
4,167,693
12,187,693
13,91,693
8,188,693
10,192,693
12,187,694
13,91,694
2,6,694
4,167,694
9,188,694
11,192,694
12,187,695
13,91,695
2,6,695
4,167,695
9,188,695
11,192,695
13,187,696
15,91,696
14,190,696
12,11,696
2,6,696
4,167,696
10,188,696
8,187,697
15,91,697
14,190,697
13,11,697
2,6,697
11,188,697
15,91,698
9,187,698
14,190,698
8,11,698
3,167,698
1,172,699
2,6,699
4,170,699
5,181,699
6,183,699
7,182,699
7,182,700
8,51,700
1,66,700
2,6,700
4,170,700
8,182,701
9,51,701
11,185,701
1,66,701
5,183,701
8,182,702
9,51,702
11,185,702
2,66,702
4,170,702
8,182,703
9,51,703
11,185,703
2,66,703
3,6,703
5,183,703
8,182,704
10,51,704
11,185,704
2,66,704
5,170,704
8,182,705
10,51,705
11,185,705
2,66,705
4,183,705
9,182,706
10,51,706
11,185,706
2,66,706
3,6,706
4,183,706
9,182,707
10,51,707
11,185,707
2,66,707
5,170,707
5,181,690
9,182,708
10,51,708
11,185,708
2,66,708
3,183,708
1,66,709
7,94,709
3,170,709
5,183,709
1,172,710
2,66,710
8,94,710
9,95,710
7,181,710
1,172,711
10,95,711
2,66,711
9,92,712
2,66,712
7,94,712
8,181,712
4,170,712
10,95,713
9,92,713
1,172,713
2,66,713
7,94,713
8,181,713
11,95,714
12,182,714
9,11,714
2,66,714
8,94,714
11,95,715
12,182,715
10,92,715
9,11,715
2,172,715
8,94,715
12,95,716
13,182,716
10,92,716
11,96,716
9,11,716
2,66,716
8,51,699
9,176,699
11,96,717
9,11,717
13,182,717
12,95,717
10,92,717
11,96,718
9,11,718
13,182,718
12,95,718
10,92,718
5,170,710
4,176,710
11,95,719
9,92,719
8,54,719
5,176,719
4,172,719
3,6,719
2,170,719
6,183,710
3,6,710
4,176,709
12,86,720
11,94,720
6,95,720
5,6,720
8,176,720
9,26,720
2,172,709
12,86,721
6,94,721
3,170,721
7,95,721
1,172,721
8,176,721
12,86,722
2,170,722
3,66,722
5,6,722
1,172,722
13,86,723
12,97,723
6,94,723
3,170,723
8,95,723
5,6,723
1,172,723
13,86,724
12,97,724
8,94,724
2,66,724
3,6,724
1,172,724
13,86,725
15,177,725
16,179,725
17,173,725
14,167,725
6,94,725
2,66,725
7,95,725
6,6,709
14,86,726
17,179,726
10,98,726
15,167,726
13,97,726
4,170,726
7,95,726
14,86,727
17,177,727
19,173,727
10,98,727
16,167,727
13,97,727
6,94,727
2,66,727
7,26,729
6,99,729
5,95,729
4,170,729
3,6,729
9,175,730
8,176,730
5,26,730
7,99,730
1,170,730
3,6,730
9,175,731
8,176,731
5,26,731
7,99,731
6,95,731
3,6,731
2,172,731
8,92,709
1,66,720
10,32,732
7,87,732
11,175,732
8,176,732
6,26,732
9,99,732
4,34,720
12,97,733
10,32,733
8,87,733
11,175,733
5,26,733
7,99,733
6,95,733
12,34,734
8,100,734
13,97,734
11,32,734
4,26,734
3,170,734
6,26,719
7,34,719
11,32,735
15,174,735
16,86,735
12,34,735
13,97,735
10,87,735
2,172,735
12,32,736
15,174,736
16,86,736
17,177,736
10,100,736
7,34,736
11,87,736
10,86,719
1,66,719
14,32,737
17,174,737
18,86,737
19,177,737
13,178,737
12,89,737
11,87,737
8,176,737
6,66,740
6,66,739
1,172,738
4,6,733
1,172,733
7,99,739
2,170,732
5,95,732
2,66,733
7,99,740
7,99,741
8,174,741
9,101,741
4,6,732
3,172,732
1,66,732
4,170,731
7,97,742
10,101,742
9,174,742
8,99,742
5,66,742
1,66,731
8,99,743
9,174,743
11,101,743
7,97,743
10,103,743
9,176,733
11,174,744
12,101,744
7,97,744
13,103,744
6,95,730
1,66,729
2,172,729
2,66,730
4,172,730
6,6,734
3,170,733
9,175,745
8,173,745
13,103,745
7,97,745
12,101,745
11,174,745
10,99,745
5,66,745
6,167,745
4,170,745
3,95,745
12,123,761
11,118,761
9,106,755
12,123,763
12,123,762
11,118,762
10,101,762
8,169,762
5,117,762
7,105,762
9,95,762
12,123,760
11,118,760
11,118,763
10,101,763
5,117,763
8,169,763
8,117,759
6,105,759
7,95,759
4,32,759
3,66,759
5,167,759
7,117,758
7,105,749
7,95,754
7,105,757
7,105,756
13,89,728
15,180,728
16,51,728
18,86,728
21,179,728
19,32,728
10,98,728
14,167,728
17,97,728
5,170,728
7,95,727
3,6,727
8,176,727
3,6,726
1,172,726
8,176,726
3,6,725
1,172,725
7,176,724
9,26,724
11,54,724
9,26,723
11,54,723
7,176,722
4,34,722
10,26,721
11,54,721
10,54,720
7,92,720
2,172,734
1,66,734
1,6,745
2,172,745
9,175,744
8,173,744
10,99,744
5,66,744
5,66,743
6,167,743
4,170,743
3,95,743
6,167,742
4,170,742
3,95,742
5,66,741
6,167,741
5,167,740
5,167,739
2,6,738
3,95,738
7,95,755
13,118,755
6,171,755
3,6,755
11,105,755
8,104,755
12,101,755
1,170,755
2,32,755
4,66,755
5,167,755
10,117,755
13,118,754
9,117,754
2,32,754
6,171,754
11,101,754
10,105,754
8,104,754
4,66,754
5,167,754
3,6,754
1,170,754
12,118,753
10,171,753
4,66,753
7,104,753
9,101,753
1,170,753
2,32,753
3,6,753
5,167,753
6,117,753
12,118,752
10,171,752
3,6,752
7,104,752
9,101,752
1,170,752
2,32,752
4,66,752
5,167,752
6,117,752
8,105,752
7,105,751
11,118,751
10,117,751
9,171,751
8,106,751
12,101,751
6,104,751
1,170,751
3,6,751
5,167,751
2,32,751
11,171,750
8,105,753
7,105,750
8,106,750
3,6,750
9,117,750
11,171,749
10,106,749
4,66,749
6,104,749
9,101,749
1,170,749
2,32,749
3,6,749
8,117,749
7,105,748
9,106,748
10,171,748
6,104,748
2,6,748
4,167,748
3,32,748
1,170,748
5,66,748
8,101,748
9,106,747
2,6,747
10,171,747
6,104,747
1,170,747
5,66,747
8,101,747
7,105,746
6,104,746
5,66,746
3,167,746
4,32,746
1,170,746
2,6,746
8,176,736
3,170,736
14,175,735
8,176,735
1,66,735
8,105,758
6,95,757
5,32,757
4,66,757
3,167,757
6,95,758
4,32,758
2,66,758
5,167,758
3,6,758
1,170,758
6,32,775
1,118,775
8,125,775
9,127,775
7,95,775
6,95,756
5,32,756
4,66,756
3,167,756
2,6,756
1,170,756
2,6,757
1,170,757
4,66,775
5,105,775
3,87,774
2,6,774
5,105,774
4,66,774
6,32,774
1,118,774
8,125,774
9,127,774
7,95,774
3,87,773
2,172,737
6,6,737
9,100,735
17,177,735
5,6,735
2,6,759
1,170,759
4,66,773
6,32,773
1,118,773
8,125,773
9,127,773
7,95,773
10,101,760
8,169,760
5,117,760
7,105,760
9,95,760
5,105,773
2,6,773
4,32,760
3,66,760
6,167,760
2,6,760
1,170,760
7,95,772
9,127,772
8,125,772
2,118,772
4,66,772
6,32,772
5,105,772
1,6,772
3,87,772
10,101,761
8,169,761
6,117,761
7,105,761
9,95,761
4,32,761
3,66,761
5,167,761
6,32,771
2,118,771
8,125,771
9,127,771
7,95,771
4,66,771
3,87,771
1,6,771
3,170,737
5,95,737
9,99,737
4,26,737
6,6,736
2,172,736
14,175,736
2,6,761
5,105,770
4,66,770
6,32,770
2,118,770
8,125,770
9,127,770
7,95,770
1,170,761
3,118,769
8,125,769
9,127,769
7,95,769
13,97,736
6,167,744
4,170,744
3,95,744
1,6,743
2,172,743
1,6,742
2,172,742
6,32,769
1,6,769
5,105,769
8,125,768
9,127,768
7,95,768
1,66,736
5,95,736
4,170,741
3,95,741
1,6,741
2,172,741
3,170,740
4,95,740
3,118,768
6,32,768
4,66,768
5,105,768
2,6,768
1,87,768
7,95,767
9,127,767
8,125,767
3,118,767
4,66,769
6,32,767
8,127,766
7,125,766
6,118,766
5,32,766
4,66,766
3,105,766
2,6,766
1,87,766
4,66,767
5,105,767
2,6,767
1,87,767
3,105,765
2,6,765
1,87,765
2,87,769
1,6,770
3,87,770
5,105,771
3,87,775
2,6,775
3,170,735
5,95,734
7,99,734
6,95,735
7,99,735
4,26,735
10,176,734
14,175,734
9,87,734
1,6,740
2,172,740
4,170,739
3,95,739
4,170,738
5,167,738
12,106,754
11,106,753
11,106,752
4,66,751
5,167,750
15,118,764
16,123,764
7,113,764
11,168,764
12,124,764
13,125,764
7,105,747
3,32,747
4,167,747
5,167,749
4,66,750
2,32,750
1,170,750
10,101,750
6,104,750
4,34,613
3,1,613
5,6,613
5,34,612
3,1,612
4,6,607
10,37,607
5,66,607
6,34,607
6,66,605
5,34,605
1,1,622
1,1,621
5,37,621
4,63,620
2,1,624
5,66,624
1,32,624
2,32,623
1,1,623
8,66,622
7,34,622
2,32,622
7,34,621
8,66,621
7,66,620
8,32,620
12,85,642
11,199,642
12,85,641
10,201,641
12,85,640
10,201,640
11,201,639
3,66,639
11,201,638
10,199,638
11,201,637
10,199,637
11,201,636
3,66,636
11,201,635
3,66,635
10,199,634
10,199,633
10,66,632
10,86,655
1,32,655
3,37,655
6,66,655
2,6,655
10,86,654
1,32,654
3,37,654
6,66,654
2,6,654
1,32,653
6,82,653
3,37,653
7,66,653
2,6,653
1,32,652
6,82,652
7,66,652
4,6,652
11,85,651
2,37,651
1,32,651
7,66,651
5,6,651
2,37,650
1,32,650
7,66,650
5,6,650
1,32,649
5,82,649
6,66,649
7,6,649
1,32,648
2,37,648
6,66,648
7,6,648
2,32,647
1,37,647
6,66,647
7,6,647
3,187,646
4,32,646
6,66,646
7,6,646
7,86,645
4,37,645
3,32,645
6,66,645
8,6,645
4,32,644
5,82,644
6,66,644
7,6,644
5,32,643
4,82,643
3,182,665
2,182,664
3,182,663
5,6,662
3,187,661
3,187,660
5,6,659
7,6,643
10,183,666
3,180,666
6,6,666
2,182,666
1,196,665
6,66,665
4,187,665
8,191,665
5,6,665
9,197,664
3,180,664
7,167,664
6,66,664
8,191,664
5,6,664
6,66,663
4,187,663
8,191,663
5,6,663
9,197,662
8,191,662
3,182,662
8,191,661
5,6,661
4,182,661
8,191,660
5,6,660
4,182,660
3,187,659
8,191,659
4,182,659
8,6,658
7,191,658
4,182,658
7,6,657
5,182,657
5,191,656
6,6,656
7,182,656
14,1,678
13,26,678
9,82,678
2,187,678
7,195,678
5,66,678
14,1,677
13,26,677
9,82,677
3,187,677
6,195,677
5,66,677
14,1,676
13,26,676
17,170,676
16,89,676
15,183,676
12,190,676
14,1,675
13,26,675
8,82,675
4,187,675
6,195,675
5,66,675
14,1,674
13,26,674
17,170,674
16,89,674
15,183,674
12,190,674
8,82,673
3,187,673
6,195,673
5,66,673
15,170,673
15,170,672
14,89,672
13,190,672
12,183,672
5,66,672
15,170,671
14,89,671
13,190,671
12,183,671
3,66,671
11,82,670
2,187,670
4,195,670
3,66,670
15,170,670
15,170,669
14,89,669
13,190,669
12,183,669
4,66,669
10,66,668
14,170,668
13,89,668
12,190,668
13,195,667
12,66,667
11,170,667
15,184,689
20,193,689
14,26,689
18,82,689
19,90,689
17,189,689
12,187,689
13,182,689
15,184,688
20,193,688
14,26,688
18,82,688
19,90,688
17,189,688
13,187,688
12,182,688
14,184,687
19,193,687
13,26,687
17,82,687
18,90,687
16,189,687
12,182,687
14,184,686
19,193,686
13,26,686
17,82,686
18,90,686
16,189,686
12,182,686
18,90,685
13,26,685
12,182,685
19,193,685
3,180,685
17,82,685
6,190,685
12,184,684
15,82,684
14,189,684
16,193,684
6,190,684
2,180,684
12,184,683
15,82,683
14,189,683
6,190,683
5,180,683
4,180,682
15,82,682
5,190,682
13,172,682
10,194,682
3,180,681
15,82,681
14,190,681
12,172,681
8,194,681
10,184,680
13,190,680
14,82,680
12,189,680
9,66,679
8,189,679
10,183,698
1,191,698
2,6,698
12,188,698
13,192,698
7,189,698
4,66,698
6,172,698
11,181,698
5,176,698
10,181,697
1,191,697
3,167,697
12,192,697
7,189,697
4,66,697
9,183,697
6,172,697
5,176,697
7,189,696
11,192,696
3,66,696
8,183,696
5,172,696
9,181,696
6,176,696
1,191,696
3,66,695
7,176,695
8,181,695
5,172,695
6,189,695
10,183,695
1,191,695
1,191,694
7,176,694
8,181,694
5,172,694
10,183,694
3,66,694
6,189,694
3,66,693
6,189,693
9,183,693
5,172,693
7,181,693
11,176,693
1,191,693
6,181,692
8,172,692
7,183,692
9,176,692
2,191,692
2,66,691
11,188,691
6,172,691
8,181,691
7,176,691
4,191,691
8,183,690
4,172,690
6,176,690
7,191,690
7,181,708
5,170,708
4,6,708
1,172,708
8,176,708
12,186,708
13,184,708
14,180,708
15,93,708
16,167,708
6,11,708
1,172,707
3,6,707
6,181,707
4,183,707
8,176,707
12,186,707
13,184,707
14,180,707
15,93,707
16,167,707
7,11,707
6,181,706
5,170,706
1,172,706
8,176,706
12,186,706
13,184,706
14,180,706
15,93,706
16,167,706
7,11,706
6,181,705
5,170,705
3,6,705
1,172,705
9,176,705
12,186,705
13,184,705
14,180,705
15,93,705
16,167,705
7,11,705
1,172,704
3,6,704
6,181,704
4,183,704
9,176,704
12,186,704
13,184,704
14,180,704
15,93,704
16,167,704
7,11,704
6,181,703
4,170,703
1,172,703
10,176,703
12,186,703
13,184,703
14,180,703
15,93,703
16,167,703
7,11,703
1,172,702
3,6,702
6,181,702
5,183,702
10,176,702
12,186,702
13,184,702
14,180,702
15,93,702
16,167,702
7,11,702
6,181,701
4,170,701
3,6,701
2,172,701
10,176,701
12,186,701
13,184,701
14,180,701
15,93,701
16,167,701
7,11,701
10,185,700
6,183,700
5,181,700
3,172,700
9,176,700
12,186,700
13,184,700
14,180,700
15,93,700
16,167,700
11,11,700
3,66,699
10,185,699
11,186,699
12,184,699
13,180,699
14,93,699
15,167,699
6,181,718
1,6,718
7,94,718
4,183,718
8,176,718
5,170,718
3,172,718
2,66,718
6,181,717
1,6,717
7,94,717
4,183,717
8,176,717
5,170,717
3,172,717
2,66,717
3,172,716
7,181,716
6,94,716
5,170,716
8,176,716
4,183,716
1,6,716
1,66,715
6,181,715
5,170,715
7,176,715
4,183,715
3,6,715
10,92,714
1,172,714
6,181,714
5,170,714
7,176,714
4,183,714
3,6,714
11,182,713
5,170,713
6,176,713
3,183,713
4,6,713
10,95,712
1,172,712
6,176,712
3,183,712
5,6,712
9,92,711
3,170,711
8,181,711
7,94,711
6,176,711
5,183,711
4,6,711
10,92,710
22,173,728
20,177,728
6,94,728
2,66,728
7,95,728
4,6,728
1,172,728
8,176,728
9,26,728
3,34,728
12,54,728
11,92,728
15,32,727
18,179,727
1,172,727
5,170,727
9,26,727
4,34,727
12,54,727
11,92,727
18,173,726
16,177,726
6,94,726
2,66,726
9,26,726
5,34,726
12,54,726
11,92,726
12,97,725
4,170,725
8,176,725
9,26,725
5,34,725
11,54,725
10,92,725
14,177,724
4,170,724
6,95,724
5,34,724
10,92,724
2,66,723
7,176,723
4,34,723
10,92,723
8,95,722
10,92,722
6,94,722
9,26,722
11,54,722
2,66,721
5,6,721
4,34,721
9,92,721
3,170,720
2,172,720
15,97,737
7,34,737
10,100,737
1,66,737
16,175,737
9,99,736
4,26,736
1,6,744
2,172,744
1,6,739
2,172,739
6,66,738
7,99,738
14,101,764
10,169,764
5,117,764
9,105,764
8,95,764
4,32,764
3,66,764
6,167,764
2,6,764
1,170,764
7,105,763
9,95,763
4,32,763
3,66,763
6,167,763
2,6,763
1,170,763
4,32,762
3,66,762
6,167,762
2,6,762
1,170,762
5,64,582
1,6,582
9,67,582
8,202,582
6,32,582
5,64,583
1,6,583
9,67,583
7,202,583
2,34,584
17,56,584
1,6,584
9,67,584
8,202,584
2,34,585
17,56,585
1,6,585
8,202,585
2,34,586
17,56,586
1,6,586
6,202,586
16,26,587
7,37,587
8,32,587
6,202,587
16,26,588
7,37,588
8,32,588
6,202,588
17,26,589
8,37,589
7,32,589
6,202,589
13,66,560
15,64,561
16,64,562
17,64,563
19,182,563
19,66,564
18,64,564
19,66,565
18,64,565
18,64,566
19,66,566
15,70,567
17,182,567
16,70,568
18,182,568
15,64,569
19,66,569
15,64,570
19,66,570
15,64,571
19,66,571
15,64,572
19,66,572
15,64,573
19,66,573
15,64,574
19,66,574
20,66,575
21,74,575
6,21,512
8,57,512
10,59,512
12,4,512
2,32,513
3,1,513
6,56,513
14,204,513
13,204,512
1,6,515
3,32,515
5,1,515
16,61,516
13,57,516
4,25,516
9,58,516
14,57,517
4,25,517
14,57,518
4,25,518
5,3,519
12,59,519
6,4,519
4,3,520
10,56,520
12,59,520
6,4,520
1,6,521
12,59,521
5,25,521
9,204,521
6,4,521
14,57,523
11,58,523
7,1,523
2,27,523
9,21,524
10,56,524
4,32,524
3,27,524
11,58,525
7,1,525
4,32,525
3,27,525
9,21,526
12,56,526
4,32,526
3,27,526
1,6,337
2,1,337
4,9,337
3,131,337
5,10,337
6,3,337
7,4,337
8,5,337
9,205,337
10,15,337
11,164,337
12,166,337
1,6,338
2,1,338
5,9,338
3,131,338
6,10,338
7,3,338
4,4,338
8,5,338
10,205,338
9,15,338
11,164,338
12,166,338
1,6,339
2,1,339
3,9,339
4,131,339
6,10,339
7,3,339
5,4,339
8,5,339
10,205,339
9,15,339
11,164,339
12,166,339
2,6,340
1,1,340
3,9,340
4,131,340
6,10,340
7,3,340
5,4,340
8,5,340
10,205,340
9,15,340
11,164,340
12,166,340
2,6,341
1,1,341
3,9,341
4,131,341
6,10,341
7,3,341
5,4,341
8,5,341
10,205,341
9,15,341
11,164,341
12,166,341
3,6,343
12,166,342
11,164,342
10,205,342
5,4,342
4,131,342
9,15,342
7,3,342
8,5,342
6,10,342
1,9,342
3,1,342
2,6,342
1,1,343
2,9,343
4,131,343
6,10,343
7,3,343
5,4,343
8,5,343
10,205,343
9,15,343
11,164,343
12,166,343
3,6,344
1,1,344
2,9,344
4,131,344
6,10,344
8,3,344
5,4,344
7,5,344
10,205,344
9,15,344
11,164,344
12,166,344
3,6,345
1,1,345
2,9,345
4,131,345
6,10,345
7,3,345
5,4,345
8,5,345
10,205,345
9,15,345
11,164,345
12,166,345
3,6,346
1,1,346
2,9,346
4,131,346
6,10,346
7,3,346
5,4,346
9,5,346
10,205,346
8,15,346
11,164,346
12,166,346
3,6,347
1,1,347
2,9,347
4,131,347
6,10,347
7,3,347
5,4,347
9,5,347
10,205,347
8,15,347
11,164,347
12,166,347
3,6,348
2,1,348
1,9,348
4,131,348
6,10,348
7,3,348
5,4,348
9,5,348
10,205,348
8,15,348
11,164,348
12,166,348
3,6,349
2,1,349
1,9,349
4,131,349
6,10,349
7,3,349
5,4,349
9,5,349
10,205,349
8,15,349
11,164,349
12,166,349
3,6,350
2,1,350
1,9,350
4,131,350
6,10,350
7,3,350
5,4,350
9,5,350
10,205,350
8,15,350
11,164,350
12,166,350
12,166,351
11,164,351
8,15,351
10,205,351
9,5,351
5,4,351
2,1,351
1,9,351
4,131,351
6,10,351
7,3,351
3,6,351
12,166,353
12,166,352
11,164,352
8,15,352
10,205,352
9,5,352
5,4,352
2,1,352
1,9,352
4,131,352
6,10,352
7,3,352
3,6,352
8,15,353
9,5,353
7,3,353
4,131,353
11,164,353
5,4,353
10,205,353
1,9,353
6,10,353
2,1,353
3,6,353
3,6,354
2,1,354
1,9,354
4,131,354
7,10,354
6,3,354
5,4,354
9,5,354
10,205,354
8,15,354
11,164,354
12,166,354
3,6,355
2,1,355
1,9,355
4,131,355
7,10,355
6,3,355
5,4,355
9,5,355
10,205,355
8,15,355
11,164,355
12,166,355
1,4,75
4,4,842
2,1,842
1,9,842
10,131,841
9,3,841
8,166,841
7,205,841
6,10,841
5,5,841
3,6,841
4,4,841
2,1,841
1,9,841
3,6,842
6,5,842
7,10,842
9,205,842
10,166,842
11,3,842
8,131,842
5,15,842
12,164,842
1,9,843
2,1,843
4,4,843
3,6,843
7,5,843
8,10,843
9,205,843
11,166,843
10,3,843
5,131,843
6,15,843
12,164,843
1,9,844
2,1,844
4,4,844
3,6,844
7,5,844
8,10,844
9,205,844
11,166,844
10,3,844
5,131,844
6,15,844
12,164,844
1,9,845
2,1,845
4,4,845
3,6,845
7,5,845
8,10,845
10,205,845
11,166,845
9,3,845
5,131,845
6,15,845
12,164,845
1,9,846
2,1,846
4,4,846
3,6,846
8,5,846
7,10,846
10,205,846
11,166,846
9,3,846
5,131,846
6,15,846
12,164,846
1,9,847
2,1,847
4,4,847
3,6,847
7,5,847
8,10,847
10,205,847
12,166,847
9,3,847
5,131,847
6,15,847
11,164,847
1,9,848
2,1,848
4,4,848
3,6,848
7,5,848
8,10,848
10,205,848
12,166,848
9,3,848
5,131,848
6,15,848
11,164,848
1,9,849
2,1,849
5,4,849
3,6,849
7,5,849
8,10,849
10,205,849
12,166,849
9,3,849
4,131,849
6,15,849
11,164,849
1,9,850
2,1,850
5,4,850
3,6,850
8,5,850
7,10,850
10,205,850
12,166,850
9,3,850
4,131,850
6,15,850
11,164,850
1,9,851
2,1,851
5,4,851
3,6,851
8,5,851
7,10,851
10,205,851
12,166,851
9,3,851
4,131,851
6,15,851
11,164,851
1,9,852
2,1,852
5,4,852
3,6,852
8,5,852
7,10,852
10,205,852
12,166,852
9,3,852
4,131,852
6,15,852
11,164,852
1,9,853
2,1,853
5,4,853
3,6,853
8,5,853
6,10,853
10,205,853
12,166,853
9,3,853
4,131,853
7,15,853
11,164,853
1,9,854
2,1,854
5,4,854
3,6,854
8,5,854
6,10,854
10,205,854
12,166,854
9,3,854
4,131,854
7,15,854
11,164,854
1,9,855
2,1,855
5,4,855
3,6,855
8,5,855
6,10,855
10,205,855
12,166,855
9,3,855
4,131,855
7,15,855
11,164,855
1,9,856
2,1,856
5,4,856
3,6,856
8,5,856
6,10,856
10,205,856
12,166,856
9,3,856
4,131,856
7,15,856
11,164,856
1,9,857
2,1,857
5,4,857
3,6,857
8,5,857
6,10,857
10,205,857
12,166,857
9,3,857
4,131,857
7,15,857
11,164,857
1,9,858
2,1,858
5,4,858
3,6,858
8,5,858
6,10,858
10,205,858
12,166,858
9,3,858
4,131,858
7,15,858
11,164,858
1,9,859
2,1,859
5,4,859
3,6,859
8,5,859
6,10,859
10,205,859
12,166,859
9,3,859
4,131,859
7,15,859
11,164,859
10,206,860
11,207,860
1,1,860
9,3,860
8,131,860
7,10,860
6,5,860
5,208,860
3,15,860
4,6,860
2,9,860
1,1,861
2,9,861
3,6,861
4,15,861
5,208,861
8,5,861
6,10,861
9,131,861
7,3,861
10,206,861
11,207,861
12,164,861
1,1,862
2,9,862
3,6,862
4,15,862
6,208,862
9,5,862
8,10,862
5,131,862
7,3,862
10,206,862
11,207,862
12,164,862
12,164,864
11,207,864
6,3,864
5,131,864
8,10,864
3,208,864
10,206,864
9,5,864
7,15,864
4,6,864
1,9,864
2,1,864
2,1,863
1,9,863
4,6,863
6,15,863
3,208,863
9,5,863
8,10,863
5,131,863
7,3,863
10,206,863
11,207,863
12,164,863
2,1,865
1,9,865
3,6,865
7,15,865
4,208,865
9,5,865
8,10,865
5,131,865
6,3,865
11,206,865
10,207,865
12,164,865
2,1,866
1,9,866
4,6,866
6,15,866
3,208,866
9,5,866
8,10,866
5,131,866
7,3,866
11,206,866
10,207,866
12,164,866
2,1,867
1,9,867
4,6,867
6,15,867
3,208,867
9,5,867
8,10,867
5,131,867
7,3,867
11,206,867
10,207,867
12,164,867
4,1,868
1,9,868
2,6,868
6,15,868
3,208,868
9,5,868
8,10,868
5,131,868
7,3,868
11,206,868
10,207,868
12,164,868
10,207,869
12,164,869
5,131,869
11,206,869
7,3,869
8,10,869
9,5,869
4,208,869
6,15,869
2,6,869
1,9,869
3,1,869
12,164,870
11,206,870
8,10,870
1,9,871
10,207,870
5,131,870
2,1,871
2,1,870
1,9,870
3,208,870
6,15,870
4,6,870
7,3,870
9,5,870
4,6,871
6,15,871
3,208,871
9,5,871
7,10,871
5,131,871
8,3,871
11,206,871
10,207,871
12,164,871
2,1,872
1,9,872
3,6,872
6,15,872
4,208,872
9,5,872
7,10,872
5,131,872
8,3,872
11,206,872
10,207,872
12,164,872
12,164,873
11,207,873
8,3,873
7,10,873
4,208,873
10,206,873
9,5,873
5,131,873
6,15,873
3,6,873
1,9,873
2,1,873
12,164,874
11,207,874
8,3,874
7,10,874
4,208,874
10,206,874
9,5,874
5,131,874
6,15,874
3,6,874
1,9,874
2,1,874
3,1,875
1,9,875
2,6,875
6,15,875
4,208,875
9,5,875
7,10,875
5,131,875
8,3,875
10,206,875
11,207,875
12,164,875
12,164,876
11,207,876
8,3,876
7,10,876
4,208,876
10,206,876
9,5,876
5,131,876
6,15,876
2,6,876
1,9,876
3,1,876
3,1,877
1,9,877
2,6,877
6,15,877
4,208,877
9,5,877
7,10,877
5,131,877
8,3,877
10,206,877
11,207,877
12,164,877
3,1,878
1,9,878
2,6,878
6,15,878
4,208,878
9,5,878
7,10,878
5,131,878
8,3,878
10,206,878
11,207,878
12,164,878
3,1,879
1,9,879
2,6,879
6,15,879
4,208,879
9,5,879
7,10,879
5,131,879
8,3,879
11,206,879
10,207,879
12,164,879
2,208,880
1,6,880
3,9,880
4,131,880
5,10,880
6,1,880
7,5,880
8,15,880
9,3,880
10,206,880
11,207,880
2,208,881
3,6,881
1,9,881
4,131,881
5,10,881
7,1,881
8,5,881
6,15,881
9,3,881
10,206,881
11,207,881
3,208,882
2,6,882
1,9,882
4,131,882
6,10,882
5,1,882
7,5,882
8,15,882
9,3,882
10,206,882
11,207,882
2,208,883
3,6,883
1,9,883
4,131,883
5,10,883
6,1,883
7,5,883
8,15,883
9,3,883
10,206,883
11,207,883
3,208,884
2,6,884
1,9,884
4,131,884
5,10,884
6,1,884
7,5,884
8,15,884
9,3,884
10,206,884
11,207,884
3,208,885
2,6,885
1,9,885
4,131,885
5,10,885
6,1,885
7,5,885
8,15,885
9,3,885
10,206,885
11,207,885
4,208,886
2,6,886
1,9,886
3,131,886
5,10,886
6,1,886
7,5,886
8,15,886
9,3,886
10,206,886
11,207,886
4,208,887
3,6,887
1,9,887
2,131,887
5,10,887
6,1,887
7,5,887
8,15,887
9,3,887
10,206,887
11,207,887
4,208,888
3,6,888
1,9,888
2,131,888
5,10,888
6,1,888
7,5,888
8,15,888
9,3,888
10,206,888
11,207,888
4,208,890
3,6,890
1,9,890
2,131,890
5,10,890
6,1,890
7,5,890
8,15,890
9,3,890
10,206,890
11,207,890
4,208,891
3,6,891
1,9,891
2,131,891
6,10,891
5,1,891
7,5,891
8,15,891
9,3,891
10,206,891
11,207,891
11,207,893
10,206,893
8,15,893
7,5,893
9,3,893
5,1,893
6,10,893
3,131,893
1,9,893
2,6,893
4,208,893
4,208,892
2,6,892
1,9,892
3,131,892
6,10,892
5,1,892
7,5,892
8,15,892
9,3,892
10,206,892
11,207,892
4,208,894
2,6,894
1,9,894
3,131,894
6,10,894
5,1,894
8,5,894
7,15,894
9,3,894
10,206,894
11,207,894
4,208,895
2,6,895
1,9,895
3,131,895
6,10,895
5,1,895
8,5,895
7,15,895
9,3,895
10,206,895
11,207,895
4,208,896
3,6,896
1,9,896
2,131,896
6,10,896
5,1,896
8,5,896
7,15,896
9,3,896
10,206,896
11,207,896
4,208,897
3,6,897
1,9,897
2,131,897
6,10,897
5,1,897
8,5,897
7,15,897
9,3,897
10,206,897
11,207,897
4,208,898
3,6,898
1,9,898
2,131,898
6,10,898
5,1,898
8,5,898
7,15,898
9,3,898
10,206,898
11,207,898
4,208,899
3,6,899
1,9,899
2,131,899
6,10,899
5,1,899
8,5,899
7,15,899
9,3,899
10,206,899
11,207,899
14,30,272
12,1,257
13,29,257
14,30,257
5,29,258
14,30,258
14,30,259
14,30,260
14,30,261
14,30,262
14,30,263
14,30,264
14,30,265
14,30,266
14,30,267
14,30,268
14,30,269
14,30,270
14,30,271
1,6,36
10,12,36
10,12,37
10,12,38
9,12,39
10,12,40
10,12,41
10,12,42
10,12,43
10,12,44
10,12,45
10,12,46
10,12,47
10,12,48
10,12,49
9,12,50
10,12,51
10,12,52
2,1,901
1,131,901
11,9,900
10,207,900
8,206,900
9,208,900
7,15,900
6,5,900
5,10,900
4,3,900
3,6,900
1,1,900
2,131,900
3,6,901
4,3,901
5,10,901
7,5,901
8,15,901
11,206,901
9,208,901
10,207,901
6,9,901
1,131,902
3,1,902
5,6,902
6,3,902
2,10,902
7,5,902
9,15,902
10,206,902
8,208,902
11,207,902
4,9,902
1,131,903
5,1,903
4,6,903
6,3,903
3,10,903
7,5,903
9,15,903
10,206,903
8,208,903
11,207,903
2,9,903
1,131,904
6,1,904
3,6,904
5,3,904
4,10,904
7,5,904
9,15,904
10,206,904
8,208,904
11,207,904
2,9,904
1,131,905
5,1,905
3,6,905
6,3,905
4,10,905
8,5,905
10,15,905
9,206,905
7,208,905
11,207,905
2,9,905
1,131,906
5,1,906
3,6,906
6,3,906
4,10,906
7,5,906
10,15,906
9,206,906
8,208,906
11,207,906
2,9,906
1,131,907
6,1,907
3,6,907
5,3,907
4,10,907
7,5,907
10,15,907
9,206,907
8,208,907
11,207,907
2,9,907
1,131,908
6,1,908
3,6,908
4,3,908
5,10,908
7,5,908
10,15,908
9,206,908
8,208,908
11,207,908
2,9,908
1,131,909
6,1,909
4,6,909
3,3,909
5,10,909
7,5,909
10,15,909
9,206,909
8,208,909
11,207,909
2,9,909
1,131,910
6,1,910
3,6,910
4,3,910
5,10,910
7,5,910
10,15,910
9,206,910
8,208,910
11,207,910
2,9,910
1,131,911
5,1,911
3,6,911
4,3,911
6,10,911
7,5,911
10,15,911
9,206,911
8,208,911
11,207,911
2,9,911
1,131,912
5,1,912
4,6,912
3,3,912
6,10,912
7,5,912
10,15,912
9,206,912
8,208,912
11,207,912
2,9,912
1,131,913
6,1,913
4,6,913
3,3,913
5,10,913
7,5,913
10,15,913
9,206,913
8,208,913
11,207,913
2,9,913
1,131,914
6,1,914
4,6,914
3,3,914
5,10,914
7,5,914
10,15,914
9,206,914
8,208,914
11,207,914
2,9,914
1,131,915
5,1,915
4,6,915
3,3,915
6,10,915
7,5,915
10,15,915
9,206,915
8,208,915
11,207,915
2,9,915
1,131,916
5,1,916
4,6,916
3,3,916
6,10,916
7,5,916
10,15,916
9,206,916
8,208,916
11,207,916
2,9,916
1,131,917
5,1,917
4,6,917
3,3,917
6,10,917
7,5,917
10,15,917
9,206,917
8,208,917
11,207,917
2,9,917
1,131,918
5,1,918
4,6,918
3,3,918
6,10,918
7,5,918
10,15,918
9,206,918
8,208,918
11,207,918
2,9,918
1,6,969
1,131,926
2,6,926
4,3,926
3,15,926
5,9,926
6,10,926
7,5,926
8,1,926
9,208,926
1,131,927
2,6,927
3,3,927
4,15,927
6,9,927
7,10,927
5,5,927
9,1,927
8,208,927
10,209,927
1,131,928
2,6,928
3,3,928
4,15,928
5,9,928
7,10,928
6,5,928
9,1,928
8,208,928
10,209,928
1,131,929
2,6,929
3,3,929
5,15,929
4,9,929
8,10,929
7,5,929
9,1,929
6,208,929
10,209,929
1,131,930
2,6,930
3,3,930
5,15,930
4,9,930
8,10,930
7,5,930
9,1,930
6,208,930
10,209,930
1,131,931
2,6,931
3,3,931
5,15,931
4,9,931
6,10,931
8,5,931
9,1,931
7,208,931
10,209,931
1,131,932
2,6,932
3,3,932
6,15,932
4,9,932
7,10,932
8,5,932
9,1,932
5,208,932
10,209,932
1,131,933
2,6,933
3,3,933
7,15,933
4,9,933
5,10,933
8,5,933
9,1,933
6,208,933
10,209,933
1,131,934
2,6,934
3,3,934
7,15,934
4,9,934
5,10,934
8,5,934
9,1,934
6,208,934
10,209,934
1,131,936
2,6,936
3,3,936
8,15,936
4,9,936
5,10,936
7,5,936
9,1,936
6,208,936
10,209,936
1,131,938
10,209,937
9,1,937
7,5,937
8,15,937
5,208,937
3,3,937
6,10,937
4,9,937
2,6,937
1,131,937
2,6,938
3,3,938
8,15,938
4,9,938
5,10,938
7,5,938
9,1,938
6,208,938
10,209,938
1,131,939
2,6,939
3,3,939
8,15,939
4,9,939
5,10,939
7,5,939
9,1,939
6,208,939
10,209,939
9,1,940
4,9,940
3,3,940
10,209,940
6,208,940
7,5,940
5,10,940
2,6,940
8,15,940
1,131,940
10,209,941
6,208,941
9,1,941
7,5,941
5,10,941
4,9,941
8,15,941
3,3,941
2,6,941
10,209,942
1,131,941
6,208,942
5,10,942
8,15,942
9,1,942
7,5,942
3,3,942
4,9,942
2,6,942
1,131,942
6,208,943
5,10,943
8,15,943
10,209,943
9,1,943
7,5,943
3,3,943
4,9,943
2,6,943
1,131,943
6,208,944
5,10,944
8,15,944
10,209,944
9,1,944
7,5,944
3,3,944
4,9,944
2,6,944
1,131,944
6,208,945
5,10,945
8,15,945
10,209,945
9,1,945
7,5,945
3,3,945
4,9,945
2,6,945
1,131,945
1,131,955
10,15,948
11,209,948
1,131,948
9,1,948
8,4,948
7,5,948
6,10,948
5,210,948
3,3,948
4,9,948
2,6,948
1,131,949
2,6,949
3,9,949
4,3,949
5,210,949
7,10,949
6,5,949
9,4,949
8,1,949
10,15,949
11,209,949
1,131,950
2,6,950
3,9,950
4,3,950
5,210,950
7,10,950
6,5,950
9,4,950
8,1,950
10,15,950
11,209,950
1,131,951
2,6,951
3,9,951
4,3,951
5,210,951
8,10,951
6,5,951
9,4,951
7,1,951
10,15,951
11,209,951
1,131,952
2,6,952
3,9,952
4,3,952
6,210,952
7,10,952
5,5,952
9,4,952
8,1,952
10,15,952
11,209,952
1,131,953
2,6,953
3,9,953
4,3,953
8,210,953
5,10,953
6,5,953
9,4,953
7,1,953
10,15,953
11,209,953
1,131,954
2,6,954
3,9,954
4,3,954
8,210,954
5,10,954
6,5,954
9,4,954
7,1,954
10,15,954
11,209,954
2,6,955
3,9,955
4,3,955
8,210,955
5,10,955
6,5,955
9,4,955
7,1,955
10,15,955
11,209,955
1,131,956
2,6,956
3,9,956
4,3,956
8,210,956
5,10,956
6,5,956
9,4,956
7,1,956
11,15,956
10,209,956
1,131,957
2,6,957
3,9,957
4,3,957
8,210,957
5,10,957
6,5,957
9,4,957
7,1,957
11,15,957
10,209,957
1,131,958
2,6,958
3,9,958
4,3,958
8,210,958
5,10,958
6,5,958
9,4,958
7,1,958
11,15,958
10,209,958
1,131,959
3,6,959
2,9,959
4,3,959
8,210,959
5,10,959
6,5,959
9,4,959
7,1,959
11,15,959
10,209,959
1,131,960
3,6,960
2,9,960
5,3,960
8,210,960
4,10,960
7,5,960
9,4,960
6,1,960
11,15,960
10,209,960
1,131,961
3,6,961
2,9,961
4,3,961
8,210,961
5,10,961
7,5,961
9,4,961
6,1,961
11,15,961
10,209,961
1,131,962
3,6,962
2,9,962
5,3,962
8,210,962
4,10,962
7,5,962
9,4,962
6,1,962
11,15,962
10,209,962
1,131,963
3,6,963
2,9,963
5,3,963
8,210,963
4,10,963
7,5,963
9,4,963
6,1,963
11,15,963
10,209,963
1,131,964
3,6,964
2,9,964
5,3,964
8,210,964
4,10,964
7,5,964
9,4,964
6,1,964
11,15,964
10,209,964
3,6,967
6,1,965
1,131,967
11,15,965
3,6,965
9,4,965
7,5,965
4,10,965
5,3,965
8,210,965
2,9,965
1,131,965
6,1,966
10,209,966
11,15,966
3,6,966
9,4,966
7,5,966
4,10,966
5,3,966
8,210,966
2,9,966
1,131,966
10,209,965
2,9,967
5,3,967
8,210,967
4,10,967
7,5,967
9,4,967
6,1,967
10,15,967
11,209,967
1,131,968
3,6,968
2,9,968
5,3,968
8,210,968
4,10,968
7,5,968
9,4,968
6,1,968
10,15,968
11,209,968
2,131,969
3,9,969
4,3,969
5,10,969
6,5,969
7,4,969
8,15,969
9,1,969
10,210,969
2,6,970
1,131,970
3,9,970
6,3,970
5,10,970
4,5,970
8,4,970
9,15,970
10,1,970
7,210,970
1,6,971
2,131,971
3,9,971
5,3,971
4,10,971
6,5,971
8,4,971
9,15,971
10,1,971
7,210,971
2,6,972
1,131,972
3,9,972
5,3,972
4,10,972
6,5,972
8,4,972
9,15,972
10,1,972
7,210,972
2,6,973
1,131,973
3,9,973
6,3,973
4,10,973
5,5,973
7,4,973
9,15,973
10,1,973
8,210,973
1,6,974
2,131,974
3,9,974
6,3,974
4,10,974
5,5,974
7,4,974
9,15,974
10,1,974
8,210,974
2,6,975
1,131,975
3,9,975
6,3,975
4,10,975
5,5,975
7,4,975
9,15,975
10,1,975
8,210,975
2,6,976
1,131,976
3,9,976
5,3,976
4,10,976
6,5,976
8,4,976
9,15,976
10,1,976
7,210,976
2,6,977
1,131,977
3,9,977
5,3,977
4,10,977
6,5,977
8,4,977
9,15,977
10,1,977
7,210,977
2,6,978
1,131,978
3,9,978
5,3,978
4,10,978
6,5,978
8,4,978
9,15,978
10,1,978
7,210,978
2,6,979
1,131,979
3,9,979
5,3,979
4,10,979
6,5,979
8,4,979
10,15,979
9,1,979
7,210,979
2,6,980
1,131,980
3,9,980
5,3,980
4,10,980
6,5,980
8,4,980
10,15,980
9,1,980
7,210,980
2,6,981
1,131,981
3,9,981
5,3,981
4,10,981
6,5,981
8,4,981
10,15,981
9,1,981
7,210,981
2,6,982
1,131,982
3,9,982
5,3,982
4,10,982
6,5,982
7,4,982
10,15,982
9,1,982
8,210,982
2,6,983
1,131,983
3,9,983
5,3,983
4,10,983
6,5,983
7,4,983
10,15,983
9,1,983
8,210,983
2,6,984
1,131,984
3,9,984
5,3,984
4,10,984
6,5,984
8,4,984
10,15,984
9,1,984
7,210,984
2,6,985
1,131,985
3,9,985
5,3,985
4,10,985
6,5,985
7,4,985
10,15,985
9,1,985
8,210,985
2,6,986
1,131,986
3,9,986
5,3,986
4,10,986
6,5,986
7,4,986
10,15,986
9,1,986
8,210,986
2,6,987
1,131,987
3,9,987
5,3,987
4,10,987
6,5,987
7,4,987
10,15,987
9,1,987
8,210,987
2,6,988
1,131,988
3,9,988
5,3,988
4,10,988
7,5,988
6,4,988
10,15,988
9,1,988
8,210,988
1,6,989
2,131,989
3,9,989
4,1,989
5,4,989
6,10,989
7,15,989
8,3,989
9,5,989
10,210,989
7,210,990
8,15,990
6,5,990
10,3,990
4,9,990
3,1,990
5,4,990
9,10,990
2,131,990
1,6,990
2,6,991
1,131,991
3,9,991
4,1,991
5,4,991
9,10,991
8,15,991
10,3,991
6,5,991
7,210,991
1,6,992
2,131,992
3,9,992
4,1,992
5,4,992
6,10,992
9,15,992
10,3,992
7,5,992
8,210,992
2,6,993
1,131,993
3,9,993
5,1,993
4,4,993
7,10,993
9,15,993
10,3,993
8,5,993
6,210,993
2,6,994
1,131,994
3,9,994
5,1,994
4,4,994
6,10,994
9,15,994
10,3,994
7,5,994
8,210,994
2,6,995
1,131,995
3,9,995
5,1,995
4,4,995
6,10,995
9,15,995
10,3,995
7,5,995
8,210,995
2,6,996
1,131,996
3,9,996
5,1,996
4,4,996
6,10,996
9,15,996
10,3,996
8,5,996
7,210,996
1,6,997
2,131,997
3,9,997
6,1,997
4,4,997
7,10,997
9,15,997
10,3,997
8,5,997
5,210,997
1,6,998
2,131,998
3,9,998
7,1,998
4,4,998
6,10,998
9,15,998
10,3,998
8,5,998
5,210,998
2,6,999
1,131,999
3,9,999
7,1,999
4,4,999
5,10,999
9,15,999
10,3,999
8,5,999
6,210,999
2,6,1000
1,131,1000
3,9,1000
7,1,1000
4,4,1000
6,10,1000
9,15,1000
10,3,1000
8,5,1000
5,210,1000
2,6,1001
1,131,1001
3,9,1001
6,1,1001
4,4,1001
9,10,1001
8,15,1001
10,3,1001
7,5,1001
5,210,1001
8,5,1002
10,3,1002
7,10,1002
6,1,1002
1,131,1002
5,210,1002
9,15,1002
2,6,1002
3,9,1002
4,4,1002
2,6,1003
1,131,1003
3,9,1003
6,1,1003
4,4,1003
7,10,1003
9,15,1003
10,3,1003
8,5,1003
5,210,1003
2,6,1004
1,131,1004
3,9,1004
6,1,1004
4,4,1004
7,10,1004
9,15,1004
10,3,1004
8,5,1004
5,210,1004
2,6,1005
1,131,1005
3,9,1005
6,1,1005
4,4,1005
7,10,1005
9,15,1005
10,3,1005
8,5,1005
5,210,1005
5,210,1006
8,5,1006
10,3,1006
7,10,1006
6,1,1006
1,131,1006
9,15,1006
2,6,1006
3,9,1006
4,4,1006
2,6,1007
1,131,1007
3,9,1007
6,1,1007
4,4,1007
7,10,1007
8,15,1007
10,3,1007
9,5,1007
5,210,1007
2,6,1008
1,131,1008
3,9,1008
6,1,1008
4,4,1008
7,10,1008
8,15,1008
10,3,1008
9,5,1008
5,210,1008
2,6,1009
1,131,1009
3,9,1009
6,1,1009
4,4,1009
7,10,1009
8,15,1009
10,3,1009
9,5,1009
5,210,1009
5,4,1010
4,210,1010
2,6,1010
3,9,1010
1,131,1010
6,51,1010
7,211,1010
8,5,1010
9,1,1010
10,3,1010
1,131,1012
10,3,1011
8,5,1011
2,6,1011
5,1,1011
4,51,1011
3,9,1011
9,211,1011
7,4,1011
6,210,1011
1,131,1011
3,9,1012
2,6,1012
6,210,1012
4,4,1012
5,51,1012
8,211,1012
9,5,1012
7,1,1012
10,3,1012
1,131,1013
3,9,1013
2,6,1013
8,210,1013
7,4,1013
6,51,1013
5,211,1013
9,5,1013
4,1,1013
10,3,1013
1,131,1014
3,9,1014
2,6,1014
6,210,1014
8,4,1014
7,51,1014
5,211,1014
9,5,1014
4,1,1014
10,3,1014
1,131,1015
3,9,1015
2,6,1015
6,210,1015
8,4,1015
9,51,1015
5,211,1015
7,5,1015
4,1,1015
10,3,1015
1,131,1016
3,9,1016
2,6,1016
8,210,1016
5,4,1016
9,51,1016
6,211,1016
7,5,1016
4,1,1016
10,3,1016
10,3,1017
8,5,1017
3,9,1018
1,131,1018
4,1,1017
6,211,1017
5,4,1017
7,51,1017
9,210,1017
2,6,1017
3,9,1017
1,131,1017
2,6,1018
9,210,1018
5,4,1018
6,51,1018
7,211,1018
8,5,1018
4,1,1018
10,3,1018
1,131,1019
3,9,1019
2,6,1019
9,210,1019
5,4,1019
6,51,1019
7,211,1019
8,5,1019
4,1,1019
10,3,1019
4,1,1020
5,5,1020
9,51,1020
8,210,1020
2,6,1020
10,3,1020
3,9,1020
7,211,1020
6,4,1020
1,131,1020
1,131,1021
3,9,1021
2,6,1021
9,210,1021
6,4,1021
7,51,1021
8,211,1021
5,5,1021
4,1,1021
10,3,1021
1,131,1022
3,9,1022
2,6,1022
9,210,1022
6,4,1022
8,51,1022
7,211,1022
5,5,1022
4,1,1022
10,3,1022
1,131,1023
3,9,1023
2,6,1023
9,210,1023
5,4,1023
8,51,1023
7,211,1023
6,5,1023
4,1,1023
10,3,1023
1,131,1024
3,9,1024
2,6,1024
9,210,1024
5,4,1024
8,51,1024
7,211,1024
6,5,1024
4,1,1024
10,3,1024
1,131,1025
3,9,1025
2,6,1025
9,210,1025
5,4,1025
8,51,1025
7,211,1025
6,5,1025
4,1,1025
10,3,1025
10,3,1026
4,1,1026
6,5,1026
7,211,1026
8,51,1026
2,6,1026
3,9,1026
9,210,1026
5,4,1026
1,131,1026
10,3,1027
4,1,1027
6,5,1027
7,211,1027
8,51,1027
2,6,1027
3,9,1027
9,210,1027
5,4,1027
1,131,1027
1,131,1028
3,9,1028
2,6,1028
9,210,1028
5,4,1028
8,51,1028
6,211,1028
7,5,1028
4,1,1028
10,3,1028
1,131,1029
3,9,1029
2,6,1029
9,210,1029
5,4,1029
8,51,1029
7,211,1029
6,5,1029
4,1,1029
10,3,1029
1,131,1030
3,9,1030
2,6,1030
9,210,1030
5,4,1030
8,51,1030
7,211,1030
6,5,1030
4,1,1030
10,3,1030
9,210,1034
2,9,1034
10,3,1034
8,51,1034
6,4,1034
7,213,1034
5,211,1034
3,1,1034
4,6,1034
1,131,1034
1,131,1040
10,210,1031
9,9,1031
8,3,1031
7,51,1031
6,4,1031
5,213,1031
4,211,1031
2,1,1031
3,6,1031
1,131,1031
1,131,1032
5,6,1032
2,1,1032
4,211,1032
7,213,1032
6,4,1032
8,51,1032
9,3,1032
3,9,1032
10,210,1032
2,9,1033
10,3,1033
6,4,1033
7,213,1033
4,211,1033
5,6,1033
3,1,1033
9,210,1033
8,51,1033
1,131,1033
1,131,1035
3,6,1035
4,1,1035
5,211,1035
7,213,1035
6,4,1035
8,51,1035
10,3,1035
2,9,1035
9,210,1035
1,131,1036
5,6,1036
4,1,1036
3,211,1036
7,213,1036
6,4,1036
8,51,1036
10,3,1036
2,9,1036
9,210,1036
1,131,1037
5,6,1037
3,1,1037
4,211,1037
7,213,1037
6,4,1037
8,51,1037
10,3,1037
2,9,1037
9,210,1037
1,131,1038
6,6,1038
3,1,1038
4,211,1038
7,213,1038
5,4,1038
8,51,1038
10,3,1038
2,9,1038
9,210,1038
1,131,1039
6,6,1039
3,1,1039
4,211,1039
7,213,1039
5,4,1039
8,51,1039
10,3,1039
2,9,1039
9,210,1039
6,6,1040
3,1,1040
4,211,1040
7,213,1040
5,4,1040
8,51,1040
10,3,1040
2,9,1040
9,210,1040
1,131,1041
6,6,1041
4,1,1041
3,211,1041
7,213,1041
5,4,1041
8,51,1041
10,3,1041
2,9,1041
9,210,1041
1,131,1042
6,6,1042
4,1,1042
3,211,1042
7,213,1042
5,4,1042
8,51,1042
10,3,1042
2,9,1042
9,210,1042
1,131,1043
6,6,1043
4,1,1043
5,211,1043
7,213,1043
3,4,1043
8,51,1043
10,3,1043
2,9,1043
9,210,1043
1,131,1044
6,6,1044
4,1,1044
3,211,1044
7,213,1044
5,4,1044
8,51,1044
10,3,1044
2,9,1044
9,210,1044
1,131,1045
6,6,1045
3,1,1045
4,211,1045
7,213,1045
5,4,1045
8,51,1045
10,3,1045
2,9,1045
9,210,1045
1,131,1046
6,6,1046
4,1,1046
3,211,1046
7,213,1046
5,4,1046
8,51,1046
10,3,1046
2,9,1046
9,210,1046
1,131,1047
6,6,1047
3,1,1047
4,211,1047
7,213,1047
5,4,1047
8,51,1047
10,3,1047
2,9,1047
9,210,1047
10,210,1051
8,3,1051
5,214,1051
9,51,1051
7,117,1051
6,213,1051
3,6,1051
4,1,1051
2,9,1051
1,131,1051
1,131,1052
2,9,1052
3,1,1052
4,6,1052
5,213,1052
6,117,1052
7,51,1052
8,214,1052
9,3,1052
10,210,1052
9,3,1053
8,51,1053
10,210,1053
2,9,1053
3,1,1053
7,214,1053
6,117,1053
5,213,1053
4,6,1053
1,131,1053
1,131,1054
2,9,1054
3,1,1054
4,6,1054
6,213,1054
7,117,1054
8,51,1054
5,214,1054
9,3,1054
10,210,1054
1,131,1055
2,9,1055
3,1,1055
4,6,1055
6,213,1055
7,117,1055
8,51,1055
5,214,1055
9,3,1055
10,210,1055
2,131,1056
1,9,1056
3,1,1056
4,6,1056
6,213,1056
5,117,1056
8,51,1056
7,214,1056
9,3,1056
10,210,1056
2,131,1057
1,9,1057
4,1,1057
3,6,1057
5,213,1057
6,117,1057
8,51,1057
7,214,1057
10,3,1057
9,210,1057
2,131,1059
1,9,1059
3,1,1059
4,6,1059
5,213,1059
6,117,1059
8,51,1059
7,214,1059
9,3,1059
10,210,1059
2,131,1058
1,9,1058
3,1,1058
4,6,1058
5,213,1058
6,117,1058
8,51,1058
7,214,1058
9,3,1058
10,210,1058
10,210,1060
5,213,1060
4,6,1060
9,3,1060
7,214,1060
8,51,1060
6,117,1060
3,1,1060
1,9,1060
2,131,1060
2,131,1061
1,9,1061
3,1,1061
4,6,1061
5,213,1061
6,117,1061
8,51,1061
7,214,1061
9,3,1061
10,210,1061
5,214,1062
9,51,1062
7,117,1062
6,213,1062
4,1,1062
10,210,1062
8,3,1062
3,6,1062
2,9,1062
1,131,1062
1,131,1063
2,9,1063
3,1,1063
4,6,1063
6,213,1063
7,117,1063
9,51,1063
5,214,1063
8,3,1063
10,210,1063
1,131,1064
2,9,1064
4,1,1064
3,6,1064
6,213,1064
7,117,1064
9,51,1064
5,214,1064
8,3,1064
10,210,1064
1,131,1065
2,9,1065
3,1,1065
4,6,1065
6,213,1065
7,117,1065
9,51,1065
5,214,1065
8,3,1065
10,210,1065
1,131,1066
2,9,1066
3,1,1066
4,6,1066
6,213,1066
7,117,1066
9,51,1066
5,214,1066
8,3,1066
10,210,1066
1,131,1067
2,9,1067
3,1,1067
4,6,1067
6,213,1067
7,117,1067
9,51,1067
5,214,1067
8,3,1067
10,210,1067
1,131,1069
2,9,1069
3,1,1069
4,6,1069
6,213,1069
7,117,1069
9,51,1069
5,214,1069
8,3,1069
10,210,1069
1,131,1070
2,9,1070
4,1,1070
3,6,1070
6,213,1070
7,117,1070
9,51,1070
5,214,1070
8,3,1070
10,210,1070
1,131,1071
2,9,1071
4,1,1071
3,6,1071
6,213,1071
7,117,1071
9,51,1071
5,214,1071
8,3,1071
10,210,1071
1,131,1072
2,9,1072
4,1,1072
3,6,1072
6,213,1072
7,117,1072
9,51,1072
5,214,1072
8,3,1072
10,210,1072
1,131,1073
2,9,1073
4,1,1073
3,6,1073
6,213,1073
7,117,1073
9,51,1073
5,214,1073
8,3,1073
10,210,1073
10,9,1074
9,1,1074
8,3,1074
7,117,1074
6,213,1074
5,214,1074
4,51,1074
3,210,1074
2,131,1074
1,6,1074
9,18,71
9,18,72
9,18,73
9,18,74
9,18,76
1,6,1075
2,131,1075
5,210,1075
6,51,1075
4,214,1075
7,213,1075
9,117,1075
10,3,1075
8,1,1075
3,9,1075
1,6,1076
2,131,1076
7,210,1076
6,51,1076
5,214,1076
8,213,1076
10,117,1076
9,3,1076
4,1,1076
3,9,1076
1,6,1077
3,131,1077
8,210,1077
5,51,1077
6,214,1077
7,213,1077
9,117,1077
10,3,1077
4,1,1077
2,9,1077
1,6,1078
3,131,1078
8,210,1078
5,51,1078
6,214,1078
7,213,1078
9,117,1078
10,3,1078
4,1,1078
2,9,1078
2,6,1079
3,131,1079
8,210,1079
5,51,1079
6,214,1079
7,213,1079
9,117,1079
10,3,1079
4,1,1079
1,9,1079
2,6,1080
3,131,1080
8,210,1080
5,51,1080
6,214,1080
7,213,1080
9,117,1080
10,3,1080
4,1,1080
1,9,1080
2,6,1081
3,131,1081
8,210,1081
6,51,1081
5,214,1081
7,213,1081
9,117,1081
10,3,1081
4,1,1081
1,9,1081
1,9,1082
4,1,1082
10,3,1082
7,213,1082
9,210,1082
2,6,1082
3,131,1082
8,117,1082
5,214,1082
6,51,1082
2,6,1083
3,131,1083
8,210,1083
6,51,1083
5,214,1083
7,213,1083
9,117,1083
10,3,1083
4,1,1083
1,9,1083
2,6,1084
3,131,1084
7,210,1084
6,51,1084
5,214,1084
8,213,1084
9,117,1084
10,3,1084
4,1,1084
1,9,1084
2,6,1085
3,131,1085
7,210,1085
6,51,1085
4,214,1085
8,213,1085
9,117,1085
10,3,1085
5,1,1085
1,9,1085
2,6,1086
3,131,1086
7,210,1086
6,51,1086
4,214,1086
8,213,1086
9,117,1086
10,3,1086
5,1,1086
1,9,1086
2,6,1087
3,131,1087
7,210,1087
6,51,1087
4,214,1087
8,213,1087
9,117,1087
10,3,1087
5,1,1087
1,9,1087
2,6,1088
3,131,1088
7,210,1088
6,51,1088
4,214,1088
8,213,1088
9,117,1088
10,3,1088
5,1,1088
1,9,1088
2,6,1089
3,131,1089
7,210,1089
6,51,1089
4,214,1089
8,213,1089
9,117,1089
10,3,1089
5,1,1089
1,9,1089
2,6,1091
3,131,1091
8,210,1091
6,51,1091
5,214,1091
9,213,1091
7,117,1091
10,3,1091
4,1,1091
1,9,1091
1,9,1092
5,1,1092
9,213,1092
8,210,1092
2,6,1092
10,3,1092
3,131,1092
4,214,1092
7,117,1092
6,51,1092
10,3,1093
5,1,1093
4,214,1093
2,6,1093
7,117,1093
9,213,1093
6,51,1093
8,210,1093
3,131,1093
1,9,1094
5,1,1094
9,213,1094
8,210,1094
2,6,1094
10,3,1094
3,131,1094
4,214,1094
7,117,1094
6,51,1094
1,9,1093
2,6,1095
3,131,1095
8,210,1095
6,51,1095
4,214,1095
9,213,1095
7,117,1095
10,3,1095
5,1,1095
1,9,1095
2,6,1096
3,131,1096
8,210,1096
6,51,1096
4,214,1096
9,213,1096
7,117,1096
10,3,1096
5,1,1096
1,9,1096
10,1,1098
9,210,1098
8,213,1098
7,3,1098
6,214,1098
5,51,1098
3,131,1098
4,6,1098
2,117,1098
1,9,1098
2,117,1100
1,9,1100
10,1,1099
9,213,1099
8,3,1099
6,51,1099
4,6,1099
7,210,1099
5,214,1099
2,117,1099
3,131,1099
1,9,1099
4,6,1100
3,131,1100
8,51,1100
6,214,1100
10,3,1100
9,213,1100
7,210,1100
5,1,1100
1,9,1101
2,117,1101
4,6,1101
3,131,1101
8,51,1101
6,214,1101
10,3,1101
9,213,1101
7,210,1101
5,1,1101
1,9,1102
2,117,1102
4,6,1102
3,131,1102
8,51,1102
6,214,1102
10,3,1102
9,213,1102
7,210,1102
5,1,1102
1,9,1104
2,117,1104
4,6,1104
3,131,1104
8,51,1104
5,214,1104
10,3,1104
9,213,1104
7,210,1104
6,1,1104
1,9,1105
3,117,1105
4,6,1105
2,131,1105
8,51,1105
5,214,1105
10,3,1105
9,213,1105
7,210,1105
6,1,1105
6,1,1106
8,210,1106
10,213,1106
9,3,1106
5,214,1106
7,51,1106
2,131,1106
4,6,1106
3,117,1106
1,9,1106
7,210,1107
9,3,1107
4,6,1107
3,117,1107
10,213,1107
6,1,1107
5,214,1107
1,9,1107
8,51,1107
2,131,1107
1,9,1108
3,117,1108
4,6,1108
2,131,1108
9,51,1108
6,214,1108
7,3,1108
10,213,1108
8,210,1108
5,1,1108
1,9,1109
3,117,1109
4,6,1109
2,131,1109
9,51,1109
6,214,1109
7,3,1109
10,213,1109
8,210,1109
5,1,1109
1,9,1110
3,117,1110
4,6,1110
2,131,1110
9,51,1110
6,214,1110
7,3,1110
10,213,1110
8,210,1110
5,1,1110
1,9,1111
3,117,1111
4,6,1111
2,131,1111
9,51,1111
6,214,1111
7,3,1111
10,213,1111
8,210,1111
5,1,1111
1,9,1112
4,117,1112
3,6,1112
2,131,1112
9,51,1112
6,214,1112
7,3,1112
10,213,1112
8,210,1112
5,1,1112
1,9,1113
4,117,1113
3,6,1113
2,131,1113
9,51,1113
6,214,1113
7,3,1113
10,213,1113
8,210,1113
5,1,1113
1,9,1114
4,117,1114
3,6,1114
2,131,1114
9,51,1114
6,214,1114
7,3,1114
10,213,1114
8,210,1114
5,1,1114
10,213,1115
6,214,1115
5,1,1115
9,210,1115
7,3,1115
8,51,1115
2,131,1115
3,6,1115
4,117,1115
1,9,1115
9,210,1116
7,3,1116
3,6,1116
4,1,1116
10,213,1116
6,214,1116
8,51,1116
2,131,1116
5,117,1116
1,9,1116
1,9,1117
5,117,1117
3,6,1117
2,131,1117
9,51,1117
6,214,1117
7,3,1117
8,213,1117
10,210,1117
4,1,1117
1,9,1118
5,117,1118
3,6,1118
2,131,1118
9,51,1118
6,214,1118
7,3,1118
8,213,1118
10,210,1118
4,1,1118
1,9,1119
5,117,1119
3,6,1119
2,131,1119
9,51,1119
6,214,1119
7,3,1119
8,213,1119
10,210,1119
4,1,1119
1,9,1120
5,117,1120
3,6,1120
2,131,1120
9,51,1120
6,214,1120
7,3,1120
8,213,1120
10,210,1120
4,1,1120
1,9,1121
2,6,1121
3,131,1121
4,1,1121
5,117,1121
6,15,1121
7,210,1121
8,215,1121
9,3,1121
10,214,1121
1,9,1122
2,6,1122
4,131,1122
3,1,1122
5,117,1122
8,15,1122
6,210,1122
9,215,1122
7,3,1122
10,214,1122
10,214,1123
6,215,1123
9,15,1123
5,117,1123
3,1,1123
4,131,1123
8,3,1123
7,210,1123
2,6,1123
1,9,1123
1,9,1124
2,6,1124
4,131,1124
3,1,1124
5,117,1124
9,15,1124
7,210,1124
6,215,1124
8,3,1124
10,214,1124
2,6,1126
1,9,1126
9,214,1125
6,215,1125
7,210,1125
10,15,1125
5,117,1125
2,6,1125
8,3,1125
3,1,1125
4,131,1125
1,9,1125
4,131,1126
3,1,1126
5,117,1126
10,15,1126
7,210,1126
6,215,1126
9,3,1126
8,214,1126
1,9,1127
2,6,1127
4,131,1127
3,1,1127
5,117,1127
10,15,1127
7,210,1127
6,215,1127
9,3,1127
8,214,1127
1,9,1128
2,6,1128
4,131,1128
3,1,1128
5,117,1128
10,15,1128
7,210,1128
6,215,1128
8,3,1128
9,214,1128
1,9,1129
2,6,1129
4,131,1129
3,1,1129
5,117,1129
10,15,1129
7,210,1129
6,215,1129
9,3,1129
8,214,1129
1,9,1130
2,6,1130
4,131,1130
3,1,1130
5,117,1130
10,15,1130
8,210,1130
6,215,1130
9,3,1130
7,214,1130
1,9,1131
2,6,1131
4,131,1131
3,1,1131
5,117,1131
10,15,1131
7,210,1131
6,215,1131
9,3,1131
8,214,1131
1,9,1132
2,6,1132
4,131,1132
3,1,1132
5,117,1132
10,15,1132
7,210,1132
6,215,1132
9,3,1132
8,214,1132
1,9,1133
3,6,1133
4,131,1133
2,1,1133
5,117,1133
10,15,1133
7,210,1133
6,215,1133
9,3,1133
8,214,1133
8,214,1134
6,215,1134
7,210,1134
10,15,1134
5,117,1134
4,131,1134
3,6,1134
9,3,1134
2,1,1134
1,9,1134
1,9,1135
3,6,1135
4,131,1135
2,1,1135
5,117,1135
10,15,1135
7,210,1135
6,215,1135
9,3,1135
8,214,1135
1,9,1136
3,6,1136
4,131,1136
2,1,1136
5,117,1136
10,15,1136
7,210,1136
6,215,1136
9,3,1136
8,214,1136
2,9,1137
3,6,1137
4,131,1137
1,1,1137
5,117,1137
10,15,1137
7,210,1137
6,215,1137
8,3,1137
9,214,1137
2,9,1138
3,6,1138
4,131,1138
1,1,1138
5,117,1138
10,15,1138
7,210,1138
6,215,1138
8,3,1138
9,214,1138
2,9,1139
3,6,1139
4,131,1139
1,1,1139
5,117,1139
10,15,1139
6,210,1139
7,215,1139
8,3,1139
9,214,1139
3,9,1140
2,6,1140
4,131,1140
1,1,1140
5,117,1140
10,15,1140
6,210,1140
7,215,1140
8,3,1140
9,214,1140
3,9,1141
2,6,1141
4,131,1141
1,1,1141
5,117,1141
10,15,1141
7,210,1141
8,215,1141
9,3,1141
6,214,1141
3,9,1142
2,6,1142
4,131,1142
1,1,1142
5,117,1142
10,15,1142
6,210,1142
8,215,1142
9,3,1142
7,214,1142
3,9,1143
2,6,1143
4,131,1143
1,1,1143
5,117,1143
10,15,1143
7,210,1143
8,215,1143
9,3,1143
6,214,1143
3,9,1144
2,6,1144
4,131,1144
1,1,1144
5,117,1144
10,15,1144
7,210,1144
8,215,1144
9,3,1144
6,214,1144
