points,position,wins,driverId,raceId
10.0,1,1,1,18
8.0,2,0,2,18
6.0,3,0,3,18
5.0,4,0,4,18
4.0,5,0,5,18
3.0,6,0,6,18
2.0,7,0,7,18
1.0,8,0,8,18
14.0,1,1,1,19
11.0,3,0,2,19
6.0,6,0,3,19
6.0,7,0,4,19
10.0,4,0,5,19
3.0,9,0,6,19
2.0,10,0,7,19
11.0,2,1,8,19
8.0,5,0,9,19
5.0,8,0,15,19
2.0,11,0,17,19
0.0,12,0,14,19
0.0,13,0,18,19
0.0,14,0,12,19
0.0,15,0,21,19
0.0,16,0,22,19
0.0,17,0,19,19
0.0,18,0,11,19
14.0,3,1,1,20
16.0,2,0,2,20
7.0,8,0,3,20
6.0,9,0,4,20
14.0,5,0,5,20
3.0,11,0,6,20
2.0,12,0,7,20
19.0,1,1,8,20
14.0,4,0,9,20
8.0,7,0,15,20
4.0,10,0,17,20
0.0,13,0,14,20
0.0,15,0,18,20
0.0,17,0,12,20
0.0,18,0,21,20
0.0,16,0,22,20
0.0,19,0,19,20
0.0,20,0,11,20
10.0,6,1,13,20
0.0,14,0,10,20
0.0,21,0,16,20
20.0,2,1,1,21
16.0,5,0,2,21
7.0,9,0,3,21
6.0,10,0,4,21
14.0,6,0,5,21
5.0,11,0,6,21
2.0,13,0,7,21
29.0,1,2,8,21
19.0,3,0,9,21
9.0,7,0,15,21
8.0,8,0,17,21
0.0,15,0,14,21
3.0,12,0,18,21
0.0,18,0,12,21
0.0,16,0,21,21
0.0,17,0,22,21
0.0,20,0,19,21
0.0,19,0,11,21
18.0,4,1,13,21
0.0,14,0,10,21
0.0,21,0,16,21
28.0,3,1,1,22
20.0,5,0,2,22
8.0,10,0,3,22
9.0,8,0,4,22
14.0,6,0,5,22
5.0,11,0,6,22
2.0,13,0,7,22
35.0,1,2,8,22
24.0,4,0,9,22
9.0,9,0,15,22
10.0,7,0,17,22
0.0,14,0,14,22
3.0,12,0,18,22
0.0,18,0,12,22
0.0,16,0,21,22
0.0,17,0,22,22
0.0,20,0,19,22
0.0,19,0,11,22
28.0,2,2,13,22
0.0,15,0,10,22
0.0,21,0,16,22
0.0,22,0,20,22
38.0,1,2,1,23
20.0,5,0,2,23
8.0,10,0,3,23
9.0,8,0,4,23
15.0,6,0,5,23
7.0,11,0,6,23
2.0,15,0,7,23
35.0,2,2,8,23
32.0,4,0,9,23
9.0,9,0,15,23
15.0,7,0,17,23
0.0,16,0,14,23
3.0,13,0,18,23
0.0,19,0,12,23
0.0,18,0,21,23
3.0,14,0,22,23
0.0,21,0,19,23
0.0,20,0,11,23
34.0,3,2,13,23
0.0,17,0,10,23
0.0,22,0,16,23
4.0,12,0,20,23
38.0,2,2,1,24
28.0,5,0,2,24
8.0,10,0,3,24
9.0,9,0,4,24
15.0,6,0,5,24
7.0,11,0,6,24
2.0,17,0,7,24
35.0,4,2,8,24
42.0,1,1,9,24
12.0,8,0,15,24
15.0,7,0,17,24
6.0,12,0,14,24
3.0,16,0,18,24
0.0,19,0,12,24
0.0,18,0,21,24
5.0,15,0,22,24
0.0,21,0,19,24
0.0,20,0,11,24
38.0,3,2,13,24
5.0,13,0,10,24
0.0,22,0,16,24
5.0,14,0,20,24
38.0,4,2,1,25
28.0,5,0,2,25
8.0,10,0,3,25
10.0,9,0,4,25
20.0,6,0,5,25
7.0,11,0,6,25
2.0,18,0,7,25
43.0,3,2,8,25
46.0,2,1,9,25
18.0,7,0,15,25
18.0,8,0,17,25
6.0,12,0,14,25
3.0,16,0,18,25
2.0,17,0,12,25
0.0,19,0,21,25
5.0,15,0,22,25
0.0,21,0,19,25
0.0,20,0,11,25
48.0,1,3,13,25
5.0,13,0,10,25
0.0,22,0,16,25
5.0,14,0,20,25
48.0,1,3,1,26
36.0,5,0,2,26
8.0,11,0,3,26
13.0,9,0,4,26
24.0,6,0,5,26
8.0,12,0,6,26
2.0,17,0,7,26
48.0,3,2,8,26
46.0,4,1,9,26
20.0,7,0,15,26
18.0,8,0,17,26
6.0,13,0,14,26
3.0,16,0,18,26
2.0,18,0,12,26
0.0,19,0,21,26
11.0,10,0,22,26
0.0,21,0,19,26
0.0,20,0,11,26
48.0,2,3,13,26
5.0,14,0,10,26
0.0,22,0,16,26
5.0,15,0,20,26
58.0,1,4,1,27
41.0,5,0,2,27
8.0,12,0,3,27
13.0,9,0,4,27
28.0,6,0,5,27
8.0,13,0,6,27
2.0,18,0,7,27
51.0,3,2,8,27
48.0,4,1,9,27
20.0,7,0,15,27
18.0,8,0,17,27
6.0,14,0,14,27
3.0,17,0,18,27
10.0,11,0,12,27
0.0,19,0,21,27
11.0,10,0,22,27
0.0,22,0,19,27
0.0,20,0,11,27
54.0,2,3,13,27
5.0,16,0,10,27
0.0,21,0,16,27
6.0,15,0,20,27
62.0,1,4,1,28
41.0,5,0,2,28
8.0,13,0,3,28
18.0,8,0,4,28
38.0,6,1,5,28
8.0,14,0,6,28
2.0,18,0,7,28
57.0,2,2,8,28
49.0,4,1,9,28
22.0,7,0,15,28
18.0,9,0,17,28
6.0,15,0,14,28
3.0,17,0,18,28
13.0,11,0,12,28
0.0,19,0,21,28
11.0,12,0,22,28
0.0,22,0,19,28
0.0,20,0,11,28
54.0,3,3,13,28
13.0,10,0,10,28
0.0,21,0,16,28
6.0,16,0,20,28
70.0,1,4,1,29
41.0,6,0,2,29
9.0,13,0,3,29
18.0,8,0,4,29
43.0,5,1,5,29
8.0,15,0,6,29
2.0,18,0,7,29
57.0,3,2,8,29
55.0,4,1,9,29
26.0,7,0,15,29
18.0,9,0,17,29
6.0,16,0,14,29
3.0,17,0,18,29
13.0,11,0,12,29
0.0,19,0,21,29
11.0,12,0,22,29
0.0,22,0,19,29
0.0,20,0,11,29
64.0,2,4,13,29
15.0,10,0,10,29
0.0,21,0,16,29
9.0,14,0,20,29
76.0,1,4,1,30
49.0,5,0,2,30
9.0,14,0,3,30
23.0,8,0,4,30
43.0,6,1,5,30
8.0,15,0,6,30
4.0,17,0,7,30
57.0,4,2,8,30
58.0,3,1,9,30
26.0,7,0,15,30
19.0,9,0,17,30
6.0,16,0,14,30
3.0,18,0,18,30
13.0,11,0,12,30
0.0,19,0,21,30
11.0,13,0,22,30
0.0,22,0,19,30
0.0,21,0,11,30
74.0,2,5,13,30
15.0,10,0,10,30
0.0,20,0,16,30
13.0,12,0,20,30
78.0,1,4,1,31
53.0,5,0,2,31
9.0,14,0,3,31
28.0,7,0,4,31
51.0,6,1,5,31
8.0,15,0,6,31
4.0,17,0,7,31
57.0,4,2,8,31
64.0,3,1,9,31
26.0,8,0,15,31
20.0,10,0,17,31
6.0,16,0,14,31
3.0,18,0,18,31
13.0,12,0,12,31
0.0,19,0,21,31
11.0,13,0,22,31
0.0,22,0,19,31
0.0,21,0,11,31
77.0,2,5,13,31
15.0,11,0,10,31
0.0,20,0,16,31
23.0,9,1,20,31
84.0,1,4,1,32
56.0,5,0,2,32
17.0,12,0,3,32
38.0,7,1,4,32
51.0,6,1,5,32
9.0,15,0,6,32
4.0,17,0,7,32
57.0,4,2,8,32
64.0,3,1,9,32
26.0,9,0,15,32
20.0,11,0,17,32
8.0,16,0,14,32
3.0,18,0,18,32
13.0,13,0,12,32
0.0,19,0,21,32
11.0,14,0,22,32
0.0,22,0,19,32
0.0,21,0,11,32
77.0,2,5,13,32
20.0,10,0,10,32
0.0,20,0,16,32
27.0,8,1,20,32
84.0,1,4,1,33
56.0,5,0,2,33
17.0,13,0,3,33
48.0,7,2,4,33
51.0,6,1,5,33
9.0,15,0,6,33
4.0,17,0,7,33
63.0,4,2,8,33
72.0,3,1,9,33
30.0,9,0,15,33
21.0,10,0,17,33
8.0,16,0,14,33
3.0,18,0,18,33
18.0,12,0,12,33
0.0,19,0,21,33
11.0,14,0,22,33
0.0,22,0,19,33
0.0,21,0,11,33
79.0,2,5,13,33
20.0,11,0,10,33
0.0,20,0,16,33
30.0,8,1,20,33
30.0,8,1,20,34
0.0,20,0,16,34
22.0,10,0,10,34
87.0,2,5,13,34
0.0,21,0,11,34
0.0,22,0,19,34
11.0,14,0,22,34
0.0,19,0,21,34
19.0,12,0,12,34
3.0,18,0,18,34
8.0,16,0,14,34
21.0,11,0,17,34
30.0,9,0,15,34
75.0,3,1,9,34
69.0,4,2,8,34
4.0,17,0,7,34
9.0,15,0,6,34
51.0,7,1,5,34
53.0,6,2,4,34
17.0,13,0,3,34
60.0,5,0,2,34
94.0,1,5,1,34
98.0,1,5,1,35
60.0,6,0,2,35
17.0,13,0,3,35
61.0,5,2,4,35
53.0,7,1,5,35
9.0,15,0,6,35
4.0,17,0,7,35
75.0,3,2,8,35
75.0,4,1,9,35
31.0,9,0,15,35
21.0,11,0,17,35
8.0,16,0,14,35
3.0,18,0,18,35
19.0,12,0,12,35
0.0,19,0,21,35
11.0,14,0,22,35
0.0,22,0,19,35
0.0,21,0,11,35
97.0,2,6,13,35
25.0,10,0,10,35
0.0,20,0,16,35
35.0,8,1,20,35
0.0,17,0,16,36
0.0,16,0,19,36
0.0,15,0,18,36
0.0,14,0,24,36
0.0,13,0,17,36
0.0,12,0,11,36
0.0,11,0,22,36
0.0,10,0,5,36
0.0,9,0,15,36
1.0,8,0,23,36
2.0,7,0,3,36
3.0,6,0,13,36
4.0,5,0,21,36
0.0,20,0,9,37
0.0,17,0,26,37
0.0,11,0,25,37
0.0,19,0,16,37
0.0,18,0,19,37
0.0,15,0,18,37
0.0,16,0,24,37
0.0,12,0,17,37
0.0,14,0,11,37
0.0,13,0,22,37
1.0,9,0,5,37
2.0,7,0,15,37
1.0,10,0,23,37
7.0,6,0,13,37
0.0,18,0,27,38
3.0,8,0,9,38
0.0,19,0,26,38
0.0,12,0,25,38
0.0,20,0,16,38
0.0,21,0,19,38
0.0,16,0,18,38
0.0,17,0,24,38
0.0,13,0,17,38
0.0,15,0,11,38
0.0,14,0,22,38
1.0,10,0,5,38
4.0,7,0,15,38
1.0,11,0,23,38
2.0,9,0,3,38
17.0,4,1,13,38
8.0,6,0,21,38
15.0,5,0,2,38
22.0,3,0,1,38
22.0,1,1,4,38
22.0,2,1,8,38
4.0,9,0,14,39
0.0,20,0,27,39
8.0,6,0,9,39
0.0,22,0,26,39
0.0,14,0,25,39
0.0,19,0,16,39
0.0,17,0,19,39
0.0,18,0,18,39
0.0,21,0,24,39
0.0,16,0,17,39
1.0,12,0,11,39
0.0,15,0,22,39
3.0,11,0,5,39
4.0,10,0,15,39
1.0,13,0,23,39
5.0,8,0,3,39
8.0,7,0,21,39
4.0,9,0,14,40
0.0,21,0,27,40
12.0,7,0,9,40
0.0,15,0,26,40
2.0,12,0,25,40
0.0,20,0,16,40
0.0,19,0,19,40
0.0,18,0,18,40
0.0,22,0,24,40
0.0,17,0,17,40
1.0,13,0,11,40
0.0,16,0,22,40
3.0,11,0,5,40
4.0,10,0,15,40
1.0,14,0,23,40
5.0,8,0,3,40
13.0,6,0,21,40
4.0,11,0,14,41
0.0,21,0,27,41
12.0,7,0,9,41
0.0,16,0,26,41
8.0,8,0,25,41
0.0,20,0,16,41
0.0,18,0,19,41
0.0,19,0,18,41
0.0,22,0,24,41
4.0,12,0,11,41
8.0,9,0,5,41
2.0,14,0,23,41
5.0,10,0,3,41
33.0,3,2,13,41
26.0,5,0,2,41
40.0,2,2,4,41
1.0,16,0,20,42
4.0,12,0,14,42
0.0,22,0,27,42
12.0,7,0,9,42
0.0,17,0,26,42
8.0,9,0,25,42
0.0,21,0,16,42
0.0,19,0,19,42
0.0,20,0,18,42
0.0,23,0,24,42
4.0,13,0,11,42
12.0,8,0,5,42
2.0,15,0,23,42
5.0,11,0,3,42
39.0,3,2,13,42
26.0,5,0,2,42
48.0,2,2,4,42
1.0,17,0,20,43
4.0,12,0,14,43
0.0,22,0,27,43
17.0,6,0,9,43
0.0,18,0,26,43
8.0,9,0,25,43
0.0,21,0,16,43
0.0,20,0,19,43
1.0,16,0,18,43
0.0,23,0,24,43
2.0,14,0,17,43
4.0,13,0,11,43
12.0,8,0,5,43
2.0,15,0,23,43
5.0,11,0,3,43
47.0,3,2,13,43
30.0,5,0,2,43
50.0,2,2,4,43
1.0,17,0,20,44
4.0,12,0,14,44
0.0,22,0,27,44
22.0,6,0,9,44
0.0,19,0,26,44
8.0,9,0,25,44
0.0,21,0,16,44
0.0,20,0,19,44
1.0,16,0,18,44
0.0,23,0,24,44
2.0,14,0,17,44
4.0,13,0,11,44
14.0,8,0,5,44
2.0,15,0,23,44
5.0,11,0,3,44
17.0,7,0,21,44
58.0,2,2,4,44
1.0,17,0,20,45
8.0,11,0,14,45
0.0,22,0,27,45
24.0,6,0,9,45
0.0,19,0,26,45
13.0,9,0,25,45
0.0,21,0,16,45
0.0,20,0,19,45
1.0,16,0,18,45
0.0,23,0,24,45
8.0,10,0,17,45
4.0,14,0,11,45
0.0,18,0,22,45
15.0,8,0,5,45
7.0,12,0,15,45
2.0,15,0,23,45
59.0,3,2,13,45
36.0,5,0,2,45
42.0,5,0,2,46
1.0,17,0,20,46
8.0,11,0,14,46
0.0,22,0,27,46
28.0,6,0,9,46
0.0,19,0,26,46
13.0,9,0,25,46
0.0,21,0,16,46
0.0,20,0,19,46
1.0,16,0,18,46
0.0,23,0,24,46
8.0,10,0,17,46
4.0,15,0,11,46
16.0,8,0,5,46
7.0,13,0,15,46
5.0,14,0,23,46
7.0,12,0,3,46
17.0,7,0,21,46
73.0,2,3,4,46
17.0,8,0,21,47
0.0,24,0,29,47
1.0,17,0,20,47
8.0,12,0,14,47
0.0,22,0,27,47
29.0,6,0,9,47
0.0,19,0,26,47
13.0,9,0,25,47
0.0,21,0,16,47
0.0,20,0,19,47
1.0,16,0,18,47
0.0,23,0,24,47
8.0,11,0,17,47
4.0,15,0,11,47
0.0,18,0,22,47
19.0,7,0,5,47
9.0,10,0,3,47
69.0,3,3,13,47
47.0,5,0,2,47
79.0,2,3,4,47
52.0,5,0,2,48
0.0,24,0,29,48
1.0,17,0,20,48
8.0,12,0,14,48
0.0,22,0,27,48
33.0,6,0,9,48
0.0,19,0,26,48
13.0,9,0,25,48
0.0,21,0,16,48
0.0,20,0,19,48
2.0,16,0,18,48
0.0,23,0,24,48
8.0,11,0,17,48
4.0,15,0,11,48
0.0,18,0,22,48
21.0,7,0,5,48
7.0,13,0,15,48
69.0,4,3,13,48
17.0,8,0,21,48
89.0,2,4,4,48
56.0,5,0,2,49
0.0,24,0,29,49
1.0,17,0,20,49
8.0,12,0,14,49
0.0,23,0,27,49
33.0,6,0,9,49
0.0,19,0,26,49
13.0,10,0,25,49
0.0,22,0,16,49
0.0,20,0,19,49
2.0,16,0,18,49
0.0,21,0,24,49
10.0,11,0,17,49
4.0,15,0,11,49
0.0,18,0,22,49
22.0,7,0,5,49
7.0,13,0,15,49
77.0,4,3,13,49
17.0,8,0,21,49
95.0,2,4,4,49
56.0,5,0,2,50
0.0,23,0,29,50
1.0,18,0,20,50
13.0,11,0,14,50
0.0,24,0,27,50
35.0,6,0,9,50
0.0,21,0,26,50
13.0,10,0,25,50
1.0,17,0,16,50
0.0,22,0,19,50
2.0,16,0,18,50
0.0,20,0,24,50
10.0,12,0,17,50
4.0,15,0,11,50
0.0,19,0,22,50
30.0,7,0,5,50
7.0,13,0,15,50
80.0,4,3,13,50
21.0,8,0,21,50
95.0,2,4,4,50
58.0,5,0,2,51
0.0,23,0,29,51
6.0,14,0,20,51
14.0,10,0,14,51
0.0,24,0,27,51
35.0,6,0,9,51
0.0,21,0,26,51
13.0,11,0,25,51
1.0,19,0,16,51
0.0,22,0,19,51
6.0,15,0,18,51
3.0,18,0,24,51
10.0,12,0,17,51
4.0,17,0,11,51
0.0,20,0,22,51
30.0,7,0,5,51
7.0,13,0,15,51
5.0,16,0,23,51
86.0,4,3,13,51
21.0,8,0,21,51
103.0,2,4,4,51
110.0,1,6,8,52
0.0,22,0,6,52
0.0,24,0,29,52
6.0,14,0,20,52
14.0,10,0,14,52
0.0,25,0,27,52
39.0,6,0,9,52
0.0,21,0,26,52
13.0,11,0,25,52
1.0,19,0,16,52
0.0,23,0,19,52
6.0,15,0,18,52
3.0,18,0,24,52
10.0,12,0,17,52
4.0,17,0,11,52
0.0,20,0,22,52
30.0,7,0,5,52
8.0,13,0,15,52
5.0,16,0,23,52
20.0,9,0,3,52
94.0,4,3,13,52
61.0,5,0,2,52
109.0,3,4,4,52
0.0,18,0,11,53
0.0,17,0,33,53
0.0,16,0,15,53
0.0,15,0,22,53
0.0,14,0,23,53
0.0,13,0,26,53
0.0,12,0,2,53
0.0,11,0,24,53
0.0,10,0,14,53
0.0,9,0,13,53
1.0,8,0,32,53
2.0,7,0,3,53
3.0,6,0,17,53
4.0,5,0,31,53
5.0,4,0,18,53
6.0,3,0,8,53
8.0,2,0,30,53
10.0,1,1,4,53
0.0,17,0,27,54
2.0,10,0,35,54
10.0,4,1,21,54
0.0,21,0,11,54
0.0,19,0,33,54
0.0,13,0,15,54
0.0,14,0,22,54
1.0,11,0,23,54
0.0,20,0,26,54
0.0,18,0,2,54
0.0,16,0,24,54
0.0,15,0,14,54
4.0,7,0,13,54
1.0,12,0,32,54
2.0,9,0,3,54
3.0,8,0,17,54
9.0,5,0,31,54
11.0,3,0,18,54
6.0,6,0,8,54
11.0,2,0,30,54
18.0,1,1,4,54
0.0,22,0,34,55
0.0,19,0,27,55
5.0,9,0,35,55
14.0,2,1,21,55
0.0,20,0,11,55
0.0,21,0,33,55
0.0,17,0,15,55
2.0,12,0,22,55
7.0,7,0,23,55
0.0,16,0,26,55
5.0,8,0,2,55
0.0,18,0,24,55
1.0,14,0,14,55
4.0,10,0,13,55
1.0,15,0,32,55
2.0,13,0,3,55
3.0,11,0,17,55
9.0,6,0,31,55
11.0,5,0,18,55
14.0,3,0,8,55
11.0,4,0,30,55
28.0,1,2,4,55
0.0,22,0,34,56
0.0,19,0,27,56
5.0,11,0,35,56
15.0,4,1,21,56
0.0,20,0,11,56
0.0,21,0,33,56
0.0,17,0,15,56
2.0,12,0,22,56
7.0,8,0,23,56
0.0,16,0,26,56
5.0,10,0,2,56
0.0,18,0,24,56
1.0,14,0,14,56
9.0,7,0,13,56
1.0,15,0,32,56
2.0,13,0,3,56
6.0,9,0,17,56
15.0,5,0,31,56
13.0,6,0,18,56
18.0,3,0,8,56
21.0,2,1,30,56
36.0,1,2,4,56
0.0,22,0,34,57
0.0,19,0,27,57
6.0,11,0,35,57
18.0,4,1,21,57
0.0,21,0,11,57
0.0,20,0,33,57
0.0,16,0,15,57
6.0,9,0,22,57
7.0,8,0,23,57
0.0,17,0,26,57
5.0,12,0,2,57
0.0,18,0,24,57
1.0,14,0,14,57
15.0,5,0,13,57
1.0,15,0,32,57
4.0,13,0,3,57
6.0,10,0,17,57
15.0,6,0,31,57
13.0,7,0,18,57
23.0,3,0,8,57
31.0,2,2,30,57
44.0,1,2,4,57
0.0,22,0,34,58
0.0,19,0,27,58
6.0,12,0,35,58
24.0,4,1,21,58
0.0,21,0,11,58
0.0,20,0,33,58
0.0,16,0,15,58
8.0,8,0,22,58
7.0,9,0,23,58
0.0,17,0,26,58
6.0,10,0,2,58
0.0,18,0,24,58
1.0,14,0,14,58
20.0,5,0,13,58
1.0,15,0,32,58
4.0,13,0,3,58
6.0,11,0,17,58
15.0,7,0,31,58
16.0,6,0,18,58
27.0,3,0,8,58
39.0,2,2,30,58
54.0,1,3,4,58
0.0,23,0,36,59
0.0,22,0,34,59
0.0,19,0,27,59
6.0,13,0,35,59
27.0,3,1,21,59
0.0,21,0,11,59
0.0,20,0,33,59
0.0,16,0,15,59
13.0,8,0,22,59
8.0,9,0,23,59
0.0,17,0,26,59
8.0,10,0,2,59
0.0,18,0,24,59
7.0,11,0,14,59
20.0,6,0,13,59
1.0,15,0,32,59
4.0,14,0,3,59
6.0,12,0,17,59
23.0,5,0,31,59
16.0,7,0,18,59
27.0,4,0,8,59
43.0,2,2,30,59
64.0,1,4,4,59
0.0,23,0,36,60
0.0,22,0,34,60
0.0,19,0,27,60
7.0,12,0,35,60
32.0,4,1,21,60
0.0,21,0,11,60
0.0,20,0,33,60
0.0,16,0,15,60
13.0,8,0,22,60
8.0,10,0,23,60
0.0,17,0,26,60
10.0,9,0,2,60
0.0,18,0,24,60
7.0,11,0,14,60
24.0,6,0,13,60
1.0,15,0,32,60
4.0,14,0,3,60
6.0,13,0,17,60
26.0,5,0,31,60
16.0,7,0,18,60
33.0,3,0,8,60
51.0,2,2,30,60
74.0,1,5,4,60
0.0,23,0,36,61
0.0,22,0,34,61
0.0,19,0,27,61
7.0,12,0,35,61
37.0,4,1,21,61
0.0,21,0,11,61
0.0,20,0,33,61
3.0,15,0,15,61
13.0,8,0,22,61
8.0,10,0,23,61
0.0,17,0,26,61
12.0,9,0,2,61
0.0,18,0,24,61
8.0,11,0,14,61
28.0,5,0,13,61
1.0,16,0,32,61
4.0,14,0,3,61
6.0,13,0,17,61
26.0,6,0,31,61
16.0,7,0,18,61
39.0,3,0,8,61
59.0,2,2,30,61
84.0,1,6,4,61
0.0,23,0,36,62
0.0,22,0,34,62
0.0,19,0,27,62
7.0,13,0,35,62
43.0,3,1,21,62
0.0,21,0,11,62
0.0,20,0,33,62
8.0,12,0,15,62
16.0,8,0,22,62
8.0,11,0,23,62
0.0,18,0,26,62
12.0,9,0,2,62
1.0,16,0,24,62
10.0,10,0,14,62
36.0,5,0,13,62
1.0,17,0,32,62
4.0,15,0,3,62
6.0,14,0,17,62
26.0,6,0,31,62
16.0,7,0,18,62
39.0,4,0,8,62
69.0,2,3,30,62
88.0,1,6,4,62
2.0,16,0,37,63
0.0,24,0,36,63
0.0,23,0,34,63
0.0,20,0,27,63
7.0,13,0,35,63
46.0,3,1,21,63
0.0,22,0,11,63
0.0,21,0,33,63
8.0,12,0,15,63
16.0,8,0,22,63
13.0,9,0,23,63
0.0,19,0,26,63
13.0,10,0,2,63
1.0,17,0,24,63
10.0,11,0,14,63
42.0,5,0,13,63
1.0,18,0,32,63
4.0,15,0,3,63
6.0,14,0,17,63
26.0,6,0,31,63
16.0,7,0,18,63
43.0,4,0,8,63
79.0,2,4,30,63
96.0,1,6,4,63
2.0,16,0,37,64
0.0,24,0,36,64
0.0,23,0,34,64
0.0,20,0,27,64
7.0,13,0,35,64
49.0,4,1,21,64
0.0,22,0,11,64
0.0,21,0,33,64
10.0,12,0,15,64
16.0,8,0,22,64
13.0,9,0,23,64
0.0,19,0,26,64
13.0,10,0,2,64
1.0,18,0,24,64
10.0,11,0,14,64
50.0,3,0,13,64
2.0,17,0,32,64
4.0,15,0,3,64
6.0,14,0,17,64
26.0,6,0,31,64
21.0,7,0,18,64
49.0,5,0,8,64
89.0,2,5,30,64
100.0,1,6,4,64
10.0,12,0,37,65
0.0,24,0,36,65
0.0,23,0,34,65
0.0,21,0,27,65
7.0,14,0,35,65
49.0,4,1,21,65
0.0,22,0,11,65
0.0,20,0,33,65
10.0,13,0,15,65
21.0,8,0,22,65
16.0,10,0,23,65
0.0,19,0,26,65
19.0,9,0,2,65
1.0,18,0,24,65
14.0,11,0,14,65
52.0,3,0,13,65
2.0,17,0,32,65
4.0,16,0,3,65
6.0,15,0,17,65
26.0,7,0,31,65
31.0,6,1,18,65
49.0,5,0,8,65
90.0,2,5,30,65
100.0,1,6,4,65
0.0,23,0,9,66
14.0,11,0,37,66
0.0,25,0,36,66
0.0,24,0,34,66
0.0,21,0,27,66
7.0,14,0,35,66
52.0,4,1,21,66
0.0,22,0,11,66
0.0,20,0,33,66
10.0,13,0,15,66
22.0,8,0,22,66
18.0,10,0,23,66
0.0,19,0,26,66
19.0,9,0,2,66
1.0,18,0,24,66
14.0,12,0,14,66
62.0,3,1,13,66
2.0,17,0,32,66
4.0,16,0,3,66
6.0,15,0,17,66
26.0,7,0,31,66
36.0,6,1,18,66
49.0,5,0,8,66
96.0,2,5,30,66
108.0,1,6,4,66
6.0,15,0,9,67
14.0,11,0,37,67
0.0,25,0,36,67
0.0,24,0,34,67
0.0,22,0,27,67
7.0,14,0,35,67
57.0,4,1,21,67
0.0,23,0,11,67
0.0,21,0,33,67
12.0,13,0,15,67
25.0,8,0,22,67
18.0,10,0,23,67
0.0,20,0,26,67
20.0,9,0,2,67
1.0,19,0,24,67
14.0,12,0,14,67
62.0,3,1,13,67
2.0,18,0,32,67
4.0,17,0,3,67
6.0,16,0,17,67
26.0,7,0,31,67
40.0,6,1,18,67
57.0,5,0,8,67
106.0,2,6,30,67
108.0,1,6,4,67
0.0,27,0,29,68
0.0,24,0,38,68
6.0,16,0,9,68
18.0,10,0,37,68
0.0,26,0,36,68
0.0,25,0,34,68
0.0,22,0,27,68
7.0,15,0,35,68
63.0,3,1,21,68
0.0,23,0,11,68
0.0,21,0,33,68
12.0,13,0,15,68
28.0,7,0,22,68
18.0,11,0,23,68
0.0,20,0,26,68
22.0,9,0,2,68
1.0,19,0,24,68
14.0,12,0,14,68
62.0,4,1,13,68
2.0,18,0,32,68
4.0,17,0,3,68
7.0,14,0,17,68
26.0,8,0,31,68
45.0,6,1,18,68
57.0,5,0,8,68
116.0,1,7,30,68
116.0,2,6,4,68
0.0,27,0,29,69
0.0,24,0,38,69
6.0,16,0,9,69
18.0,11,0,37,69
0.0,26,0,36,69
0.0,25,0,34,69
0.0,22,0,27,69
7.0,15,0,35,69
69.0,4,1,21,69
0.0,23,0,11,69
0.0,21,0,33,69
15.0,12,0,15,69
28.0,7,0,22,69
20.0,10,0,23,69
0.0,20,0,26,69
23.0,9,0,2,69
1.0,19,0,24,69
14.0,13,0,14,69
70.0,3,1,13,69
2.0,18,0,32,69
4.0,17,0,3,69
7.0,14,0,17,69
26.0,8,0,31,69
50.0,6,1,18,69
61.0,5,0,8,69
116.0,2,7,30,69
126.0,1,7,4,69
0.0,26,0,29,70
0.0,24,0,38,70
6.0,16,0,9,70
19.0,11,0,37,70
0.0,27,0,36,70
0.0,25,0,34,70
0.0,22,0,27,70
7.0,15,0,35,70
72.0,4,1,21,70
0.0,23,0,11,70
0.0,21,0,33,70
15.0,12,0,15,70
30.0,7,0,22,70
20.0,10,0,23,70
0.0,20,0,26,70
23.0,9,0,2,70
1.0,19,0,24,70
14.0,13,0,14,70
80.0,3,2,13,70
2.0,18,0,32,70
4.0,17,0,3,70
7.0,14,0,17,70
26.0,8,0,31,70
56.0,6,1,18,70
65.0,5,0,8,70
121.0,2,7,30,70
134.0,1,7,4,70
0.0,13,0,39,71
0.0,17,0,11,71
0.0,12,0,35,71
0.0,11,0,23,71
0.0,16,0,18,71
0.0,10,0,13,71
0.0,9,0,15,71
1.0,8,0,8,71
2.0,7,0,32,71
3.0,6,0,31,71
4.0,5,0,17,71
5.0,4,0,14,71
6.0,3,0,4,71
8.0,2,0,22,71
10.0,1,1,21,71
2.0,11,0,30,72
0.0,18,0,40,72
0.0,15,0,33,72
0.0,14,0,39,72
0.0,20,0,11,72
0.0,16,0,35,72
4.0,8,0,23,72
0.0,19,0,18,72
0.0,13,0,13,72
8.0,3,0,15,72
1.0,12,0,8,72
3.0,10,0,32,72
8.0,6,0,31,72
4.0,9,0,17,72
8.0,5,0,14,72
16.0,1,1,4,72
8.0,4,0,22,72
10.0,2,1,21,72
6.0,10,0,2,73
2.0,14,0,30,73
0.0,18,0,40,73
0.0,15,0,33,73
0.0,17,0,39,73
0.0,21,0,11,73
0.0,16,0,35,73
9.0,4,0,23,73
0.0,20,0,18,73
2.0,13,0,13,73
16.0,2,0,15,73
7.0,8,0,8,73
3.0,12,0,32,73
8.0,7,0,31,73
7.0,9,0,17,73
9.0,5,0,14,73
26.0,1,2,4,73
8.0,6,0,22,73
10.0,3,1,21,73
0.0,24,0,19,74
0.0,21,0,27,74
9.0,5,0,2,74
10.0,4,0,30,74
0.0,20,0,40,74
0.0,18,0,33,74
0.0,19,0,39,74
0.0,23,0,11,74
5.0,13,0,35,74
9.0,6,0,23,74
0.0,22,0,18,74
2.0,16,0,13,74
20.0,2,0,15,74
7.0,11,0,8,74
3.0,15,0,32,74
8.0,10,0,31,74
9.0,8,0,17,74
9.0,7,0,14,74
1.0,17,0,24,75
6.0,12,0,25,75
4.0,14,0,37,75
0.0,24,0,19,75
0.0,21,0,27,75
9.0,10,0,2,75
10.0,7,0,30,75
0.0,20,0,40,75
0.0,18,0,33,75
0.0,19,0,39,75
0.0,23,0,11,75
5.0,13,0,35,75
14.0,5,0,23,75
0.0,22,0,18,75
2.0,16,0,13,75
26.0,2,0,15,75
17.0,3,1,8,75
3.0,15,0,32,75
10.0,8,0,31,75
12.0,6,0,17,75
10.0,9,0,14,75
0.0,24,0,19,76
0.0,21,0,27,76
17.0,5,0,2,76
12.0,9,0,30,76
0.0,20,0,40,76
0.0,18,0,33,76
0.0,19,0,39,76
0.0,23,0,11,76
5.0,13,0,35,76
17.0,6,0,23,76
0.0,22,0,18,76
2.0,16,0,13,76
26.0,3,0,15,76
27.0,2,2,8,76
3.0,15,0,32,76
14.0,8,0,31,76
18.0,4,0,17,76
10.0,10,0,14,76
49.0,1,3,4,76
9.0,11,0,22,76
14.0,7,1,21,76
6.0,12,0,25,77
4.0,14,0,37,77
0.0,24,0,19,77
0.0,23,0,27,77
25.0,4,0,2,77
16.0,8,0,30,77
0.0,21,0,40,77
0.0,18,0,33,77
0.0,20,0,39,77
0.0,22,0,11,77
5.0,13,0,35,77
17.0,7,0,23,77
0.0,19,0,18,77
2.0,16,0,13,77
27.0,3,0,15,77
27.0,2,2,8,77
3.0,15,0,32,77
16.0,9,0,31,77
18.0,5,0,17,77
15.0,11,0,14,77
59.0,1,4,4,77
15.0,10,0,22,77
17.0,6,1,21,77
6.0,13,0,25,78
4.0,15,0,37,78
0.0,24,0,19,78
0.0,21,0,27,78
25.0,4,0,2,78
24.0,5,0,30,78
0.0,22,0,40,78
0.0,18,0,33,78
0.0,20,0,39,78
0.0,23,0,11,78
5.0,14,0,35,78
20.0,8,0,23,78
0.0,19,0,18,78
7.0,12,0,13,78
27.0,3,0,15,78
37.0,2,3,8,78
4.0,16,0,32,78
16.0,11,0,31,78
22.0,6,0,17,78
17.0,10,0,14,78
59.0,1,4,4,78
21.0,7,0,22,78
17.0,9,1,21,78
6.0,14,0,25,79
4.0,18,0,37,79
0.0,25,0,19,79
4.0,17,0,27,79
25.0,6,0,2,79
34.0,3,1,30,79
3.0,20,0,40,79
6.0,13,0,33,79
5.0,16,0,39,79
0.0,23,0,11,79
5.0,15,0,35,79
20.0,8,0,23,79
0.0,22,0,18,79
7.0,12,0,13,79
27.0,5,0,15,79
37.0,2,3,8,79
4.0,19,0,32,79
16.0,11,0,31,79
22.0,7,0,17,79
17.0,10,0,14,79
59.0,1,4,4,79
29.0,4,0,22,79
17.0,9,1,21,79
6.0,14,0,25,80
4.0,19,0,37,80
0.0,25,0,19,80
4.0,18,0,27,80
25.0,6,0,2,80
40.0,3,1,30,80
3.0,21,0,40,80
6.0,13,0,33,80
5.0,17,0,39,80
0.0,23,0,11,80
6.0,15,0,35,80
22.0,8,0,23,80
5.0,16,0,18,80
7.0,12,0,13,80
31.0,4,0,15,80
45.0,2,3,8,80
4.0,20,0,32,80
16.0,11,0,31,80
22.0,7,0,17,80
17.0,10,0,14,80
69.0,1,5,4,80
29.0,5,0,22,80
20.0,9,1,21,80
6.0,15,0,25,81
4.0,19,0,37,81
0.0,25,0,19,81
4.0,18,0,27,81
25.0,8,0,2,81
43.0,3,1,30,81
3.0,21,0,40,81
6.0,14,0,33,81
5.0,17,0,39,81
0.0,23,0,11,81
6.0,16,0,35,81
23.0,9,0,23,81
9.0,12,0,18,81
7.0,13,0,13,81
31.0,5,0,15,81
51.0,2,3,8,81
4.0,20,0,32,81
26.0,6,1,31,81
22.0,10,0,17,81
17.0,11,0,14,81
77.0,1,5,4,81
31.0,4,0,22,81
25.0,7,1,21,81
1.0,22,0,24,82
6.0,15,0,25,82
4.0,19,0,37,82
0.0,26,0,19,82
4.0,18,0,27,82
25.0,9,0,2,82
47.0,3,1,30,82
3.0,21,0,40,82
6.0,14,0,33,82
5.0,17,0,39,82
0.0,23,0,11,82
6.0,16,0,35,82
26.0,8,0,23,82
15.0,12,0,18,82
8.0,13,0,13,82
31.0,6,0,15,82
51.0,2,3,8,82
4.0,20,0,32,82
34.0,4,1,31,82
22.0,10,0,17,82
19.0,11,0,14,82
87.0,1,6,4,82
31.0,5,0,22,82
30.0,7,1,21,82
1.0,22,0,24,83
6.0,15,0,25,83
4.0,19,0,37,83
0.0,26,0,19,83
4.0,18,0,27,83
28.0,9,0,2,83
55.0,3,1,30,83
3.0,21,0,40,83
6.0,14,0,33,83
5.0,17,0,39,83
1.0,23,0,11,83
6.0,16,0,35,83
32.0,6,0,23,83
19.0,11,0,18,83
8.0,13,0,13,83
36.0,4,0,15,83
61.0,2,4,8,83
4.0,20,0,32,83
34.0,5,1,31,83
24.0,10,0,17,83
19.0,12,0,14,83
87.0,1,6,4,83
31.0,7,0,22,83
30.0,8,1,21,83
1.0,23,0,24,84
6.0,15,0,25,84
4.0,20,0,37,84
0.0,26,0,19,84
4.0,19,0,27,84
28.0,9,0,2,84
55.0,3,1,30,84
3.0,21,0,40,84
6.0,14,0,33,84
5.0,17,0,39,84
1.0,22,0,11,84
6.0,16,0,35,84
32.0,7,0,23,84
23.0,11,0,18,84
8.0,13,0,13,84
39.0,5,0,15,84
71.0,2,5,8,84
5.0,18,0,32,84
40.0,4,1,31,84
24.0,10,0,17,84
21.0,12,0,14,84
95.0,1,6,4,84
31.0,8,0,22,84
35.0,6,1,21,84
0.0,26,0,41,85
1.0,24,0,24,85
6.0,15,0,25,85
4.0,20,0,37,85
0.0,27,0,19,85
4.0,19,0,27,85
28.0,9,0,2,85
55.0,3,1,30,85
3.0,21,0,40,85
6.0,14,0,33,85
5.0,17,0,39,85
1.0,23,0,11,85
6.0,16,0,35,85
35.0,7,0,23,85
24.0,10,0,18,85
8.0,13,0,13,85
43.0,5,0,15,85
76.0,2,5,8,85
5.0,18,0,32,85
50.0,4,2,31,85
24.0,11,0,17,85
21.0,12,0,14,85
103.0,1,6,4,85
31.0,8,0,22,85
41.0,6,1,21,85
0.0,26,0,41,86
1.0,24,0,24,86
6.0,16,0,25,86
4.0,20,0,37,86
0.0,27,0,19,86
4.0,19,0,27,86
28.0,11,0,2,86
55.0,3,1,30,86
3.0,21,0,40,86
7.0,15,0,33,86
5.0,17,0,39,86
1.0,23,0,11,86
9.0,13,0,35,86
37.0,7,0,23,86
30.0,9,0,18,86
8.0,14,0,13,86
43.0,5,0,15,86
86.0,2,6,8,86
5.0,18,0,32,86
50.0,4,2,31,86
29.0,10,0,17,86
21.0,12,0,14,86
111.0,1,6,4,86
35.0,8,0,22,86
41.0,6,1,21,86
0.0,26,0,41,87
1.0,24,0,24,87
6.0,16,0,25,87
4.0,20,0,37,87
0.0,27,0,19,87
4.0,19,0,27,87
28.0,11,0,2,87
60.0,4,1,30,87
3.0,21,0,40,87
7.0,15,0,33,87
5.0,17,0,39,87
1.0,23,0,11,87
9.0,13,0,35,87
38.0,8,0,23,87
32.0,9,0,18,87
8.0,14,0,13,87
43.0,6,0,15,87
94.0,2,6,8,87
5.0,18,0,32,87
60.0,3,3,31,87
29.0,10,0,17,87
21.0,12,0,14,87
117.0,1,6,4,87
38.0,7,0,22,87
45.0,5,1,21,87
0.0,26,0,41,88
1.0,24,0,24,88
6.0,16,0,25,88
4.0,20,0,37,88
0.0,27,0,19,88
4.0,19,0,27,88
28.0,11,0,2,88
62.0,3,1,30,88
3.0,21,0,40,88
7.0,15,0,33,88
5.0,17,0,39,88
1.0,23,0,11,88
9.0,13,0,35,88
39.0,7,0,23,88
36.0,9,0,18,88
8.0,14,0,13,88
43.0,6,0,15,88
104.0,2,7,8,88
5.0,18,0,32,88
60.0,4,3,31,88
34.0,10,0,17,88
24.0,12,0,14,88
123.0,1,6,4,88
38.0,8,0,22,88
53.0,5,1,21,88
0.0,26,0,41,89
1.0,24,0,24,89
6.0,17,0,25,89
4.0,20,0,37,89
0.0,27,0,19,89
4.0,19,0,27,89
28.0,11,0,2,89
62.0,3,1,30,89
3.0,21,0,40,89
7.0,16,0,33,89
5.0,18,0,39,89
1.0,23,0,11,89
9.0,14,0,35,89
45.0,6,0,23,89
37.0,9,0,18,89
11.0,13,0,13,89
43.0,7,0,15,89
112.0,2,7,8,89
9.0,15,0,32,89
60.0,4,3,31,89
36.0,10,0,17,89
24.0,12,0,14,89
133.0,1,7,4,89
38.0,8,0,22,89
58.0,5,1,21,89
0.0,14,0,45,90
0.0,13,0,44,90
0.0,12,0,43,90
0.0,11,0,32,90
0.0,10,0,21,90
0.0,9,0,11,90
1.0,8,0,14,90
2.0,7,0,15,90
3.0,6,0,18,90
4.0,5,0,31,90
5.0,4,0,23,90
6.0,3,0,4,90
8.0,2,0,22,90
10.0,1,1,30,90
0.0,17,0,47,91
0.0,16,0,46,91
1.0,9,0,13,91
0.0,15,0,45,91
0.0,14,0,44,91
0.0,10,0,43,91
0.0,13,0,32,91
0.0,12,0,21,91
0.0,11,0,11,91
4.0,8,0,14,91
6.0,6,0,15,91
9.0,4,0,18,91
12.0,3,0,31,91
5.0,7,0,23,91
8.0,5,0,4,91
13.0,2,0,22,91
20.0,1,2,30,91
0.0,18,0,2,92
1.0,11,0,17,92
0.0,19,0,47,92
0.0,17,0,46,92
1.0,10,0,13,92
0.0,16,0,45,92
0.0,13,0,44,92
0.0,12,0,43,92
0.0,15,0,32,92
0.0,14,0,21,92
4.0,8,0,11,92
4.0,9,0,14,92
11.0,6,0,15,92
15.0,3,0,18,92
12.0,4,0,31,92
7.0,7,0,23,92
11.0,5,0,4,92
21.0,2,0,22,92
30.0,1,3,30,92
1.0,12,0,8,93
0.0,20,0,2,93
1.0,11,0,17,93
0.0,19,0,47,93
0.0,18,0,46,93
1.0,10,0,13,93
0.0,17,0,45,93
0.0,15,0,44,93
0.0,14,0,43,93
0.0,16,0,32,93
0.0,13,0,21,93
4.0,8,0,11,93
4.0,9,0,14,93
15.0,6,0,15,93
23.0,3,0,18,93
18.0,4,0,31,93
9.0,7,0,23,93
16.0,5,0,4,93
24.0,2,0,22,93
40.0,1,4,30,93
1.0,12,0,8,94
0.0,20,0,2,94
1.0,13,0,17,94
0.0,19,0,47,94
0.0,18,0,46,94
1.0,11,0,13,94
0.0,17,0,45,94
0.0,15,0,44,94
0.0,14,0,43,94
0.0,16,0,32,94
2.0,10,0,21,94
8.0,8,0,11,94
4.0,9,0,14,94
21.0,5,0,15,94
24.0,3,0,18,94
18.0,6,0,31,94
12.0,7,0,23,94
21.0,4,0,4,94
32.0,2,0,22,94
50.0,1,5,30,94
1.0,15,0,8,95
2.0,13,0,2,95
1.0,16,0,17,95
0.0,17,0,47,95
0.0,20,0,46,95
5.0,9,0,13,95
0.0,19,0,45,95
1.0,14,0,44,95
3.0,11,0,43,95
0.0,18,0,32,95
2.0,12,0,21,95
8.0,8,0,11,95
4.0,10,0,14,95
31.0,4,1,15,95
32.0,3,0,18,95
23.0,5,0,31,95
12.0,7,0,23,95
21.0,6,0,4,95
38.0,2,0,22,95
50.0,1,5,30,95
1.0,16,0,8,96
2.0,14,0,2,96
3.0,13,0,17,96
0.0,17,0,47,96
0.0,20,0,46,96
5.0,9,0,13,96
0.0,19,0,45,96
1.0,15,0,44,96
3.0,12,0,43,96
0.0,18,0,32,96
5.0,10,0,21,96
8.0,8,0,11,96
4.0,11,0,14,96
36.0,4,1,15,96
38.0,3,0,18,96
24.0,6,0,31,96
12.0,7,0,23,96
25.0,5,0,4,96
46.0,2,0,22,96
60.0,1,6,30,96
2.0,16,0,10,97
5.0,12,0,8,97
3.0,14,0,2,97
3.0,15,0,17,97
0.0,19,0,47,97
0.0,21,0,46,97
5.0,11,0,13,97
0.0,20,0,45,97
1.0,17,0,44,97
3.0,13,0,43,97
0.0,18,0,32,97
10.0,8,0,21,97
8.0,9,0,11,97
7.0,10,0,14,97
36.0,4,1,15,97
44.0,3,0,18,97
24.0,6,0,31,97
12.0,7,0,23,97
25.0,5,0,4,97
54.0,2,0,22,97
70.0,1,7,30,97
2.0,17,0,10,98
8.0,11,0,8,98
3.0,15,0,2,98
3.0,16,0,17,98
1.0,18,0,47,98
0.0,21,0,46,98
5.0,12,0,13,98
0.0,20,0,45,98
5.0,13,0,44,98
3.0,14,0,43,98
0.0,19,0,32,98
10.0,9,0,21,98
14.0,7,0,11,98
9.0,10,0,14,98
41.0,4,1,15,98
44.0,3,0,18,98
24.0,6,0,31,98
12.0,8,0,23,98
25.0,5,0,4,98
62.0,2,0,22,98
80.0,1,8,30,98
0.0,20,0,48,99
2.0,17,0,10,99
10.0,11,0,8,99
3.0,16,0,2,99
3.0,15,0,17,99
1.0,18,0,47,99
0.0,22,0,46,99
5.0,12,0,13,99
0.0,21,0,45,99
5.0,13,0,44,99
3.0,14,0,43,99
0.0,19,0,32,99
10.0,10,0,21,99
14.0,7,0,11,99
12.0,9,0,14,99
46.0,4,1,15,99
48.0,3,0,18,99
25.0,6,0,31,99
12.0,8,0,23,99
33.0,5,0,4,99
68.0,2,0,22,99
90.0,1,9,30,99
0.0,20,0,48,100
2.0,17,0,10,100
18.0,7,0,8,100
3.0,16,0,2,100
4.0,14,0,17,100
1.0,18,0,47,100
0.0,22,0,46,100
5.0,12,0,13,100
0.0,21,0,45,100
5.0,13,0,44,100
3.0,15,0,43,100
0.0,19,0,32,100
13.0,10,0,21,100
14.0,8,0,11,100
14.0,9,0,14,100
46.0,4,1,15,100
53.0,3,0,18,100
29.0,6,0,31,100
12.0,11,0,23,100
33.0,5,0,4,100
74.0,2,0,22,100
100.0,1,10,30,100
2.0,18,0,42,101
0.0,21,0,48,101
2.0,17,0,10,101
18.0,8,0,8,101
3.0,16,0,2,101
7.0,12,0,17,101
1.0,19,0,47,101
0.0,23,0,46,101
5.0,13,0,13,101
0.0,22,0,45,101
5.0,14,0,44,101
3.0,15,0,43,101
0.0,20,0,32,101
13.0,10,0,21,101
15.0,9,0,11,101
19.0,7,0,14,101
46.0,4,1,15,101
61.0,3,0,18,101
33.0,6,0,31,101
12.0,11,0,23,101
39.0,5,0,4,101
74.0,2,0,22,101
110.0,1,11,30,101
4.0,15,0,42,102
0.0,21,0,48,102
2.0,18,0,10,102
18.0,8,0,8,102
3.0,17,0,2,102
7.0,12,0,17,102
1.0,19,0,47,102
0.0,23,0,46,102
5.0,13,0,13,102
0.0,22,0,45,102
5.0,14,0,44,102
3.0,16,0,43,102
0.0,20,0,32,102
14.0,10,0,21,102
18.0,9,0,11,102
19.0,7,0,14,102
46.0,4,1,15,102
65.0,3,0,18,102
38.0,6,0,31,102
12.0,11,0,23,102
45.0,5,0,4,102
82.0,2,0,22,102
120.0,1,12,30,102
0.0,22,0,41,103
4.0,15,0,42,103
0.0,21,0,48,103
2.0,19,0,10,103
28.0,7,1,8,103
3.0,18,0,2,103
7.0,13,0,17,103
1.0,20,0,47,103
0.0,24,0,46,103
10.0,12,0,13,103
0.0,23,0,45,103
6.0,14,0,44,103
3.0,17,0,43,103
3.0,16,0,32,103
18.0,10,0,21,103
18.0,9,0,11,103
21.0,8,0,14,103
46.0,4,1,15,103
65.0,3,0,18,103
38.0,6,0,31,103
12.0,11,0,23,103
45.0,5,0,4,103
88.0,2,0,22,103
128.0,1,12,30,103
0.0,21,0,41,104
6.0,15,0,42,104
0.0,22,0,48,104
2.0,19,0,10,104
28.0,7,1,8,104
3.0,18,0,2,104
7.0,13,0,17,104
1.0,20,0,47,104
0.0,24,0,46,104
10.0,12,0,13,104
0.0,23,0,45,104
6.0,14,0,44,104
3.0,17,0,43,104
3.0,16,0,32,104
19.0,10,0,21,104
23.0,9,0,11,104
24.0,8,0,14,104
46.0,4,1,15,104
71.0,3,0,18,104
42.0,6,0,31,104
12.0,11,0,23,104
45.0,5,0,4,104
98.0,2,1,22,104
136.0,1,12,30,104
0.0,23,0,35,105
0.0,21,0,41,105
6.0,15,0,42,105
0.0,22,0,48,105
2.0,19,0,10,105
34.0,7,1,8,105
3.0,18,0,2,105
7.0,13,0,17,105
1.0,20,0,47,105
0.0,25,0,46,105
11.0,12,0,13,105
0.0,24,0,45,105
6.0,14,0,44,105
3.0,17,0,43,105
3.0,16,0,32,105
21.0,10,0,21,105
26.0,8,0,11,105
24.0,9,0,14,105
46.0,5,1,15,105
79.0,3,0,18,105
46.0,6,0,31,105
12.0,11,0,23,105
50.0,4,0,4,105
108.0,2,2,22,105
136.0,1,12,30,105
0.0,21,0,35,106
0.0,22,0,41,106
6.0,15,0,42,106
0.0,23,0,48,106
2.0,19,0,10,106
37.0,7,1,8,106
3.0,18,0,2,106
7.0,13,0,17,106
1.0,20,0,47,106
0.0,25,0,46,106
11.0,12,0,13,106
0.0,24,0,45,106
6.0,14,0,44,106
3.0,17,0,43,106
3.0,16,0,32,106
22.0,10,0,21,106
31.0,8,0,11,106
24.0,9,0,14,106
46.0,6,1,15,106
85.0,3,0,18,106
48.0,5,0,31,106
20.0,11,0,23,106
54.0,4,0,4,106
108.0,2,2,22,106
146.0,1,13,30,106
0.0,21,0,35,107
0.0,22,0,41,107
6.0,15,0,42,107
0.0,23,0,48,107
2.0,19,0,10,107
45.0,7,1,8,107
3.0,18,0,2,107
7.0,13,0,17,107
1.0,20,0,47,107
0.0,25,0,46,107
12.0,12,0,13,107
0.0,24,0,45,107
6.0,14,0,44,107
3.0,17,0,43,107
3.0,16,0,32,107
22.0,11,0,21,107
34.0,8,0,11,107
24.0,10,0,14,107
46.0,6,1,15,107
85.0,3,0,18,107
58.0,5,1,31,107
24.0,9,0,23,107
59.0,4,0,4,107
114.0,2,2,22,107
148.0,1,13,30,107
0.0,11,0,50,108
0.0,10,0,18,108
0.0,9,0,35,108
1.0,8,0,23,108
2.0,7,0,4,108
3.0,6,0,49,108
4.0,5,0,15,108
5.0,4,0,30,108
6.0,3,0,8,108
8.0,2,0,31,108
10.0,1,1,14,108
0.0,15,0,43,109
0.0,13,0,52,109
1.0,11,0,2,109
8.0,4,0,22,109
0.0,14,0,50,109
2.0,10,0,18,109
0.0,12,0,35,109
6.0,8,0,23,109
8.0,5,0,4,109
3.0,9,0,49,109
8.0,7,0,15,109
8.0,6,0,30,109
16.0,1,1,8,109
8.0,3,0,31,109
10.0,2,1,14,109
0.0,14,0,17,110
10.0,4,1,21,110
0.0,15,0,43,110
0.0,16,0,52,110
1.0,13,0,2,110
8.0,7,0,22,110
0.0,17,0,50,110
2.0,12,0,18,110
3.0,11,0,35,110
8.0,9,0,23,110
14.0,3,0,4,110
7.0,10,0,49,110
9.0,5,0,15,110
8.0,8,0,30,110
24.0,1,1,8,110
8.0,6,0,31,110
15.0,2,1,14,110
0.0,19,0,42,111
0.0,14,0,44,111
0.0,15,0,17,111
10.0,7,1,21,111
0.0,16,0,43,111
0.0,17,0,52,111
1.0,13,0,2,111
14.0,5,0,22,111
0.0,18,0,50,111
3.0,12,0,18,111
3.0,11,0,35,111
13.0,6,0,23,111
17.0,4,0,4,111
7.0,10,0,49,111
9.0,9,0,15,111
18.0,3,1,30,111
32.0,1,1,8,111
10.0,8,0,31,111
19.0,2,1,14,111
0.0,19,0,51,112
0.0,20,0,42,112
0.0,17,0,44,112
2.0,14,0,17,112
10.0,8,1,21,112
3.0,12,0,43,112
1.0,16,0,52,112
1.0,15,0,2,112
20.0,4,0,22,112
0.0,18,0,50,112
3.0,13,0,18,112
3.0,11,0,35,112
17.0,6,0,23,112
25.0,3,0,4,112
7.0,10,0,49,112
9.0,9,0,15,112
28.0,2,2,30,112
32.0,1,1,8,112
15.0,7,0,31,112
19.0,5,1,14,112
0.0,20,0,51,113
0.0,17,0,42,113
0.0,18,0,44,113
4.0,12,0,17,113
10.0,8,1,21,113
3.0,14,0,43,113
1.0,16,0,52,113
1.0,15,0,2,113
26.0,3,0,22,113
0.0,19,0,50,113
8.0,10,0,18,113
3.0,13,0,35,113
20.0,6,0,23,113
25.0,4,0,4,113
7.0,11,0,49,113
10.0,9,0,15,113
38.0,2,3,30,113
40.0,1,1,8,113
15.0,7,0,31,113
23.0,5,1,14,113
0.0,20,0,51,114
0.0,18,0,42,114
0.0,17,0,44,114
4.0,12,0,17,114
10.0,9,1,21,114
3.0,13,0,43,114
1.0,16,0,52,114
1.0,15,0,2,114
27.0,4,0,22,114
0.0,19,0,50,114
8.0,10,0,18,114
3.0,14,0,35,114
25.0,7,0,23,114
29.0,3,0,4,114
7.0,11,0,49,114
13.0,8,0,15,114
44.0,2,3,30,114
48.0,1,1,8,114
25.0,5,1,31,114
25.0,6,1,14,114
0.0,20,0,51,115
0.0,18,0,42,115
1.0,15,0,44,115
6.0,12,0,17,115
10.0,9,1,21,115
3.0,13,0,43,115
1.0,17,0,52,115
1.0,16,0,2,115
31.0,6,0,22,115
0.0,19,0,50,115
8.0,10,0,18,115
3.0,14,0,35,115
33.0,4,0,23,115
34.0,3,0,4,115
7.0,11,0,49,115
13.0,8,0,15,115
54.0,1,4,30,115
51.0,2,1,8,115
31.0,5,1,31,115
25.0,7,1,14,115
0.0,20,0,51,116
0.0,18,0,42,116
1.0,16,0,44,116
9.0,11,0,17,116
10.0,9,1,21,116
3.0,13,0,43,116
1.0,17,0,52,116
2.0,15,0,2,116
37.0,6,0,22,116
0.0,19,0,50,116
10.0,10,0,18,116
3.0,14,0,35,116
43.0,3,1,23,116
39.0,5,0,4,116
7.0,12,0,49,116
13.0,8,0,15,116
58.0,1,4,30,116
51.0,2,1,8,116
39.0,4,1,31,116
25.0,7,1,14,116
0.0,20,0,51,117
0.0,18,0,42,117
2.0,15,0,44,117
12.0,9,0,17,117
10.0,10,1,21,117
3.0,14,0,43,117
1.0,17,0,52,117
2.0,16,0,2,117
39.0,5,0,22,117
0.0,19,0,50,117
10.0,11,0,18,117
3.0,13,0,35,117
53.0,3,2,23,117
39.0,6,0,4,117
7.0,12,0,49,117
13.0,8,0,15,117
64.0,1,4,30,117
56.0,2,1,8,117
47.0,4,1,31,117
29.0,7,1,14,117
0.0,20,0,51,118
0.0,18,0,42,118
2.0,15,0,44,118
12.0,9,0,17,118
10.0,11,1,21,118
5.0,13,0,43,118
1.0,17,0,52,118
2.0,16,0,2,118
49.0,5,1,22,118
0.0,19,0,50,118
11.0,10,0,18,118
3.0,14,0,35,118
53.0,4,2,23,118
39.0,6,0,4,118
7.0,12,0,49,118
16.0,8,0,15,118
69.0,1,4,30,118
62.0,2,1,8,118
55.0,3,1,31,118
33.0,7,1,14,118
0.0,21,0,53,119
0.0,20,0,51,119
0.0,18,0,42,119
6.0,14,0,44,119
12.0,10,0,17,119
10.0,11,1,21,119
8.0,12,0,43,119
1.0,17,0,52,119
2.0,16,0,2,119
49.0,5,1,22,119
0.0,19,0,50,119
12.0,9,0,18,119
3.0,15,0,35,119
53.0,4,2,23,119
44.0,6,0,4,119
7.0,13,0,49,119
22.0,8,0,15,119
71.0,1,4,30,119
62.0,3,1,8,119
65.0,2,2,31,119
41.0,7,1,14,119
0.0,21,0,53,120
0.0,20,0,51,120
0.0,18,0,42,120
6.0,14,0,44,120
15.0,9,0,17,120
10.0,11,1,21,120
8.0,12,0,43,120
1.0,17,0,52,120
2.0,16,0,2,120
49.0,6,1,22,120
0.0,19,0,50,120
12.0,10,0,18,120
3.0,15,0,35,120
58.0,4,2,23,120
54.0,5,1,4,120
7.0,13,0,49,120
24.0,8,0,15,120
72.0,1,4,30,120
70.0,3,1,8,120
71.0,2,2,31,120
45.0,7,1,14,120
0.0,22,0,47,121
4.0,16,0,48,121
0.0,23,0,53,121
0.0,21,0,51,121
0.0,19,0,42,121
6.0,14,0,44,121
17.0,9,0,17,121
10.0,11,1,21,121
8.0,12,0,43,121
1.0,18,0,52,121
2.0,17,0,2,121
55.0,5,1,22,121
0.0,20,0,50,121
12.0,10,0,18,121
6.0,15,0,35,121
58.0,4,2,23,121
55.0,6,1,4,121
7.0,13,0,49,121
24.0,8,0,15,121
82.0,1,5,30,121
75.0,3,1,8,121
79.0,2,2,31,121
45.0,7,1,14,121
0.0,23,0,47,122
4.0,17,0,48,122
0.0,22,0,53,122
1.0,19,0,51,122
0.0,20,0,42,122
6.0,15,0,44,122
17.0,9,0,17,122
12.0,11,1,21,122
8.0,13,0,43,122
1.0,18,0,52,122
6.0,14,0,2,122
55.0,5,1,22,122
0.0,21,0,50,122
12.0,12,0,18,122
6.0,16,0,35,122
58.0,4,2,23,122
55.0,6,1,4,122
13.0,10,0,49,122
29.0,8,0,15,122
92.0,1,6,30,122
83.0,2,1,8,122
82.0,3,2,31,122
45.0,7,1,14,122
3.0,18,0,11,123
0.0,24,0,47,123
4.0,17,0,48,123
0.0,23,0,53,123
1.0,20,0,51,123
0.0,21,0,42,123
6.0,15,0,44,123
17.0,10,0,17,123
12.0,12,1,21,123
10.0,13,0,43,123
1.0,19,0,52,123
6.0,14,0,2,123
65.0,4,2,22,123
0.0,22,0,50,123
17.0,9,0,18,123
6.0,16,0,35,123
58.0,5,2,23,123
55.0,6,1,4,123
13.0,11,0,49,123
33.0,8,0,15,123
93.0,1,6,30,123
91.0,2,1,8,123
82.0,3,2,31,123
51.0,7,1,14,123
0.0,8,0,37,124
0.0,7,0,62,124
1.0,6,0,63,124
2.0,5,0,17,124
3.0,4,0,56,124
4.0,3,0,8,124
6.0,2,0,31,124
10.0,1,1,30,124
0.0,17,0,21,125
0.0,16,0,49,125
0.0,15,0,11,125
0.0,14,0,35,125
0.0,11,0,66,125
1.0,10,0,13,125
2.0,7,0,2,125
3.0,5,0,18,125
10.0,3,1,23,125
0.0,13,0,37,125
0.0,12,0,62,125
1.0,9,0,63,125
2.0,8,0,17,125
3.0,6,0,56,125
4.0,4,0,8,125
12.0,2,0,31,125
14.0,1,1,30,125
4.0,6,0,14,126
0.0,18,0,21,126
0.0,17,0,49,126
0.0,16,0,11,126
0.0,15,0,35,126
0.0,13,0,66,126
1.0,11,0,13,126
2.0,9,0,2,126
6.0,4,0,18,126
16.0,2,1,23,126
0.0,14,0,37,126
0.0,12,0,62,126
2.0,10,0,63,126
2.0,8,0,17,126
3.0,7,0,56,126
4.0,5,0,8,126
14.0,3,0,31,126
24.0,1,2,30,126
0.0,18,0,15,127
6.0,5,0,22,127
5.0,6,0,14,127
0.0,20,0,21,127
0.0,19,0,49,127
0.0,17,0,11,127
0.0,13,0,35,127
0.0,15,0,66,127
1.0,12,0,13,127
2.0,9,0,2,127
8.0,4,0,18,127
20.0,2,1,23,127
0.0,16,0,37,127
0.0,14,0,62,127
2.0,11,0,63,127
2.0,10,0,17,127
3.0,8,0,56,127
4.0,7,0,8,127
17.0,3,0,31,127
34.0,1,3,30,127
0.0,19,0,15,128
6.0,6,0,22,128
9.0,4,0,14,128
0.0,20,0,21,128
1.0,13,0,49,128
0.0,18,0,11,128
0.0,14,0,35,128
0.0,15,0,66,128
3.0,10,0,13,128
5.0,7,0,2,128
8.0,5,0,18,128
20.0,3,1,23,128
0.0,17,0,37,128
0.0,16,0,62,128
2.0,12,0,63,128
2.0,11,0,17,128
3.0,9,0,56,128
4.0,8,0,8,128
23.0,2,0,31,128
44.0,1,4,30,128
0.0,20,0,15,129
12.0,4,0,22,129
10.0,5,0,14,129
2.0,12,0,21,129
1.0,14,0,49,129
0.0,19,0,11,129
0.0,15,0,35,129
0.0,16,0,66,129
3.0,10,0,13,129
5.0,7,0,2,129
8.0,6,0,18,129
23.0,3,1,23,129
0.0,18,0,37,129
0.0,17,0,62,129
2.0,13,0,63,129
2.0,11,0,17,129
3.0,9,0,56,129
4.0,8,0,8,129
27.0,2,0,31,129
54.0,1,5,30,129
0.0,21,0,59,130
3.0,11,0,15,130
12.0,5,0,22,130
20.0,4,1,14,130
4.0,9,0,21,130
2.0,15,0,49,130
0.0,20,0,11,130
0.0,16,0,35,130
0.0,17,0,66,130
3.0,12,0,13,130
5.0,7,0,2,130
8.0,6,0,18,130
27.0,2,1,23,130
0.0,19,0,37,130
0.0,18,0,62,130
2.0,14,0,63,130
2.0,13,0,17,130
3.0,10,0,56,130
4.0,8,0,8,130
27.0,3,0,31,130
60.0,1,5,30,130
0.0,20,0,44,131
0.0,22,0,59,131
4.0,10,0,15,131
16.0,5,0,22,131
26.0,4,1,14,131
6.0,8,0,21,131
2.0,15,0,49,131
0.0,21,0,11,131
0.0,16,0,35,131
0.0,17,0,66,131
3.0,12,0,13,131
5.0,9,0,2,131
8.0,6,0,18,131
27.0,2,1,23,131
0.0,19,0,37,131
0.0,18,0,62,131
2.0,14,0,63,131
2.0,13,0,17,131
3.0,11,0,56,131
7.0,7,0,8,131
27.0,3,0,31,131
70.0,1,6,30,131
0.0,20,0,44,132
0.0,22,0,59,132
4.0,10,0,15,132
26.0,4,1,22,132
26.0,5,1,14,132
6.0,8,0,21,132
2.0,15,0,49,132
0.0,21,0,11,132
0.0,16,0,35,132
0.0,17,0,66,132
4.0,11,0,13,132
5.0,9,0,2,132
10.0,7,0,18,132
30.0,2,1,23,132
0.0,19,0,37,132
0.0,18,0,62,132
2.0,14,0,63,132
2.0,13,0,17,132
3.0,12,0,56,132
11.0,6,0,8,132
27.0,3,0,31,132
76.0,1,6,30,132
2.0,14,0,44,133
0.0,22,0,59,133
4.0,10,0,15,133
32.0,2,1,22,133
26.0,5,1,14,133
6.0,9,0,21,133
2.0,17,0,49,133
0.0,21,0,11,133
3.0,12,0,35,133
0.0,18,0,66,133
4.0,11,0,13,133
6.0,8,0,2,133
10.0,7,0,18,133
30.0,4,1,23,133
0.0,20,0,37,133
0.0,19,0,62,133
2.0,16,0,63,133
2.0,15,0,17,133
3.0,13,0,56,133
11.0,6,0,8,133
31.0,3,0,31,133
86.0,1,7,30,133
2.0,14,0,44,134
0.0,22,0,59,134
4.0,10,0,15,134
32.0,3,1,22,134
30.0,5,1,14,134
6.0,9,0,21,134
2.0,17,0,49,134
0.0,21,0,11,134
3.0,12,0,35,134
0.0,18,0,66,134
4.0,11,0,13,134
6.0,8,0,2,134
11.0,7,0,18,134
32.0,4,1,23,134
0.0,20,0,37,134
0.0,19,0,62,134
2.0,16,0,63,134
2.0,15,0,17,134
3.0,13,0,56,134
17.0,6,0,8,134
34.0,2,0,31,134
96.0,1,8,30,134
2.0,14,0,44,135
0.0,22,0,59,135
4.0,10,0,15,135
35.0,4,1,22,135
32.0,5,1,14,135
6.0,9,0,21,135
2.0,17,0,49,135
0.0,21,0,11,135
3.0,12,0,35,135
0.0,18,0,66,135
4.0,11,0,13,135
7.0,8,0,2,135
11.0,7,0,18,135
36.0,3,1,23,135
0.0,20,0,37,135
0.0,19,0,62,135
2.0,16,0,63,135
2.0,15,0,17,135
3.0,13,0,56,135
17.0,6,0,8,135
40.0,2,0,31,135
106.0,1,9,30,135
2.0,14,0,44,136
0.0,22,0,59,136
4.0,10,0,15,136
45.0,2,2,22,136
34.0,5,1,14,136
7.0,9,0,21,136
2.0,17,0,49,136
0.0,21,0,11,136
3.0,12,0,35,136
0.0,18,0,66,136
4.0,11,0,13,136
7.0,8,0,2,136
11.0,7,0,18,136
40.0,3,1,23,136
0.0,20,0,37,136
0.0,19,0,62,136
2.0,16,0,63,136
2.0,15,0,17,136
3.0,13,0,56,136
20.0,6,0,8,136
40.0,4,0,31,136
112.0,1,9,30,136
2.0,14,0,44,137
0.0,22,0,59,137
4.0,11,0,15,137
51.0,2,2,22,137
37.0,5,1,14,137
7.0,9,0,21,137
2.0,17,0,49,137
0.0,21,0,11,137
3.0,13,0,35,137
0.0,18,0,66,137
4.0,12,0,13,137
7.0,8,0,2,137
11.0,7,0,18,137
42.0,4,1,23,137
0.0,20,0,37,137
0.0,19,0,62,137
2.0,16,0,63,137
2.0,15,0,17,137
4.0,10,0,56,137
20.0,6,0,8,137
44.0,3,0,31,137
122.0,1,10,30,137
3.0,14,0,44,138
0.0,22,0,59,138
7.0,9,0,15,138
61.0,2,3,22,138
37.0,5,1,14,138
7.0,11,0,21,138
2.0,17,0,49,138
0.0,21,0,11,138
3.0,13,0,35,138
0.0,18,0,66,138
4.0,12,0,13,138
7.0,10,0,2,138
13.0,7,0,18,138
42.0,4,1,23,138
0.0,20,0,37,138
0.0,19,0,62,138
2.0,16,0,63,138
2.0,15,0,17,138
8.0,8,0,56,138
20.0,6,0,8,138
44.0,3,0,31,138
128.0,1,10,30,138
3.0,14,0,44,139
0.0,22,0,59,139
9.0,8,0,15,139
71.0,2,4,22,139
41.0,5,1,14,139
7.0,11,0,21,139
2.0,17,0,49,139
0.0,21,0,11,139
4.0,12,0,35,139
0.0,18,0,66,139
4.0,13,0,13,139
7.0,10,0,2,139
13.0,7,0,18,139
42.0,4,1,23,139
0.0,20,0,37,139
0.0,19,0,62,139
2.0,16,0,63,139
2.0,15,0,17,139
8.0,9,0,56,139
20.0,6,0,8,139
47.0,3,0,31,139
134.0,1,10,30,139
3.0,14,0,44,140
0.0,22,0,59,140
9.0,8,0,15,140
77.0,2,4,22,140
41.0,5,1,14,140
7.0,11,0,21,140
2.0,18,0,49,140
2.0,15,0,11,140
4.0,12,0,35,140
0.0,19,0,66,140
4.0,13,0,13,140
7.0,10,0,2,140
14.0,7,0,18,140
42.0,4,1,23,140
0.0,21,0,37,140
0.0,20,0,62,140
2.0,17,0,63,140
2.0,16,0,17,140
8.0,9,0,56,140
24.0,6,0,8,140
50.0,3,0,31,140
144.0,1,11,30,140
0.0,13,0,21,141
0.0,12,0,4,141
0.0,11,0,56,141
0.0,10,0,50,141
0.0,9,0,55,141
0.0,8,0,54,141
0.0,7,0,44,141
1.0,6,0,8,141
2.0,5,0,49,141
3.0,4,0,2,141
4.0,3,0,22,141
6.0,2,0,14,141
10.0,1,1,30,141
0.0,19,0,58,142
0.0,17,0,60,142
0.0,14,0,18,142
0.0,12,0,15,142
1.0,7,0,57,142
2.0,6,0,23,142
0.0,18,0,21,142
0.0,16,0,4,142
0.0,15,0,56,142
0.0,9,0,50,142
0.0,13,0,55,142
0.0,11,0,54,142
0.0,10,0,44,142
1.0,8,0,8,142
5.0,4,0,49,142
3.0,5,0,2,142
10.0,2,0,22,142
10.0,3,0,14,142
20.0,1,2,30,142
0.0,13,0,35,143
0.0,16,0,58,143
0.0,20,0,60,143
0.0,17,0,18,143
2.0,7,0,15,143
1.0,10,0,57,143
2.0,8,0,23,143
1.0,9,0,21,143
0.0,19,0,4,143
0.0,18,0,56,143
0.0,12,0,50,143
0.0,14,0,55,143
0.0,15,0,54,143
3.0,6,0,44,143
1.0,11,0,8,143
5.0,5,0,49,143
7.0,4,0,2,143
10.0,3,0,22,143
20.0,2,1,14,143
26.0,1,2,30,143
0.0,18,0,59,144
0.0,13,0,35,144
0.0,16,0,58,144
0.0,21,0,60,144
0.0,17,0,18,144
4.0,8,0,15,144
4.0,7,0,57,144
12.0,4,1,23,144
1.0,10,0,21,144
0.0,20,0,4,144
0.0,19,0,56,144
0.0,12,0,50,144
0.0,14,0,55,144
0.0,15,0,54,144
3.0,9,0,44,144
1.0,11,0,8,144
6.0,6,0,49,144
7.0,5,0,2,144
14.0,3,0,22,144
26.0,2,1,14,144
26.0,1,2,30,144
6.0,7,0,31,145
0.0,19,0,59,145
4.0,9,0,35,145
0.0,17,0,58,145
0.0,22,0,60,145
0.0,18,0,18,145
7.0,6,0,15,145
4.0,10,0,57,145
12.0,4,1,23,145
1.0,13,0,21,145
0.0,21,0,4,145
0.0,20,0,56,145
0.0,14,0,50,145
0.0,15,0,55,145
0.0,16,0,54,145
3.0,11,0,44,145
1.0,12,0,8,145
6.0,8,0,49,145
8.0,5,0,2,145
14.0,3,0,22,145
28.0,2,1,14,145
36.0,1,3,30,145
6.0,7,0,31,146
0.0,20,0,59,146
4.0,10,0,35,146
0.0,18,0,58,146
0.0,22,0,60,146
0.0,19,0,18,146
7.0,6,0,15,146
4.0,12,0,57,146
12.0,4,1,23,146
1.0,14,0,21,146
0.0,21,0,4,146
0.0,15,0,56,146
1.0,13,0,50,146
0.0,16,0,55,146
0.0,17,0,54,146
5.0,9,0,44,146
4.0,11,0,8,146
6.0,8,0,49,146
8.0,5,0,2,146
18.0,3,0,22,146
38.0,2,2,14,146
42.0,1,3,30,146
6.0,8,0,31,147
0.0,19,0,59,147
7.0,6,0,35,147
0.0,20,0,58,147
0.0,22,0,60,147
0.0,17,0,18,147
7.0,7,0,15,147
4.0,13,0,57,147
12.0,4,1,23,147
1.0,16,0,21,147
0.0,21,0,4,147
4.0,11,0,56,147
1.0,14,0,50,147
1.0,15,0,55,147
0.0,18,0,54,147
5.0,10,0,44,147
4.0,12,0,8,147
6.0,9,0,49,147
8.0,5,0,2,147
24.0,3,0,22,147
40.0,2,2,14,147
52.0,1,4,30,147
0.0,19,0,41,148
1.0,17,0,37,148
6.0,10,0,31,148
0.0,22,0,59,148
7.0,7,0,35,148
0.0,21,0,58,148
0.0,24,0,60,148
0.0,18,0,18,148
7.0,9,0,15,148
8.0,6,0,57,148
22.0,4,2,23,148
1.0,16,0,21,148
0.0,23,0,4,148
4.0,13,0,56,148
1.0,15,0,50,148
3.0,14,0,55,148
0.0,20,0,54,148
5.0,12,0,44,148
7.0,8,0,8,148
6.0,11,0,49,148
8.0,5,0,2,148
24.0,3,0,22,148
40.0,2,2,14,148
58.0,1,4,30,148
0.0,19,0,41,149
1.0,16,0,37,149
12.0,5,0,31,149
0.0,22,0,59,149
7.0,8,0,35,149
0.0,21,0,58,149
0.0,24,0,60,149
0.0,18,0,18,149
7.0,10,0,15,149
9.0,6,0,57,149
25.0,4,2,23,149
1.0,17,0,21,149
0.0,23,0,4,149
4.0,13,0,56,149
1.0,15,0,50,149
3.0,14,0,55,149
0.0,20,0,54,149
5.0,12,0,44,149
7.0,9,0,8,149
6.0,11,0,49,149
8.0,7,0,2,149
26.0,3,0,22,149
44.0,2,2,14,149
68.0,1,5,30,149
0.0,19,0,41,150
1.0,16,0,37,150
12.0,5,0,31,150
0.0,22,0,59,150
7.0,9,0,35,150
0.0,21,0,58,150
0.0,24,0,60,150
0.0,18,0,18,150
9.0,8,0,15,150
9.0,7,0,57,150
31.0,3,2,23,150
1.0,17,0,21,150
0.0,23,0,4,150
4.0,13,0,56,150
1.0,15,0,50,150
3.0,14,0,55,150
0.0,20,0,54,150
5.0,12,0,44,150
7.0,10,0,8,150
6.0,11,0,49,150
9.0,6,0,2,150
30.0,4,0,22,150
47.0,2,2,14,150
78.0,1,6,30,150
0.0,19,0,41,151
1.0,16,0,37,151
15.0,6,0,31,151
0.0,22,0,59,151
7.0,10,0,35,151
0.0,21,0,58,151
0.0,24,0,60,151
0.0,18,0,18,151
9.0,9,0,15,151
19.0,5,1,57,151
31.0,4,2,23,151
1.0,17,0,21,151
0.0,23,0,4,151
4.0,13,0,56,151
1.0,15,0,50,151
3.0,14,0,55,151
0.0,20,0,54,151
5.0,12,0,44,151
9.0,8,0,8,151
6.0,11,0,49,151
10.0,7,0,2,151
34.0,3,0,22,151
47.0,2,2,14,151
84.0,1,6,30,151
0.0,19,0,41,152
1.0,18,0,37,152
15.0,6,0,31,152
0.0,21,0,59,152
11.0,7,0,35,152
0.0,22,0,58,152
0.0,24,0,60,152
2.0,16,0,18,152
9.0,10,0,15,152
19.0,5,1,57,152
41.0,3,3,23,152
4.0,14,0,21,152
0.0,23,0,4,152
4.0,13,0,56,152
1.0,17,0,50,152
4.0,15,0,55,152
0.0,20,0,54,152
5.0,12,0,44,152
9.0,9,0,8,152
6.0,11,0,49,152
10.0,8,0,2,152
40.0,4,0,22,152
47.0,2,2,14,152
84.0,1,6,30,152
0.0,19,0,41,153
1.0,18,0,37,153
15.0,6,0,31,153
0.0,21,0,59,153
11.0,7,0,35,153
0.0,22,0,58,153
0.0,24,0,60,153
2.0,16,0,18,153
9.0,10,0,15,153
21.0,5,1,57,153
44.0,4,3,23,153
4.0,14,0,21,153
0.0,23,0,4,153
4.0,13,0,56,153
1.0,17,0,50,153
4.0,15,0,55,153
0.0,20,0,54,153
5.0,12,0,44,153
9.0,9,0,8,153
6.0,11,0,49,153
11.0,8,0,2,153
46.0,3,0,22,153
51.0,2,2,14,153
94.0,1,7,30,153
0.0,19,0,41,154
1.0,18,0,37,154
15.0,6,0,31,154
0.0,21,0,59,154
11.0,7,0,35,154
0.0,22,0,58,154
0.0,24,0,60,154
2.0,16,0,18,154
9.0,10,0,15,154
24.0,5,1,57,154
44.0,4,3,23,154
8.0,11,0,21,154
0.0,23,0,4,154
4.0,15,0,56,154
1.0,17,0,50,154
5.0,14,0,55,154
0.0,20,0,54,154
5.0,13,0,44,154
9.0,9,0,8,154
6.0,12,0,49,154
11.0,8,0,2,154
48.0,3,0,22,154
57.0,2,2,14,154
104.0,1,8,30,154
0.0,24,0,61,155
0.0,19,0,41,155
3.0,16,0,37,155
25.0,5,1,31,155
0.0,21,0,59,155
12.0,7,0,35,155
0.0,22,0,58,155
0.0,25,0,60,155
2.0,17,0,18,155
9.0,10,0,15,155
24.0,6,1,57,155
48.0,4,3,23,155
8.0,11,0,21,155
0.0,23,0,4,155
4.0,15,0,56,155
1.0,18,0,50,155
5.0,14,0,55,155
0.0,20,0,54,155
5.0,13,0,44,155
9.0,9,0,8,155
6.0,12,0,49,155
11.0,8,0,2,155
54.0,3,0,22,155
57.0,2,2,14,155
107.0,1,8,30,155
0.0,24,0,61,156
0.0,19,0,41,156
3.0,16,0,37,156
25.0,6,1,31,156
0.0,21,0,59,156
12.0,7,0,35,156
0.0,22,0,58,156
0.0,25,0,60,156
2.0,17,0,18,156
12.0,9,0,15,156
34.0,5,2,57,156
48.0,4,3,23,156
8.0,11,0,21,156
0.0,23,0,4,156
6.0,12,0,56,156
1.0,18,0,50,156
5.0,15,0,55,156
0.0,20,0,54,156
5.0,14,0,44,156
9.0,10,0,8,156
6.0,13,0,49,156
12.0,8,0,2,156
54.0,3,0,22,156
61.0,2,2,14,156
113.0,1,8,30,156
0.0,26,0,62,157
0.0,24,0,61,157
0.0,19,0,41,157
3.0,16,0,37,157
31.0,6,1,31,157
0.0,21,0,59,157
12.0,7,0,35,157
0.0,22,0,58,157
0.0,25,0,60,157
2.0,17,0,18,157
12.0,9,0,15,157
37.0,5,2,57,157
49.0,4,3,23,157
8.0,11,0,21,157
0.0,23,0,4,157
6.0,12,0,56,157
1.0,18,0,50,157
5.0,15,0,55,157
0.0,20,0,54,157
5.0,14,0,44,157
9.0,10,0,8,157
6.0,13,0,49,157
12.0,8,0,2,157
56.0,3,0,22,157
65.0,2,2,14,157
123.0,1,9,30,157
10.0,1,1,30,158
6.0,2,0,22,158
4.0,3,0,23,158
3.0,4,0,35,158
2.0,5,0,21,158
1.0,6,0,41,158
0.0,7,0,25,158
0.0,8,0,48,158
0.0,9,0,2,158
20.0,1,2,30,159
6.0,3,0,22,159
6.0,4,0,23,159
3.0,7,0,35,159
8.0,2,0,21,159
1.0,8,0,41,159
0.0,11,0,25,159
0.0,13,0,48,159
0.0,14,0,2,159
4.0,5,0,49,159
3.0,6,0,15,159
1.0,9,0,18,159
0.0,10,0,50,159
0.0,12,0,37,159
0.0,15,0,60,159
30.0,1,3,30,160
9.0,2,0,22,160
6.0,5,0,23,160
5.0,6,0,35,160
8.0,3,0,21,160
1.0,10,0,41,160
0.0,13,0,25,160
0.0,18,0,48,160
0.0,19,0,2,160
4.0,8,0,49,160
3.0,9,0,15,160
1.0,11,0,18,160
0.0,14,0,50,160
0.0,16,0,37,160
0.0,20,0,60,160
6.0,4,0,57,160
4.0,7,0,14,160
1.0,12,0,63,160
0.0,15,0,56,160
0.0,17,0,64,160
0.0,21,0,65,160
34.0,1,3,30,161
9.0,4,0,22,161
9.0,5,0,23,161
5.0,7,0,35,161
8.0,6,0,21,161
1.0,12,0,41,161
0.0,13,0,25,161
0.0,17,0,48,161
0.0,19,0,2,161
4.0,8,0,49,161
4.0,9,0,15,161
3.0,10,0,18,161
0.0,15,0,50,161
0.0,18,0,37,161
0.0,21,0,60,161
12.0,3,0,57,161
14.0,2,1,14,161
1.0,11,0,63,161
0.0,14,0,56,161
0.0,16,0,64,161
0.0,20,0,65,161
0.0,22,0,55,161
36.0,1,3,30,162
13.0,4,0,22,162
12.0,5,0,23,162
5.0,8,0,35,162
8.0,6,0,21,162
1.0,12,0,41,162
0.0,13,0,25,162
0.0,17,0,48,162
0.0,19,0,2,162
5.0,7,0,49,162
4.0,9,0,15,162
3.0,10,0,18,162
0.0,15,0,50,162
0.0,18,0,37,162
0.0,21,0,60,162
22.0,2,1,57,162
20.0,3,1,14,162
1.0,11,0,63,162
0.0,14,0,56,162
0.0,16,0,64,162
0.0,20,0,65,162
0.0,22,0,55,162
46.0,1,4,30,163
16.0,4,0,22,163
12.0,5,0,23,163
5.0,8,0,35,163
10.0,6,0,21,163
1.0,12,0,41,163
0.0,15,0,25,163
0.0,19,0,48,163
0.0,21,0,2,163
5.0,7,0,49,163
4.0,9,0,15,163
3.0,10,0,18,163
0.0,17,0,50,163
1.0,13,0,37,163
0.0,18,0,60,163
28.0,2,1,57,163
24.0,3,1,14,163
1.0,11,0,63,163
0.0,16,0,56,163
0.0,14,0,64,163
0.0,22,0,65,163
0.0,20,0,55,163
46.0,1,4,30,164
22.0,4,0,22,164
12.0,6,0,23,164
5.0,8,0,35,164
14.0,5,0,21,164
1.0,13,0,41,164
0.0,16,0,25,164
0.0,20,0,48,164
0.0,18,0,2,164
5.0,7,0,49,164
4.0,9,0,15,164
3.0,12,0,18,164
0.0,17,0,50,164
1.0,14,0,37,164
0.0,19,0,60,164
29.0,3,1,57,164
34.0,2,2,14,164
3.0,11,0,63,164
3.0,10,0,56,164
0.0,15,0,64,164
0.0,21,0,65,164
0.0,22,0,55,164
56.0,1,5,30,165
28.0,4,0,22,165
12.0,6,0,23,165
5.0,8,0,35,165
18.0,5,0,21,165
1.0,14,0,41,165
0.0,17,0,25,165
0.0,20,0,48,165
0.0,18,0,2,165
5.0,7,0,49,165
5.0,9,0,15,165
3.0,12,0,18,165
2.0,13,0,50,165
1.0,15,0,37,165
0.0,19,0,60,165
32.0,3,1,57,165
34.0,2,2,14,165
3.0,11,0,63,165
3.0,10,0,56,165
0.0,16,0,64,165
0.0,21,0,65,165
0.0,22,0,55,165
56.0,1,5,30,166
32.0,4,0,22,166
14.0,6,0,23,166
8.0,7,0,35,166
18.0,5,0,21,166
1.0,14,0,41,166
0.0,17,0,25,166
0.0,20,0,48,166
0.0,18,0,2,166
5.0,9,0,49,166
6.0,8,0,15,166
3.0,12,0,18,166
2.0,13,0,50,166
1.0,15,0,37,166
0.0,19,0,60,166
38.0,3,1,57,166
44.0,2,3,14,166
3.0,11,0,63,166
3.0,10,0,56,166
0.0,16,0,64,166
0.0,21,0,65,166
0.0,22,0,55,166
56.0,1,5,30,167
36.0,4,0,22,167
14.0,6,0,23,167
11.0,7,0,35,167
18.0,5,0,21,167
1.0,14,0,41,167
0.0,17,0,25,167
0.0,19,0,48,167
0.0,20,0,2,167
5.0,9,0,49,167
6.0,8,0,15,167
5.0,10,0,18,167
2.0,13,0,50,167
1.0,15,0,37,167
0.0,21,0,60,167
48.0,3,2,57,167
50.0,2,3,14,167
4.0,11,0,63,167
3.0,12,0,56,167
0.0,16,0,64,167
0.0,18,0,65,167
0.0,22,0,55,167
0.0,23,0,54,167
56.0,1,5,30,168
46.0,4,1,22,168
14.0,6,0,23,168
11.0,7,0,35,168
18.0,5,0,21,168
1.0,15,0,41,168
0.0,17,0,25,168
0.0,19,0,48,168
0.0,20,0,2,168
5.0,11,0,49,168
6.0,9,0,15,168
8.0,8,0,18,168
2.0,13,0,50,168
2.0,14,0,37,168
0.0,21,0,60,168
54.0,3,2,57,168
54.0,2,3,14,168
6.0,10,0,63,168
3.0,12,0,56,168
0.0,16,0,64,168
0.0,18,0,65,168
0.0,22,0,55,168
0.0,23,0,54,168
62.0,2,5,30,169
49.0,4,1,22,169
16.0,6,0,23,169
11.0,7,0,35,169
18.0,5,0,21,169
1.0,15,0,41,169
0.0,17,0,25,169
0.0,19,0,48,169
0.0,20,0,2,169
6.0,9,0,49,169
6.0,10,0,15,169
8.0,8,0,18,169
2.0,13,0,50,169
2.0,14,0,37,169
0.0,21,0,60,169
64.0,1,3,57,169
58.0,3,3,14,169
6.0,11,0,63,169
3.0,12,0,56,169
0.0,16,0,64,169
0.0,18,0,65,169
0.0,22,0,55,169
0.0,23,0,54,169
68.0,2,5,30,170
49.0,4,1,22,170
20.0,5,0,23,170
11.0,7,0,35,170
18.0,6,0,21,170
1.0,15,0,41,170
0.0,18,0,25,170
0.0,19,0,48,170
0.0,20,0,2,170
7.0,9,0,49,170
6.0,10,0,15,170
10.0,8,0,18,170
2.0,13,0,50,170
2.0,14,0,37,170
0.0,21,0,60,170
74.0,1,4,57,170
61.0,3,3,14,170
6.0,11,0,63,170
3.0,12,0,56,170
0.0,16,0,64,170
0.0,17,0,65,170
0.0,22,0,55,170
0.0,23,0,54,170
78.0,2,6,30,171
49.0,4,1,22,171
24.0,5,0,23,171
11.0,7,0,35,171
18.0,6,0,21,171
2.0,15,0,41,171
2.0,14,0,25,171
0.0,19,0,48,171
0.0,20,0,2,171
7.0,9,0,49,171
6.0,10,0,15,171
10.0,8,0,18,171
5.0,12,0,50,171
2.0,16,0,37,171
0.0,21,0,60,171
80.0,1,4,57,171
61.0,3,3,14,171
6.0,11,0,63,171
3.0,13,0,56,171
0.0,17,0,64,171
0.0,18,0,65,171
0.0,22,0,55,171
0.0,23,0,54,171
88.0,1,7,30,172
55.0,4,1,22,172
24.0,5,0,23,172
14.0,7,0,35,172
18.0,6,0,21,172
3.0,14,0,41,172
2.0,15,0,25,172
0.0,19,0,48,172
0.0,20,0,2,172
11.0,8,0,49,172
6.0,10,0,15,172
10.0,9,0,18,172
5.0,12,0,50,172
2.0,16,0,37,172
0.0,21,0,60,172
80.0,2,4,57,172
63.0,3,3,14,172
6.0,11,0,63,172
3.0,13,0,56,172
0.0,17,0,64,172
0.0,18,0,65,172
0.0,22,0,55,172
0.0,23,0,54,172
98.0,1,8,30,173
58.0,4,1,22,173
24.0,5,0,23,173
15.0,7,0,35,173
18.0,6,0,21,173
3.0,14,0,41,173
2.0,15,0,25,173
0.0,19,0,48,173
0.0,20,0,2,173
11.0,9,0,49,173
6.0,10,0,15,173
12.0,8,0,18,173
5.0,12,0,50,173
2.0,16,0,37,173
0.0,21,0,60,173
86.0,2,4,57,173
67.0,3,3,14,173
6.0,11,0,63,173
3.0,13,0,56,173
0.0,18,0,64,173
0.0,17,0,65,173
0.0,22,0,55,173
0.0,23,0,54,173
108.0,1,9,30,174
62.0,4,1,22,174
24.0,5,0,23,174
17.0,7,0,35,174
18.0,6,0,21,174
3.0,14,0,41,174
2.0,15,0,25,174
0.0,19,0,48,174
0.0,20,0,2,174
11.0,9,0,49,174
6.0,10,0,15,174
12.0,8,0,18,174
5.0,12,0,50,174
2.0,16,0,37,174
0.0,21,0,60,174
89.0,2,4,57,174
73.0,3,3,14,174
6.0,11,0,63,174
4.0,13,0,56,174
0.0,18,0,64,174
0.0,17,0,65,174
0.0,22,0,55,174
0.0,23,0,54,174
36.0,1,3,4,74
8.0,9,0,22,74
10.0,3,1,21,74
0.0,8,0,30,175
0.0,7,0,68,175
1.0,6,0,37,175
2.0,5,0,22,175
3.0,4,0,21,175
4.0,3,0,23,175
6.0,2,0,49,175
10.0,1,1,56,175
0.0,12,0,48,176
0.0,11,0,25,176
1.0,9,0,44,176
10.0,2,1,57,176
6.0,5,0,30,176
0.0,10,0,68,176
1.0,8,0,37,176
2.0,7,0,22,176
3.0,6,0,21,176
7.0,4,0,23,176
10.0,3,0,49,176
12.0,1,1,56,176
0.0,19,0,70,177
0.0,18,0,65,177
0.0,16,0,69,177
0.0,14,0,63,177
1.0,10,0,55,177
3.0,9,0,71,177
6.0,6,0,14,177
0.0,17,0,48,177
0.0,15,0,25,177
1.0,12,0,44,177
10.0,3,1,57,177
16.0,1,1,30,177
0.0,13,0,68,177
1.0,11,0,37,177
6.0,7,0,22,177
5.0,8,0,21,177
7.0,5,0,23,177
10.0,4,0,49,177
12.0,2,1,56,177
0.0,16,0,15,178
0.0,17,0,70,178
0.0,20,0,65,178
0.0,18,0,69,178
0.0,15,0,63,178
1.0,11,0,55,178
3.0,9,0,71,178
6.0,7,0,14,178
0.0,19,0,48,178
1.0,10,0,25,178
1.0,13,0,44,178
14.0,3,1,57,178
26.0,1,2,30,178
0.0,14,0,68,178
1.0,12,0,37,178
6.0,8,0,22,178
7.0,6,0,21,178
7.0,5,0,23,178
13.0,4,0,49,178
18.0,2,1,56,178
1.0,11,0,15,179
0.0,17,0,70,179
0.0,20,0,65,179
0.0,18,0,69,179
0.0,16,0,63,179
1.0,13,0,55,179
3.0,9,0,71,179
12.0,5,0,14,179
0.0,19,0,48,179
1.0,10,0,25,179
1.0,14,0,44,179
24.0,2,2,57,179
30.0,1,2,30,179
0.0,15,0,68,179
1.0,12,0,37,179
6.0,8,0,22,179
7.0,7,0,21,179
9.0,6,0,23,179
13.0,4,0,49,179
21.0,3,1,56,179
1.0,16,0,64,180
1.0,12,0,15,180
0.0,21,0,70,180
2.0,10,0,65,180
0.0,20,0,69,180
0.0,18,0,63,180
1.0,15,0,55,180
3.0,9,0,71,180
12.0,6,0,14,180
0.0,19,0,48,180
1.0,11,0,25,180
1.0,13,0,44,180
34.0,1,3,57,180
30.0,2,2,30,180
0.0,17,0,68,180
1.0,14,0,37,180
6.0,8,0,22,180
13.0,5,0,21,180
12.0,7,0,23,180
13.0,4,0,49,180
25.0,3,1,56,180
0.0,22,0,41,181
1.0,16,0,64,181
1.0,11,0,15,181
0.0,21,0,70,181
2.0,10,0,65,181
0.0,20,0,69,181
0.0,18,0,63,181
1.0,15,0,55,181
3.0,9,0,71,181
12.0,7,0,14,181
0.0,19,0,48,181
1.0,12,0,25,181
1.0,13,0,44,181
40.0,1,3,57,181
32.0,2,2,30,181
0.0,17,0,68,181
1.0,14,0,37,181
10.0,8,0,22,181
13.0,6,0,21,181
15.0,5,0,23,181
23.0,4,1,49,181
26.0,3,1,56,181
0.0,22,0,41,182
2.0,11,0,64,182
1.0,12,0,15,182
0.0,21,0,70,182
2.0,10,0,65,182
0.0,20,0,69,182
0.0,18,0,63,182
1.0,16,0,55,182
5.0,9,0,71,182
22.0,5,1,14,182
0.0,19,0,48,182
1.0,13,0,25,182
1.0,14,0,44,182
40.0,1,3,57,182
32.0,2,2,30,182
0.0,17,0,68,182
1.0,15,0,37,182
10.0,8,0,22,182
13.0,7,0,21,182
19.0,6,0,23,182
26.0,4,1,49,182
32.0,3,1,56,182
0.0,22,0,41,183
3.0,11,0,64,183
1.0,13,0,15,183
0.0,21,0,70,183
2.0,12,0,65,183
0.0,20,0,69,183
0.0,17,0,63,183
1.0,16,0,55,183
5.0,9,0,71,183
28.0,5,1,14,183
0.0,19,0,48,183
3.0,10,0,25,183
1.0,14,0,44,183
44.0,1,3,57,183
32.0,3,2,30,183
0.0,18,0,68,183
1.0,15,0,37,183
10.0,8,0,22,183
13.0,7,0,21,183
19.0,6,0,23,183
29.0,4,1,49,183
42.0,2,2,56,183
0.0,22,0,41,184
3.0,12,0,64,184
1.0,15,0,15,184
0.0,21,0,70,184
2.0,13,0,65,184
0.0,20,0,69,184
6.0,9,0,63,184
1.0,16,0,55,184
5.0,10,0,71,184
30.0,5,1,14,184
0.0,19,0,48,184
3.0,11,0,25,184
2.0,14,0,44,184
44.0,2,3,57,184
32.0,4,2,30,184
0.0,18,0,68,184
1.0,17,0,37,184
10.0,8,0,22,184
13.0,7,0,21,184
22.0,6,0,23,184
33.0,3,1,49,184
52.0,1,3,56,184
0.0,22,0,41,185
3.0,12,0,64,185
1.0,15,0,15,185
0.0,21,0,70,185
2.0,13,0,65,185
0.0,20,0,69,185
6.0,9,0,63,185
1.0,16,0,55,185
6.0,10,0,71,185
36.0,3,1,14,185
0.0,19,0,48,185
3.0,11,0,25,185
2.0,14,0,44,185
54.0,2,4,57,185
32.0,5,2,30,185
0.0,18,0,68,185
1.0,17,0,37,185
12.0,8,0,22,185
13.0,7,0,21,185
22.0,6,0,23,185
36.0,4,1,49,185
56.0,1,3,56,185
0.0,23,0,35,186
0.0,22,0,41,186
3.0,12,0,64,186
1.0,15,0,15,186
0.0,19,0,70,186
2.0,13,0,65,186
0.0,21,0,69,186
6.0,10,0,63,186
1.0,16,0,55,186
7.0,9,0,71,186
46.0,3,2,14,186
0.0,20,0,48,186
3.0,11,0,25,186
2.0,14,0,44,186
60.0,1,4,57,186
32.0,5,2,30,186
0.0,18,0,68,186
1.0,17,0,37,186
12.0,8,0,22,186
13.0,7,0,21,186
24.0,6,0,23,186
40.0,4,1,49,186
59.0,2,3,56,186
0.0,22,0,35,187
0.0,23,0,41,187
3.0,12,0,64,187
1.0,15,0,15,187
0.0,18,0,70,187
2.0,13,0,65,187
0.0,21,0,69,187
10.0,9,0,63,187
1.0,16,0,55,187
7.0,10,0,71,187
48.0,4,2,14,187
0.0,20,0,48,187
3.0,11,0,25,187
2.0,14,0,44,187
60.0,1,4,57,187
32.0,5,2,30,187
0.0,19,0,68,187
1.0,17,0,37,187
15.0,7,0,22,187
13.0,8,0,21,187
30.0,6,0,23,187
50.0,3,2,49,187
60.0,2,3,56,187
0.0,23,0,35,188
0.0,21,0,41,188
3.0,14,0,64,188
7.0,11,0,15,188
0.0,19,0,70,188
12.0,9,1,65,188
0.0,22,0,69,188
10.0,10,0,63,188
1.0,17,0,55,188
7.0,12,0,71,188
48.0,4,2,14,188
1.0,16,0,48,188
3.0,13,0,25,188
2.0,15,0,44,188
62.0,1,4,57,188
32.0,6,2,30,188
0.0,20,0,68,188
1.0,18,0,37,188
19.0,7,0,22,188
13.0,8,0,21,188
33.0,5,0,23,188
50.0,3,2,49,188
60.0,2,3,56,188
0.0,23,0,35,189
0.0,21,0,41,189
3.0,14,0,64,189
7.0,11,0,15,189
0.0,19,0,70,189
15.0,8,1,65,189
0.0,22,0,69,189
10.0,10,0,63,189
1.0,16,0,55,189
7.0,12,0,71,189
48.0,4,2,14,189
1.0,17,0,48,189
3.0,13,0,25,189
2.0,15,0,44,189
66.0,2,4,57,189
38.0,5,2,30,189
0.0,20,0,68,189
1.0,18,0,37,189
21.0,7,0,22,189
13.0,9,0,21,189
33.0,6,0,23,189
51.0,3,2,49,189
70.0,1,4,56,189
0.0,21,0,35,190
0.0,22,0,41,190
3.0,14,0,64,190
7.0,11,0,15,190
0.0,19,0,70,190
15.0,8,1,65,190
0.0,23,0,69,190
10.0,10,0,63,190
2.0,15,0,55,190
7.0,12,0,71,190
48.0,4,2,14,190
1.0,17,0,48,190
3.0,13,0,25,190
2.0,16,0,44,190
76.0,1,5,57,190
44.0,5,2,30,190
0.0,20,0,68,190
1.0,18,0,37,190
21.0,7,0,22,190
13.0,9,0,21,190
35.0,6,0,23,190
54.0,3,2,49,190
74.0,2,4,56,190
10.0,1,1,57,191
6.0,2,0,14,191
4.0,3,0,49,191
3.0,4,0,56,191
2.0,5,0,35,191
1.0,6,0,65,191
0.0,7,0,25,191
0.0,8,0,71,191
0.0,9,0,44,191
20.0,1,2,57,192
12.0,2,0,14,192
6.0,3,0,49,192
3.0,6,0,56,192
2.0,7,0,35,192
1.0,8,0,65,192
3.0,5,0,25,192
0.0,10,0,71,192
0.0,12,0,44,192
4.0,4,0,30,192
1.0,9,0,21,192
0.0,11,0,55,192
0.0,13,0,76,192
26.0,1,2,57,193
13.0,3,0,14,193
6.0,5,0,49,193
7.0,4,0,56,193
2.0,7,0,35,193
1.0,10,0,65,193
6.0,6,0,25,193
0.0,11,0,71,193
0.0,12,0,44,193
14.0,2,1,30,193
1.0,9,0,21,193
2.0,8,0,55,193
0.0,14,0,76,193
0.0,13,0,22,193
0.0,15,0,15,193
0.0,16,0,68,193
0.0,17,0,75,193
0.0,18,0,73,193
26.0,1,2,57,194
23.0,2,1,14,194
8.0,5,0,49,194
11.0,4,0,56,194
5.0,7,0,35,194
1.0,10,0,65,194
6.0,6,0,25,194
0.0,12,0,71,194
0.0,14,0,44,194
20.0,3,1,30,194
1.0,9,0,21,194
3.0,8,0,55,194
0.0,17,0,76,194
0.0,16,0,22,194
0.0,18,0,15,194
0.0,19,0,68,194
0.0,20,0,75,194
0.0,21,0,73,194
0.0,11,0,23,194
0.0,13,0,74,194
0.0,15,0,63,194
36.0,1,3,57,195
29.0,2,1,14,195
8.0,6,0,49,195
11.0,4,0,56,195
6.0,7,0,35,195
1.0,10,0,65,195
9.0,5,0,25,195
0.0,13,0,71,195
0.0,15,0,44,195
24.0,3,1,30,195
1.0,11,0,21,195
3.0,8,0,55,195
0.0,18,0,76,195
2.0,9,0,22,195
0.0,16,0,15,195
0.0,19,0,68,195
0.0,20,0,75,195
0.0,21,0,73,195
0.0,12,0,23,195
0.0,14,0,74,195
0.0,17,0,63,195
46.0,1,4,57,196
29.0,2,1,14,196
8.0,6,0,49,196
15.0,4,0,56,196
8.0,7,0,35,196
1.0,12,0,65,196
9.0,5,0,25,196
0.0,15,0,71,196
0.0,17,0,44,196
24.0,3,1,30,196
7.0,8,0,21,196
3.0,10,0,55,196
0.0,20,0,76,196
2.0,11,0,22,196
0.0,18,0,15,196
0.0,21,0,68,196
0.0,19,0,75,196
0.0,22,0,73,196
0.0,14,0,23,196
0.0,16,0,74,196
3.0,9,0,63,196
1.0,13,0,64,196
46.0,1,4,57,197
29.0,3,1,14,197
8.0,7,0,49,197
19.0,4,0,56,197
8.0,8,0,35,197
1.0,12,0,65,197
12.0,6,0,25,197
0.0,17,0,71,197
0.0,20,0,44,197
34.0,2,2,30,197
13.0,5,0,21,197
3.0,11,0,55,197
1.0,14,0,76,197
4.0,9,0,22,197
0.0,21,0,15,197
0.0,22,0,68,197
0.0,15,0,75,197
0.0,18,0,73,197
0.0,16,0,23,197
0.0,19,0,74,197
3.0,10,0,63,197
1.0,13,0,64,197
50.0,1,4,57,198
30.0,3,1,14,198
8.0,8,0,49,198
25.0,4,0,56,198
11.0,7,0,35,198
1.0,12,0,65,198
14.0,5,0,25,198
0.0,17,0,71,198
0.0,20,0,44,198
44.0,2,3,30,198
13.0,6,0,21,198
3.0,11,0,55,198
1.0,14,0,76,198
4.0,9,0,22,198
0.0,21,0,15,198
0.0,22,0,68,198
0.0,15,0,75,198
0.0,18,0,73,198
0.0,16,0,23,198
0.0,19,0,74,198
3.0,10,0,63,198
1.0,13,0,64,198
0.0,23,0,50,198
56.0,1,4,57,199
30.0,3,1,14,199
8.0,8,0,49,199
29.0,4,0,56,199
11.0,7,0,35,199
1.0,12,0,65,199
17.0,5,0,25,199
0.0,17,0,71,199
0.0,20,0,44,199
54.0,2,4,30,199
15.0,6,0,21,199
3.0,11,0,55,199
1.0,15,0,76,199
4.0,9,0,22,199
0.0,22,0,15,199
0.0,21,0,68,199
0.0,16,0,75,199
0.0,18,0,73,199
1.0,13,0,23,199
0.0,19,0,74,199
3.0,10,0,63,199
1.0,14,0,64,199
0.0,23,0,50,199
66.0,1,5,57,200
36.0,3,1,14,200
8.0,8,0,49,200
32.0,4,0,56,200
12.0,7,0,35,200
1.0,13,0,65,200
17.0,5,0,25,200
0.0,16,0,71,200
0.0,21,0,44,200
58.0,2,4,30,200
15.0,6,0,21,200
3.0,11,0,55,200
1.0,15,0,76,200
4.0,9,0,22,200
0.0,20,0,15,200
0.0,22,0,68,200
0.0,17,0,75,200
0.0,18,0,73,200
3.0,12,0,23,200
0.0,19,0,74,200
3.0,10,0,63,200
1.0,14,0,64,200
0.0,23,0,50,200
76.0,1,6,57,201
42.0,3,1,14,201
8.0,8,0,49,201
32.0,4,0,56,201
16.0,6,0,35,201
1.0,14,0,65,201
17.0,5,0,25,201
3.0,11,0,71,201
0.0,21,0,44,201
60.0,2,4,30,201
15.0,7,0,21,201
3.0,13,0,55,201
1.0,16,0,76,201
4.0,9,0,22,201
0.0,20,0,15,201
0.0,22,0,68,201
0.0,17,0,75,201
0.0,18,0,73,201
4.0,10,0,23,201
0.0,19,0,74,201
3.0,12,0,63,201
1.0,15,0,64,201
0.0,23,0,50,201
77.0,1,6,57,202
48.0,3,1,14,202
10.0,8,0,49,202
32.0,4,0,56,202
20.0,5,0,35,202
1.0,14,0,65,202
17.0,6,0,25,202
6.0,9,0,71,202
0.0,21,0,44,202
70.0,2,5,30,202
15.0,7,0,21,202
3.0,13,0,55,202
1.0,16,0,76,202
4.0,10,0,22,202
0.0,20,0,15,202
0.0,22,0,68,202
0.0,17,0,75,202
0.0,18,0,73,202
4.0,11,0,23,202
0.0,19,0,74,202
3.0,12,0,63,202
1.0,15,0,64,202
0.0,23,0,50,202
77.0,1,6,57,203
48.0,3,1,14,203
13.0,9,0,49,203
32.0,4,0,56,203
20.0,5,0,35,203
1.0,15,0,65,203
17.0,6,0,25,203
16.0,7,1,71,203
0.0,21,0,44,203
70.0,2,5,30,203
15.0,8,0,21,203
7.0,11,0,55,203
1.0,17,0,76,203
4.0,12,0,22,203
1.0,16,0,15,203
0.0,22,0,68,203
0.0,18,0,75,203
0.0,19,0,73,203
10.0,10,0,23,203
0.0,20,0,74,203
3.0,13,0,63,203
3.0,14,0,64,203
0.0,23,0,50,203
80.0,1,6,57,204
48.0,3,1,14,204
13.0,10,0,49,204
38.0,4,0,56,204
20.0,5,0,35,204
1.0,15,0,65,204
17.0,7,0,25,204
17.0,6,1,71,204
0.0,22,0,44,204
80.0,2,6,30,204
15.0,8,0,21,204
9.0,11,0,55,204
1.0,17,0,76,204
4.0,12,0,22,204
1.0,16,0,15,204
0.0,21,0,68,204
0.0,18,0,75,204
0.0,20,0,73,204
14.0,9,0,23,204
0.0,19,0,74,204
3.0,13,0,63,204
3.0,14,0,64,204
0.0,23,0,50,204
90.0,1,7,57,205
52.0,3,1,14,205
15.0,9,0,49,205
41.0,4,0,56,205
20.0,5,0,35,205
1.0,15,0,65,205
17.0,7,0,25,205
17.0,6,1,71,205
0.0,22,0,44,205
86.0,2,6,30,205
16.0,8,0,21,205
9.0,11,0,55,205
1.0,17,0,76,205
4.0,12,0,22,205
1.0,16,0,15,205
0.0,21,0,68,205
0.0,18,0,75,205
0.0,20,0,73,205
14.0,10,0,23,205
0.0,19,0,74,205
3.0,13,0,63,205
3.0,14,0,64,205
0.0,23,0,50,205
100.0,1,8,57,206
56.0,3,1,14,206
17.0,7,0,49,206
47.0,4,0,56,206
21.0,5,0,35,206
1.0,15,0,65,206
17.0,8,0,25,206
20.0,6,1,71,206
0.0,22,0,44,206
86.0,2,6,30,206
16.0,9,0,21,206
9.0,11,0,55,206
1.0,17,0,76,206
4.0,12,0,22,206
1.0,16,0,15,206
0.0,21,0,68,206
0.0,18,0,75,206
0.0,20,0,73,206
14.0,10,0,23,206
0.0,19,0,74,206
3.0,13,0,63,206
3.0,14,0,64,206
0.0,23,0,50,206
0.0,10,0,64,207
0.0,9,0,15,207
0.0,8,0,49,207
0.0,7,0,75,207
1.0,6,0,78,207
2.0,5,0,44,207
3.0,4,0,77,207
4.0,3,0,57,207
6.0,2,0,30,207
10.0,1,1,14,207
0.0,19,0,79,208
0.0,18,0,71,208
0.0,17,0,56,208
0.0,16,0,50,208
0.0,15,0,63,208
0.0,12,0,21,208
0.0,10,0,65,208
1.0,8,0,55,208
10.0,2,1,35,208
0.0,14,0,64,208
0.0,13,0,15,208
0.0,11,0,49,208
0.0,9,0,75,208
1.0,7,0,78,208
6.0,6,0,44,208
9.0,3,0,77,208
7.0,5,0,57,208
8.0,4,0,30,208
10.0,1,1,14,208
0.0,18,0,76,209
4.0,8,0,23,209
0.0,21,0,79,209
0.0,20,0,71,209
6.0,6,0,56,209
0.0,19,0,50,209
0.0,14,0,63,209
0.0,15,0,21,209
3.0,9,0,65,209
1.0,10,0,55,209
20.0,1,2,35,209
0.0,17,0,64,209
0.0,16,0,15,209
0.0,13,0,49,209
0.0,12,0,75,209
1.0,11,0,78,209
6.0,7,0,44,209
10.0,3,0,77,209
9.0,4,0,57,209
8.0,5,0,30,209
10.0,2,1,14,209
0.0,19,0,76,210
4.0,9,0,23,210
0.0,20,0,79,210
0.0,21,0,71,210
10.0,5,0,56,210
0.0,17,0,50,210
0.0,15,0,63,210
3.0,11,0,21,210
3.0,10,0,65,210
3.0,12,0,55,210
20.0,1,2,35,210
0.0,18,0,64,210
0.0,16,0,15,210
10.0,3,1,49,210
0.0,14,0,75,210
1.0,13,0,78,210
6.0,8,0,44,210
10.0,6,0,77,210
10.0,7,0,57,210
14.0,2,0,30,210
10.0,4,1,14,210
6.0,9,0,22,211
0.0,16,0,76,211
4.0,10,0,23,211
0.0,20,0,79,211
0.0,22,0,71,211
14.0,3,0,56,211
0.0,18,0,50,211
2.0,14,0,63,211
4.0,11,0,21,211
3.0,12,0,65,211
3.0,13,0,55,211
20.0,2,2,35,211
0.0,21,0,64,211
0.0,19,0,15,211
10.0,4,1,49,211
0.0,17,0,75,211
1.0,15,0,78,211
9.0,8,0,44,211
10.0,6,0,77,211
10.0,7,0,57,211
24.0,1,1,30,211
10.0,5,1,14,211
0.0,22,0,81,212
6.0,10,0,22,212
0.0,16,0,76,212
4.0,12,0,23,212
0.0,20,0,79,212
0.0,23,0,71,212
14.0,4,0,56,212
0.0,18,0,50,212
2.0,14,0,63,212
4.0,13,0,21,212
5.0,11,0,65,212
7.0,9,0,55,212
30.0,1,3,35,212
0.0,21,0,64,212
0.0,19,0,15,212
10.0,6,1,49,212
0.0,17,0,75,212
1.0,15,0,78,212
15.0,3,0,44,212
10.0,7,0,77,212
10.0,8,0,57,212
27.0,2,1,30,212
11.0,5,1,14,212
0.0,23,0,81,213
6.0,12,0,22,213
0.0,17,0,76,213
4.0,13,0,23,213
0.0,22,0,79,213
0.0,21,0,71,213
14.0,4,0,56,213
0.0,18,0,50,213
2.0,14,0,63,213
8.0,10,0,21,213
7.0,11,0,65,213
13.0,6,0,55,213
30.0,2,3,35,213
0.0,19,0,64,213
0.0,20,0,15,213
13.0,5,1,49,213
1.0,16,0,75,213
1.0,15,0,78,213
15.0,3,0,44,213
10.0,8,0,77,213
10.0,9,0,57,213
37.0,1,2,30,213
11.0,7,1,14,213
0.0,23,0,81,214
6.0,12,0,22,214
0.0,17,0,76,214
5.0,13,0,23,214
0.0,22,0,79,214
0.0,21,0,71,214
18.0,4,0,56,214
0.0,18,0,50,214
2.0,14,0,63,214
8.0,10,0,21,214
7.0,11,0,65,214
15.0,6,0,55,214
33.0,2,3,35,214
0.0,19,0,64,214
0.0,20,0,15,214
19.0,3,1,49,214
1.0,16,0,75,214
1.0,15,0,78,214
15.0,5,0,44,214
10.0,8,0,77,214
10.0,9,0,57,214
47.0,1,3,30,214
11.0,7,1,14,214
0.0,26,0,58,215
0.0,23,0,82,215
4.0,14,0,25,215
0.0,25,0,81,215
6.0,13,0,22,215
0.0,19,0,76,215
7.0,11,0,23,215
0.0,24,0,79,215
1.0,18,0,71,215
18.0,5,0,56,215
0.0,21,0,50,215
2.0,15,0,63,215
8.0,10,0,21,215
7.0,12,0,65,215
21.0,3,0,55,215
43.0,2,4,35,215
0.0,22,0,64,215
0.0,20,0,15,215
19.0,4,1,49,215
1.0,16,0,75,215
1.0,17,0,78,215
15.0,6,0,44,215
10.0,8,0,77,215
10.0,9,0,57,215
47.0,1,3,30,215
14.0,7,1,14,215
0.0,26,0,58,216
0.0,23,0,82,216
4.0,14,0,25,216
0.0,25,0,81,216
6.0,13,0,22,216
0.0,20,0,76,216
9.0,10,0,23,216
0.0,24,0,79,216
1.0,19,0,71,216
18.0,6,0,56,216
0.0,21,0,50,216
2.0,16,0,63,216
8.0,11,0,21,216
7.0,12,0,65,216
22.0,3,0,55,216
43.0,2,4,35,216
0.0,22,0,64,216
3.0,15,0,15,216
19.0,5,1,49,216
1.0,17,0,75,216
1.0,18,0,78,216
15.0,7,0,44,216
20.0,4,1,77,216
14.0,9,0,57,216
53.0,1,3,30,216
14.0,8,1,14,216
0.0,25,0,58,217
0.0,23,0,82,217
4.0,15,0,25,217
0.0,26,0,81,217
6.0,14,0,22,217
0.0,20,0,76,217
11.0,11,0,23,217
0.0,24,0,79,217
7.0,13,0,71,217
18.0,6,0,56,217
0.0,21,0,50,217
2.0,17,0,63,217
8.0,12,0,21,217
11.0,10,0,65,217
22.0,3,0,55,217
53.0,2,5,35,217
0.0,22,0,64,217
3.0,16,0,15,217
19.0,5,1,49,217
2.0,18,0,75,217
1.0,19,0,78,217
15.0,7,0,44,217
20.0,4,1,77,217
14.0,9,0,57,217
56.0,1,3,30,217
14.0,8,1,14,217
0.0,26,0,58,218
0.0,23,0,82,218
4.0,15,0,25,218
0.0,24,0,81,218
6.0,14,0,22,218
0.0,21,0,76,218
11.0,12,0,23,218
0.0,25,0,79,218
7.0,13,0,71,218
18.0,6,0,56,218
0.0,22,0,50,218
2.0,17,0,63,218
14.0,9,0,21,218
14.0,11,0,65,218
22.0,4,0,55,218
55.0,2,5,35,218
0.0,20,0,64,218
3.0,16,0,15,218
23.0,3,1,49,218
2.0,18,0,75,218
1.0,19,0,78,218
15.0,7,0,44,218
21.0,5,1,77,218
14.0,10,0,57,218
66.0,1,4,30,218
14.0,8,1,14,218
0.0,26,0,58,219
0.0,23,0,82,219
4.0,15,0,25,219
0.0,24,0,81,219
6.0,14,0,22,219
0.0,21,0,76,219
11.0,12,0,23,219
0.0,25,0,79,219
7.0,13,0,71,219
18.0,7,0,56,219
0.0,22,0,50,219
2.0,17,0,63,219
17.0,8,0,21,219
14.0,11,0,65,219
28.0,3,0,55,219
57.0,2,5,35,219
0.0,20,0,64,219
3.0,16,0,15,219
27.0,4,1,49,219
2.0,18,0,75,219
1.0,19,0,78,219
15.0,9,0,44,219
21.0,6,1,77,219
14.0,10,0,57,219
67.0,1,4,30,219
24.0,5,2,14,219
0.0,26,0,58,220
0.0,24,0,82,220
4.0,15,0,25,220
0.0,23,0,81,220
6.0,14,0,22,220
0.0,21,0,76,220
13.0,12,0,23,220
0.0,25,0,79,220
7.0,13,0,71,220
18.0,8,0,56,220
0.0,22,0,50,220
2.0,17,0,63,220
20.0,7,0,21,220
14.0,11,0,65,220
28.0,5,0,55,220
67.0,2,6,35,220
0.0,20,0,64,220
3.0,16,0,15,220
31.0,3,1,49,220
2.0,18,0,75,220
1.0,19,0,78,220
15.0,9,0,44,220
21.0,6,1,77,220
14.0,10,0,57,220
68.0,1,4,30,220
30.0,4,2,14,220
0.0,26,0,58,221
0.0,24,0,82,221
4.0,15,0,25,221
0.0,23,0,81,221
6.0,14,0,22,221
0.0,21,0,76,221
13.0,12,0,23,221
0.0,25,0,79,221
7.0,13,0,71,221
18.0,8,0,56,221
0.0,22,0,50,221
2.0,18,0,63,221
20.0,7,0,21,221
14.0,11,0,65,221
34.0,4,0,55,221
77.0,1,7,35,221
2.0,17,0,64,221
3.0,16,0,15,221
35.0,3,1,49,221
2.0,19,0,75,221
1.0,20,0,78,221
16.0,9,0,44,221
24.0,6,1,77,221
14.0,10,0,57,221
68.0,2,4,30,221
30.0,5,2,14,221
0.0,26,0,58,222
0.0,24,0,82,222
4.0,15,0,25,222
0.0,23,0,81,222
6.0,14,0,22,222
0.0,21,0,76,222
13.0,12,0,23,222
0.0,25,0,79,222
7.0,13,0,71,222
22.0,7,0,56,222
0.0,22,0,50,222
2.0,18,0,63,222
20.0,8,0,21,222
15.0,11,0,65,222
36.0,4,0,55,222
77.0,2,7,35,222
2.0,17,0,64,222
3.0,16,0,15,222
41.0,3,1,49,222
2.0,19,0,75,222
1.0,20,0,78,222
16.0,10,0,44,222
24.0,6,1,77,222
17.0,9,0,57,222
78.0,1,5,30,222
30.0,5,2,14,222
0.0,25,0,58,223
0.0,23,0,82,223
4.0,14,0,25,223
0.0,22,0,81,223
6.0,13,0,22,223
0.0,20,0,76,223
13.0,11,0,23,223
0.0,24,0,79,223
7.0,12,0,71,223
24.0,7,0,56,223
0.0,21,0,50,223
2.0,17,0,63,223
20.0,8,0,21,223
15.0,10,0,65,223
36.0,4,0,55,223
81.0,1,7,35,223
2.0,16,0,64,223
3.0,15,0,15,223
42.0,2,1,49,223
2.0,18,0,75,223
1.0,19,0,78,223
16.0,9,0,44,223
27.0,5,1,77,223
27.0,6,1,57,223
78.0,26,5,30,223
36.0,3,2,14,223
10.0,1,1,71,224
6.0,2,0,35,224
4.0,3,0,56,224
3.0,4,0,77,224
2.0,5,0,57,224
1.0,6,0,63,224
0.0,7,0,44,224
0.0,8,0,49,224
0.0,9,0,73,224
0.0,10,0,64,224
0.0,11,0,79,224
20.0,1,2,71,225
6.0,3,0,35,225
4.0,5,0,56,225
3.0,7,0,77,225
5.0,4,0,57,225
3.0,8,0,63,225
1.0,9,0,44,225
0.0,11,0,49,225
0.0,13,0,73,225
0.0,10,0,64,225
0.0,12,0,79,225
6.0,2,0,55,225
4.0,6,0,30,225
0.0,14,0,83,225
0.0,15,0,69,225
0.0,16,0,84,225
30.0,1,3,71,226
12.0,2,0,35,226
6.0,4,0,56,226
3.0,8,0,77,226
5.0,5,0,57,226
3.0,9,0,63,226
1.0,10,0,44,226
0.0,14,0,49,226
0.0,17,0,73,226
0.0,13,0,64,226
0.0,15,0,79,226
10.0,3,0,55,226
4.0,6,0,30,226
0.0,18,0,83,226
0.0,20,0,69,226
0.0,21,0,84,226
3.0,7,0,22,226
1.0,11,0,50,226
0.0,12,0,14,226
0.0,16,0,65,226
0.0,19,0,85,226
33.0,1,3,71,227
22.0,2,1,35,227
6.0,5,0,56,227
3.0,9,0,77,227
5.0,6,0,57,227
3.0,10,0,63,227
1.0,11,0,44,227
0.0,16,0,49,227
0.0,18,0,73,227
0.0,15,0,64,227
0.0,17,0,79,227
10.0,3,0,55,227
10.0,4,0,30,227
0.0,19,0,83,227
0.0,21,0,69,227
1.0,12,0,84,227
5.0,7,0,22,227
1.0,13,0,50,227
4.0,8,0,14,227
0.0,14,0,65,227
0.0,20,0,85,227
0.0,22,0,21,227
43.0,1,4,71,228
22.0,2,1,35,228
9.0,5,0,56,228
7.0,6,0,77,228
5.0,8,0,57,228
3.0,10,0,63,228
1.0,11,0,44,228
0.0,16,0,49,228
0.0,19,0,73,228
0.0,14,0,64,228
0.0,18,0,79,228
11.0,4,0,55,228
16.0,3,0,30,228
0.0,17,0,83,228
0.0,20,0,69,228
1.0,12,0,84,228
7.0,7,0,22,228
1.0,13,0,50,228
4.0,9,0,14,228
0.0,15,0,65,228
0.0,21,0,85,228
0.0,22,0,21,228
43.0,1,4,71,229
22.0,2,1,35,229
9.0,7,0,56,229
7.0,8,0,77,229
6.0,10,0,57,229
5.0,11,0,63,229
11.0,4,1,44,229
3.0,13,0,49,229
0.0,19,0,73,229
0.0,16,0,64,229
0.0,18,0,79,229
11.0,5,0,55,229
16.0,3,0,30,229
0.0,17,0,83,229
0.0,20,0,69,229
1.0,14,0,84,229
7.0,9,0,22,229
1.0,15,0,50,229
10.0,6,0,14,229
4.0,12,0,65,229
0.0,21,0,85,229
0.0,22,0,21,229
43.0,1,4,71,230
26.0,2,1,35,230
9.0,7,0,56,230
7.0,9,0,77,230
8.0,8,0,57,230
5.0,12,0,63,230
11.0,5,1,44,230
6.0,11,0,49,230
0.0,19,0,73,230
1.0,14,0,64,230
0.0,18,0,79,230
17.0,4,0,55,230
26.0,3,1,30,230
0.0,17,0,83,230
0.0,20,0,69,230
1.0,15,0,84,230
7.0,10,0,22,230
1.0,16,0,50,230
10.0,6,0,14,230
4.0,13,0,65,230
0.0,21,0,85,230
0.0,22,0,21,230
53.0,1,5,71,231
32.0,2,1,35,231
9.0,8,0,56,231
7.0,9,0,77,231
10.0,7,0,57,231
5.0,12,0,63,231
11.0,6,1,44,231
6.0,11,0,49,231
0.0,20,0,73,231
1.0,15,0,64,231
0.0,19,0,79,231
21.0,4,0,55,231
26.0,3,1,30,231
0.0,18,0,83,231
0.0,21,0,69,231
2.0,14,0,84,231
7.0,10,0,22,231
1.0,16,0,50,231
13.0,5,0,14,231
4.0,13,0,65,231
0.0,22,0,85,231
0.0,17,0,21,231
63.0,1,6,71,232
38.0,2,1,35,232
9.0,9,0,56,232
10.0,8,0,77,232
12.0,6,0,57,232
5.0,12,0,63,232
11.0,7,1,44,232
6.0,11,0,49,232
0.0,19,0,73,232
1.0,15,0,64,232
0.0,20,0,79,232
25.0,4,0,55,232
26.0,3,1,30,232
0.0,18,0,83,232
0.0,21,0,69,232
2.0,14,0,84,232
7.0,10,0,22,232
1.0,16,0,50,232
14.0,5,0,14,232
4.0,13,0,65,232
0.0,22,0,85,232
0.0,17,0,21,232
63.0,1,6,71,233
48.0,2,2,35,233
9.0,10,0,56,233
16.0,5,0,77,233
16.0,7,0,57,233
5.0,12,0,63,233
11.0,8,1,44,233
6.0,11,0,49,233
0.0,19,0,73,233
1.0,15,0,64,233
0.0,20,0,79,233
25.0,4,0,55,233
26.0,3,1,30,233
0.0,18,0,83,233
0.0,21,0,69,233
3.0,14,0,84,233
10.0,9,0,22,233
1.0,16,0,50,233
16.0,6,0,14,233
4.0,13,0,65,233
0.0,22,0,85,233
0.0,17,0,21,233
73.0,1,7,71,234
52.0,2,2,35,234
9.0,10,0,56,234
16.0,6,0,77,234
16.0,7,0,57,234
5.0,12,0,63,234
11.0,8,1,44,234
6.0,11,0,49,234
0.0,19,0,73,234
1.0,15,0,64,234
0.0,20,0,79,234
31.0,3,0,55,234
29.0,4,1,30,234
0.0,18,0,83,234
0.0,21,0,69,234
3.0,14,0,84,234
11.0,9,0,22,234
1.0,16,0,50,234
18.0,5,0,14,234
4.0,13,0,65,234
0.0,22,0,85,234
0.0,17,0,21,234
79.0,1,7,71,235
62.0,2,3,35,235
9.0,10,0,56,235
16.0,7,0,77,235
19.0,5,0,57,235
5.0,12,0,63,235
13.0,8,1,44,235
6.0,11,0,49,235
0.0,18,0,73,235
1.0,15,0,64,235
0.0,17,0,79,235
35.0,3,0,55,235
29.0,4,1,30,235
0.0,20,0,83,235
0.0,21,0,69,235
3.0,14,0,84,235
12.0,9,0,22,235
1.0,16,0,50,235
18.0,6,0,14,235
4.0,13,0,65,235
0.0,23,0,85,235
0.0,19,0,21,235
0.0,22,0,86,235
81.0,1,7,71,236
68.0,2,3,35,236
9.0,10,0,56,236
17.0,7,0,77,236
23.0,5,0,57,236
5.0,12,0,63,236
13.0,8,1,44,236
6.0,11,0,49,236
0.0,18,0,73,236
1.0,15,0,64,236
0.0,17,0,79,236
38.0,4,0,55,236
39.0,3,2,30,236
0.0,20,0,83,236
0.0,21,0,69,236
3.0,14,0,84,236
12.0,9,0,22,236
1.0,16,0,50,236
18.0,6,0,14,236
4.0,13,0,65,236
0.0,23,0,85,236
0.0,19,0,21,236
0.0,22,0,86,236
81.0,1,7,71,237
68.0,2,3,35,237
9.0,10,0,56,237
17.0,7,0,77,237
27.0,5,0,57,237
5.0,13,0,63,237
13.0,9,1,44,237
6.0,11,0,49,237
0.0,18,0,73,237
2.0,15,0,64,237
0.0,17,0,79,237
44.0,4,0,55,237
49.0,3,3,30,237
0.0,20,0,83,237
0.0,21,0,69,237
6.0,12,0,84,237
14.0,8,0,22,237
1.0,16,0,50,237
18.0,6,0,14,237
4.0,14,0,65,237
0.0,23,0,85,237
0.0,19,0,21,237
0.0,22,0,86,237
87.0,1,7,71,238
78.0,2,4,35,238
11.0,10,0,56,238
18.0,6,0,77,238
27.0,5,0,57,238
5.0,13,0,63,238
13.0,9,1,44,238
6.0,11,0,49,238
0.0,18,0,73,238
2.0,15,0,64,238
0.0,17,0,79,238
47.0,4,0,55,238
53.0,3,3,30,238
0.0,20,0,83,238
0.0,21,0,69,238
6.0,12,0,84,238
14.0,8,0,22,238
1.0,16,0,50,238
18.0,7,0,14,238
4.0,14,0,65,238
0.0,23,0,85,238
0.0,19,0,21,238
0.0,22,0,86,238
97.0,1,8,71,239
78.0,2,4,35,239
11.0,10,0,56,239
21.0,6,0,77,239
31.0,5,0,57,239
5.0,13,0,63,239
13.0,9,1,44,239
7.0,12,0,49,239
0.0,18,0,73,239
2.0,15,0,64,239
0.0,17,0,79,239
47.0,4,0,55,239
59.0,3,3,30,239
0.0,20,0,83,239
0.0,21,0,69,239
8.0,11,0,84,239
14.0,8,0,22,239
1.0,16,0,50,239
18.0,7,0,14,239
4.0,14,0,65,239
0.0,23,0,85,239
0.0,19,0,21,239
0.0,22,0,86,239
0.0,10,0,64,240
0.0,9,0,85,240
0.0,8,0,88,240
0.0,7,0,63,240
1.0,6,0,87,240
2.0,5,0,55,240
3.0,4,0,57,240
4.0,3,0,77,240
6.0,2,0,14,240
10.0,1,1,30,240
0.0,15,0,93,241
0.0,12,0,79,241
0.0,10,0,44,241
2.0,8,0,49,241
3.0,7,0,65,241
10.0,2,1,71,241
0.0,16,0,64,241
0.0,14,0,85,241
0.0,13,0,88,241
0.0,11,0,63,241
1.0,9,0,87,241
8.0,3,0,55,241
3.0,6,0,57,241
5.0,5,0,77,241
6.0,4,0,14,241
14.0,1,1,30,241
0.0,21,0,69,242
0.0,20,0,81,242
0.0,19,0,94,242
0.0,18,0,95,242
0.0,13,0,56,242
0.0,16,0,93,242
0.0,14,0,79,242
0.0,10,0,44,242
3.0,8,0,49,242
3.0,7,0,65,242
20.0,1,2,71,242
0.0,17,0,64,242
0.0,15,0,85,242
0.0,12,0,88,242
0.0,11,0,63,242
1.0,9,0,87,242
14.0,3,0,55,242
5.0,6,0,57,242
9.0,5,0,77,242
9.0,4,0,14,242
14.0,2,1,30,242
0.0,24,0,91,243
0.0,23,0,50,243
0.0,17,0,84,243
0.0,13,0,22,243
0.0,25,0,69,243
0.0,21,0,81,243
0.0,22,0,94,243
0.0,20,0,95,243
2.0,9,0,56,243
0.0,16,0,93,243
0.0,15,0,79,243
1.0,10,0,44,243
3.0,8,0,49,243
9.0,5,0,65,243
23.0,2,2,71,243
0.0,19,0,64,243
0.0,18,0,85,243
0.0,14,0,88,243
0.0,12,0,63,243
1.0,11,0,87,243
14.0,3,0,55,243
5.0,7,0,57,243
13.0,4,0,77,243
9.0,6,0,14,243
24.0,1,2,30,243
0.0,16,0,96,244
0.0,25,0,91,244
0.0,24,0,50,244
0.0,20,0,84,244
0.0,14,0,22,244
0.0,26,0,69,244
0.0,18,0,81,244
0.0,13,0,94,244
0.0,23,0,95,244
2.0,10,0,56,244
0.0,19,0,93,244
0.0,17,0,79,244
1.0,11,0,44,244
4.0,8,0,49,244
12.0,5,0,65,244
29.0,2,2,71,244
0.0,22,0,64,244
0.0,21,0,85,244
0.0,15,0,88,244
0.0,12,0,63,244
3.0,9,0,87,244
14.0,4,0,55,244
5.0,7,0,57,244
17.0,3,0,77,244
9.0,6,0,14,244
34.0,1,3,30,244
0.0,22,0,89,245
0.0,18,0,96,245
0.0,27,0,91,245
0.0,26,0,50,245
0.0,20,0,84,245
6.0,7,0,22,245
0.0,17,0,69,245
1.0,13,0,81,245
0.0,15,0,94,245
0.0,25,0,95,245
6.0,8,0,56,245
0.0,21,0,93,245
0.0,19,0,79,245
4.0,10,0,44,245
4.0,11,0,49,245
12.0,5,0,65,245
29.0,2,2,71,245
0.0,24,0,64,245
0.0,23,0,85,245
0.0,16,0,88,245
0.0,14,0,63,245
3.0,12,0,87,245
24.0,3,1,55,245
5.0,9,0,57,245
17.0,4,0,77,245
9.0,6,0,14,245
36.0,1,3,30,245
0.0,28,0,90,246
0.0,22,0,89,246
0.0,19,0,96,246
0.0,27,0,91,246
0.0,26,0,50,246
3.0,12,0,84,246
7.0,7,0,22,246
0.0,18,0,69,246
1.0,14,0,81,246
0.0,16,0,94,246
0.0,25,0,95,246
6.0,8,0,56,246
0.0,21,0,93,246
0.0,20,0,79,246
4.0,10,0,44,246
4.0,11,0,49,246
12.0,6,0,65,246
35.0,2,2,71,246
0.0,24,0,64,246
0.0,23,0,85,246
0.0,17,0,88,246
0.0,15,0,63,246
3.0,13,0,87,246
26.0,3,1,55,246
5.0,9,0,57,246
17.0,4,0,77,246
13.0,5,0,14,246
46.0,1,4,30,246
0.0,26,0,92,247
0.0,29,0,90,247
0.0,22,0,89,247
0.0,17,0,96,247
0.0,28,0,91,247
0.0,27,0,50,247
3.0,13,0,84,247
7.0,7,0,22,247
0.0,18,0,69,247
1.0,14,0,81,247
0.0,16,0,94,247
0.0,25,0,95,247
6.0,9,0,56,247
0.0,21,0,93,247
0.0,20,0,79,247
7.0,8,0,44,247
5.0,12,0,49,247
22.0,4,1,65,247
35.0,2,2,71,247
0.0,24,0,64,247
0.0,23,0,85,247
0.0,19,0,88,247
0.0,15,0,63,247
5.0,11,0,87,247
32.0,3,1,55,247
5.0,10,0,57,247
17.0,6,0,77,247
17.0,5,0,14,247
46.0,1,4,30,247
0.0,26,0,92,248
0.0,29,0,90,248
0.0,23,0,89,248
2.0,14,0,96,248
0.0,28,0,91,248
0.0,27,0,50,248
3.0,13,0,84,248
7.0,7,0,22,248
0.0,21,0,69,248
1.0,16,0,81,248
0.0,18,0,94,248
0.0,25,0,95,248
6.0,9,0,56,248
0.0,22,0,93,248
0.0,19,0,79,248
7.0,8,0,44,248
5.0,12,0,49,248
25.0,4,1,65,248
35.0,2,2,71,248
0.0,24,0,64,248
0.0,20,0,85,248
1.0,15,0,88,248
0.0,17,0,63,248
5.0,11,0,87,248
32.0,3,1,55,248
5.0,10,0,57,248
21.0,6,0,77,248
23.0,5,0,14,248
56.0,1,5,30,248
0.0,24,0,83,249
0.0,27,0,92,249
0.0,30,0,90,249
0.0,23,0,89,249
2.0,14,0,96,249
0.0,29,0,91,249
0.0,28,0,50,249
3.0,13,0,84,249
7.0,8,0,22,249
0.0,20,0,69,249
1.0,16,0,81,249
0.0,18,0,94,249
0.0,26,0,95,249
6.0,10,0,56,249
0.0,22,0,93,249
0.0,19,0,79,249
8.0,7,0,44,249
7.0,9,0,49,249
28.0,5,1,65,249
45.0,2,3,71,249
0.0,25,0,64,249
0.0,21,0,85,249
1.0,15,0,88,249
0.0,17,0,63,249
5.0,12,0,87,249
32.0,3,1,55,249
5.0,11,0,57,249
25.0,6,0,77,249
29.0,4,0,14,249
56.0,1,5,30,249
0.0,22,0,83,250
0.0,27,0,92,250
0.0,30,0,90,250
0.0,23,0,89,250
2.0,14,0,96,250
0.0,29,0,91,250
0.0,28,0,50,250
7.0,10,0,84,250
8.0,8,0,22,250
0.0,20,0,69,250
1.0,16,0,81,250
0.0,18,0,94,250
0.0,26,0,95,250
6.0,12,0,56,250
0.0,24,0,93,250
0.0,19,0,79,250
8.0,9,0,44,250
10.0,7,0,49,250
28.0,5,1,65,250
51.0,2,3,71,250
0.0,25,0,64,250
0.0,21,0,85,250
1.0,15,0,88,250
0.0,17,0,63,250
7.0,11,0,87,250
32.0,3,1,55,250
5.0,13,0,57,250
25.0,6,0,77,250
29.0,4,0,14,250
66.0,1,6,30,250
0.0,20,0,97,251
0.0,25,0,83,251
0.0,28,0,92,251
0.0,31,0,90,251
0.0,22,0,89,251
3.0,14,0,96,251
0.0,30,0,91,251
0.0,29,0,50,251
7.0,12,0,84,251
8.0,10,0,22,251
0.0,21,0,69,251
1.0,17,0,81,251
0.0,18,0,94,251
0.0,27,0,95,251
6.0,13,0,56,251
0.0,26,0,93,251
0.0,19,0,79,251
8.0,11,0,44,251
14.0,7,0,49,251
38.0,3,2,65,251
51.0,2,3,71,251
0.0,24,0,64,251
0.0,23,0,85,251
1.0,16,0,88,251
2.0,15,0,63,251
10.0,9,0,87,251
32.0,4,1,55,251
11.0,8,0,57,251
25.0,6,0,77,251
29.0,5,0,14,251
66.0,1,6,30,251
0.0,20,0,97,252
0.0,25,0,83,252
0.0,28,0,92,252
0.0,31,0,90,252
0.0,22,0,89,252
3.0,14,0,96,252
0.0,30,0,91,252
0.0,29,0,50,252
7.0,12,0,84,252
8.0,10,0,22,252
0.0,21,0,69,252
1.0,17,0,81,252
0.0,18,0,94,252
0.0,27,0,95,252
6.0,13,0,56,252
0.0,26,0,93,252
0.0,19,0,79,252
8.0,11,0,44,252
15.0,7,0,49,252
38.0,4,2,65,252
55.0,2,3,71,252
0.0,24,0,64,252
0.0,23,0,85,252
1.0,16,0,88,252
2.0,15,0,63,252
10.0,9,0,87,252
34.0,5,1,55,252
11.0,8,0,57,252
28.0,6,0,77,252
39.0,3,1,14,252
72.0,1,6,30,252
0.0,33,0,98,253
0.0,32,0,99,253
0.0,20,0,97,253
0.0,24,0,83,253
0.0,28,0,92,253
0.0,31,0,90,253
0.0,22,0,89,253
3.0,14,0,96,253
0.0,30,0,91,253
0.0,29,0,50,253
7.0,12,0,84,253
11.0,9,0,22,253
0.0,21,0,69,253
1.0,17,0,81,253
0.0,18,0,94,253
0.0,27,0,95,253
7.0,13,0,56,253
0.0,26,0,93,253
0.0,19,0,79,253
8.0,11,0,44,253
15.0,7,0,49,253
40.0,4,2,65,253
55.0,2,3,71,253
0.0,25,0,64,253
0.0,23,0,85,253
1.0,16,0,88,253
2.0,15,0,63,253
10.0,10,0,87,253
40.0,5,1,55,253
11.0,8,0,57,253
28.0,6,0,77,253
43.0,3,1,14,253
82.0,1,7,30,253
0.0,27,0,76,254
0.0,34,0,98,254
0.0,33,0,99,254
0.0,20,0,97,254
0.0,24,0,83,254
0.0,29,0,92,254
0.0,32,0,90,254
0.0,22,0,89,254
3.0,14,0,96,254
0.0,31,0,91,254
0.0,30,0,50,254
7.0,12,0,84,254
11.0,9,0,22,254
0.0,21,0,69,254
1.0,17,0,81,254
0.0,18,0,94,254
0.0,28,0,95,254
7.0,13,0,56,254
0.0,26,0,93,254
0.0,19,0,79,254
8.0,11,0,44,254
15.0,7,0,49,254
41.0,5,2,65,254
59.0,2,3,71,254
0.0,25,0,64,254
0.0,23,0,85,254
1.0,16,0,88,254
2.0,15,0,63,254
10.0,10,0,87,254
42.0,4,1,55,254
11.0,8,0,57,254
31.0,6,0,77,254
49.0,3,1,14,254
92.0,1,8,30,254
0.0,28,0,76,255
0.0,34,0,98,255
0.0,33,0,99,255
0.0,20,0,97,255
0.0,24,0,83,255
0.0,30,0,92,255
0.0,32,0,90,255
0.0,22,0,89,255
3.0,15,0,96,255
0.0,27,0,91,255
0.0,31,0,50,255
7.0,13,0,84,255
11.0,9,0,22,255
0.0,21,0,69,255
1.0,17,0,81,255
0.0,18,0,94,255
0.0,29,0,95,255
10.0,10,0,56,255
0.0,26,0,93,255
0.0,19,0,79,255
10.0,11,0,44,255
15.0,8,0,49,255
45.0,4,2,65,255
59.0,2,3,71,255
0.0,25,0,64,255
0.0,23,0,85,255
1.0,16,0,88,255
3.0,14,0,63,255
10.0,12,0,87,255
42.0,5,1,55,255
17.0,7,0,57,255
31.0,6,0,77,255
49.0,3,1,14,255
102.0,1,9,30,255
0.0,29,0,76,256
0.0,34,0,98,256
0.0,33,0,99,256
0.0,22,0,97,256
1.0,18,0,83,256
0.0,26,0,92,256
0.0,32,0,90,256
0.0,24,0,89,256
3.0,16,0,96,256
0.0,28,0,91,256
0.0,31,0,50,256
7.0,13,0,84,256
11.0,11,0,22,256
0.0,23,0,69,256
5.0,14,0,81,256
0.0,19,0,94,256
0.0,30,0,95,256
10.0,12,0,56,256
0.0,27,0,93,256
0.0,20,0,79,256
16.0,8,0,44,256
15.0,9,0,49,256
45.0,4,2,65,256
69.0,2,4,71,256
0.0,21,0,64,256
0.0,25,0,85,256
1.0,17,0,88,256
5.0,15,0,63,256
13.0,10,0,87,256
42.0,5,1,55,256
17.0,7,0,57,256
31.0,6,0,77,256
49.0,3,1,14,256
102.0,1,9,30,256
0.0,12,0,101,257
0.0,11,0,44,257
0.0,10,0,83,257
0.0,9,0,100,257
0.0,8,0,94,257
0.0,7,0,65,257
1.0,6,0,91,257
2.0,5,0,79,257
3.0,4,0,22,257
4.0,3,0,55,257
6.0,2,0,71,257
10.0,1,1,30,257
0.0,15,0,103,258
0.0,23,0,50,258
0.0,22,0,56,258
0.0,20,0,84,258
0.0,19,0,102,258
0.0,17,0,101,258
0.0,14,0,44,258
0.0,12,0,83,258
1.0,9,0,100,258
0.0,13,0,94,258
0.0,11,0,65,258
1.0,10,0,91,258
2.0,8,0,79,258
7.0,2,0,22,258
4.0,5,0,55,258
6.0,3,0,71,258
20.0,1,2,30,258
4.0,6,0,57,259
2.0,11,0,49,259
3.0,10,0,104,259
0.0,18,0,87,259
0.0,19,0,103,259
0.0,27,0,50,259
0.0,26,0,56,259
0.0,15,0,84,259
0.0,23,0,102,259
0.0,21,0,101,259
0.0,17,0,44,259
0.0,14,0,83,259
1.0,12,0,100,259
0.0,16,0,94,259
0.0,13,0,65,259
4.0,8,0,91,259
4.0,9,0,79,259
7.0,3,0,22,259
4.0,7,0,55,259
7.0,2,0,71,259
30.0,1,3,30,259
0.0,20,0,106,260
10.0,2,0,77,260
0.0,26,0,81,260
1.0,15,0,105,260
4.0,8,0,57,260
2.0,13,0,49,260
3.0,11,0,104,260
0.0,22,0,87,260
0.0,23,0,103,260
0.0,31,0,50,260
0.0,30,0,56,260
6.0,5,0,84,260
0.0,27,0,102,260
0.0,25,0,101,260
0.0,21,0,44,260
0.0,18,0,83,260
1.0,14,0,100,260
0.0,19,0,94,260
0.0,16,0,65,260
4.0,9,0,91,260
4.0,10,0,79,260
7.0,4,0,22,260
6.0,7,0,55,260
7.0,3,0,71,260
40.0,1,4,30,260
0.0,27,0,107,261
0.0,31,0,92,261
0.0,24,0,106,261
10.0,3,0,77,261
0.0,28,0,81,261
1.0,17,0,105,261
4.0,9,0,57,261
2.0,14,0,49,261
3.0,12,0,104,261
4.0,8,0,87,261
0.0,23,0,103,261
0.0,32,0,50,261
1.0,18,0,56,261
6.0,6,0,84,261
0.0,29,0,102,261
0.0,26,0,101,261
0.0,20,0,44,261
0.0,22,0,83,261
1.0,16,0,100,261
2.0,15,0,94,261
0.0,19,0,65,261
4.0,10,0,91,261
4.0,11,0,79,261
7.0,5,0,22,261
9.0,4,0,55,261
17.0,2,1,71,261
46.0,1,4,30,261
0.0,31,0,108,262
0.0,28,0,107,262
0.0,32,0,92,262
0.0,25,0,106,262
13.0,3,0,77,262
0.0,29,0,81,262
1.0,19,0,105,262
4.0,9,0,57,262
2.0,14,0,49,262
3.0,12,0,104,262
4.0,8,0,87,262
0.0,24,0,103,262
0.0,33,0,50,262
1.0,20,0,56,262
6.0,6,0,84,262
0.0,30,0,102,262
0.0,27,0,101,262
0.0,22,0,44,262
0.0,23,0,83,262
1.0,18,0,100,262
2.0,15,0,94,262
0.0,21,0,65,262
4.0,10,0,91,262
4.0,11,0,79,262
7.0,5,0,22,262
13.0,4,0,55,262
23.0,2,1,71,262
56.0,1,5,30,262
0.0,36,0,88,263
0.0,32,0,108,263
0.0,29,0,107,263
0.0,33,0,92,263
0.0,25,0,106,263
17.0,3,0,77,263
0.0,30,0,81,263
1.0,19,0,105,263
4.0,10,0,57,263
5.0,8,0,49,263
3.0,15,0,104,263
4.0,9,0,87,263
0.0,24,0,103,263
0.0,35,0,50,263
1.0,20,0,56,263
6.0,6,0,84,263
0.0,31,0,102,263
0.0,28,0,101,263
0.0,22,0,44,263
0.0,23,0,83,263
1.0,18,0,100,263
4.0,13,0,94,263
0.0,21,0,65,263
4.0,11,0,91,263
4.0,14,0,79,263
7.0,5,0,22,263
13.0,4,0,55,263
29.0,2,1,71,263
66.0,1,6,30,263
6.0,8,0,78,264
0.0,36,0,88,264
0.0,33,0,108,264
0.0,30,0,107,264
0.0,34,0,92,264
0.0,25,0,106,264
17.0,4,0,77,264
0.0,31,0,81,264
1.0,19,0,105,264
8.0,6,0,57,264
5.0,9,0,49,264
3.0,16,0,104,264
4.0,11,0,87,264
0.0,24,0,103,264
0.0,26,0,50,264
1.0,20,0,56,264
6.0,7,0,84,264
0.0,32,0,102,264
0.0,29,0,101,264
0.0,22,0,44,264
0.0,23,0,83,264
1.0,18,0,100,264
4.0,14,0,94,264
0.0,21,0,65,264
4.0,12,0,91,264
5.0,10,0,79,264
10.0,5,0,22,264
19.0,3,0,55,264
39.0,2,2,71,264
66.0,1,6,30,264
4.0,16,0,110,265
6.0,9,0,78,265
0.0,36,0,88,265
0.0,33,0,108,265
0.0,31,0,107,265
0.0,34,0,92,265
0.0,25,0,106,265
27.0,3,1,77,265
2.0,19,0,81,265
1.0,22,0,105,265
8.0,6,0,57,265
5.0,11,0,49,265
6.0,10,0,104,265
4.0,14,0,87,265
4.0,13,0,103,265
0.0,27,0,50,265
1.0,23,0,56,265
6.0,8,0,84,265
0.0,32,0,102,265
0.0,30,0,101,265
6.0,7,0,44,265
0.0,26,0,83,265
2.0,20,0,100,265
4.0,17,0,94,265
0.0,24,0,65,265
4.0,15,0,91,265
5.0,12,0,79,265
10.0,5,0,22,265
19.0,4,0,55,265
39.0,2,2,71,265
66.0,1,6,30,265
4.0,17,0,110,266
6.0,9,0,78,266
0.0,36,0,88,266
0.0,33,0,108,266
0.0,31,0,107,266
0.0,34,0,92,266
0.0,26,0,106,266
27.0,3,1,77,266
2.0,20,0,81,266
1.0,22,0,105,266
8.0,7,0,57,266
5.0,12,0,49,266
6.0,11,0,104,266
6.0,10,0,87,266
4.0,14,0,103,266
4.0,15,0,50,266
1.0,24,0,56,266
9.0,6,0,84,266
0.0,32,0,102,266
0.0,30,0,101,266
7.0,8,0,44,266
0.0,27,0,83,266
2.0,21,0,100,266
4.0,18,0,94,266
0.0,25,0,65,266
4.0,16,0,91,266
5.0,13,0,79,266
10.0,5,0,22,266
19.0,4,0,55,266
45.0,2,2,71,266
76.0,1,7,30,266
4.0,18,0,110,267
6.0,12,0,78,267
0.0,36,0,88,267
0.0,33,0,108,267
0.0,31,0,107,267
0.0,34,0,92,267
0.0,26,0,106,267
27.0,3,1,77,267
3.0,20,0,81,267
1.0,22,0,105,267
14.0,5,0,57,267
5.0,14,0,49,267
6.0,13,0,104,267
8.0,9,0,87,267
4.0,16,0,103,267
8.0,8,0,50,267
1.0,24,0,56,267
9.0,7,0,84,267
0.0,32,0,102,267
0.0,30,0,101,267
7.0,10,0,44,267
0.0,27,0,83,267
2.0,21,0,100,267
4.0,19,0,94,267
0.0,25,0,65,267
4.0,17,0,91,267
5.0,15,0,79,267
10.0,6,0,22,267
19.0,4,0,55,267
55.0,2,3,71,267
76.0,1,7,30,267
4.0,18,0,110,268
6.0,12,0,78,268
0.0,36,0,88,268
0.0,33,0,108,268
0.0,31,0,107,268
0.0,34,0,92,268
0.0,26,0,106,268
33.0,3,1,77,268
3.0,20,0,81,268
1.0,22,0,105,268
18.0,5,0,57,268
5.0,14,0,49,268
6.0,13,0,104,268
8.0,9,0,87,268
4.0,16,0,103,268
8.0,8,0,50,268
1.0,24,0,56,268
11.0,7,0,84,268
0.0,32,0,102,268
0.0,30,0,101,268
7.0,11,0,44,268
0.0,27,0,83,268
2.0,21,0,100,268
4.0,19,0,94,268
0.0,25,0,65,268
4.0,17,0,91,268
5.0,15,0,79,268
13.0,6,0,22,268
19.0,4,0,55,268
65.0,2,4,71,268
76.0,1,7,30,268
0.0,29,0,70,269
1.0,23,0,109,269
4.0,18,0,110,269
6.0,12,0,78,269
0.0,38,0,88,269
0.0,35,0,108,269
0.0,31,0,107,269
0.0,36,0,92,269
0.0,26,0,106,269
33.0,3,1,77,269
3.0,20,0,81,269
1.0,22,0,105,269
22.0,4,0,57,269
5.0,14,0,49,269
6.0,13,0,104,269
8.0,10,0,87,269
4.0,16,0,103,269
10.0,9,0,50,269
1.0,24,0,56,269
12.0,8,0,84,269
0.0,34,0,102,269
0.0,30,0,101,269
7.0,11,0,44,269
0.0,27,0,83,269
2.0,21,0,100,269
4.0,19,0,94,269
0.0,25,0,65,269
4.0,17,0,91,269
5.0,15,0,79,269
16.0,6,0,22,269
19.0,5,0,55,269
75.0,2,5,71,269
76.0,1,7,30,269
14.0,7,0,14,270
0.0,29,0,70,270
1.0,24,0,109,270
4.0,19,0,110,270
6.0,12,0,78,270
0.0,39,0,88,270
0.0,36,0,108,270
0.0,31,0,107,270
0.0,37,0,92,270
0.0,26,0,106,270
35.0,3,1,77,270
3.0,21,0,81,270
1.0,23,0,105,270
26.0,4,0,57,270
6.0,14,0,49,270
6.0,13,0,104,270
8.0,10,0,87,270
4.0,16,0,103,270
10.0,9,0,50,270
4.0,17,0,56,270
12.0,8,0,84,270
0.0,35,0,102,270
0.0,30,0,101,270
7.0,11,0,44,270
0.0,27,0,83,270
2.0,22,0,100,270
4.0,20,0,94,270
0.0,25,0,65,270
4.0,18,0,91,270
5.0,15,0,79,270
16.0,6,0,22,270
19.0,5,0,55,270
81.0,2,5,71,270
86.0,1,8,30,270
0.0,29,0,111,271
0.0,45,0,85,271
14.0,7,0,14,271
0.0,30,0,70,271
1.0,25,0,109,271
4.0,19,0,110,271
6.0,13,0,78,271
0.0,41,0,88,271
0.0,38,0,108,271
0.0,33,0,107,271
0.0,39,0,92,271
0.0,27,0,106,271
35.0,3,1,77,271
3.0,22,0,81,271
1.0,24,0,105,271
26.0,4,0,57,271
7.0,12,0,49,271
6.0,14,0,104,271
8.0,10,0,87,271
4.0,17,0,103,271
10.0,9,0,50,271
6.0,15,0,56,271
12.0,8,0,84,271
0.0,37,0,102,271
0.0,31,0,101,271
7.0,11,0,44,271
0.0,28,0,83,271
2.0,23,0,100,271
4.0,20,0,94,271
0.0,26,0,65,271
4.0,18,0,91,271
5.0,16,0,79,271
16.0,6,0,22,271
23.0,5,0,55,271
91.0,2,6,71,271
92.0,1,8,30,271
13.0,9,1,95,272
0.0,29,0,111,272
0.0,46,0,85,272
14.0,8,0,14,272
0.0,30,0,70,272
1.0,24,0,109,272
4.0,20,0,110,272
6.0,14,0,78,272
0.0,42,0,88,272
0.0,39,0,108,272
0.0,34,0,107,272
0.0,40,0,92,272
0.0,27,0,106,272
41.0,3,1,77,272
3.0,22,0,81,272
1.0,25,0,105,272
26.0,4,0,57,272
7.0,13,0,49,272
6.0,15,0,104,272
8.0,12,0,87,272
4.0,18,0,103,272
10.0,10,0,50,272
6.0,16,0,56,272
16.0,7,0,84,272
0.0,38,0,102,272
0.0,31,0,101,272
9.0,11,0,44,272
0.0,28,0,83,272
2.0,23,0,100,272
4.0,21,0,94,272
0.0,26,0,65,272
4.0,19,0,91,272
5.0,17,0,79,272
19.0,6,0,22,272
24.0,5,0,55,272
91.0,2,6,71,272
92.0,1,8,30,272
0.0,7,0,118,273
1.0,6,0,77,273
2.0,5,0,109,273
3.0,4,0,104,273
4.0,3,0,87,273
6.0,2,0,102,273
10.0,1,1,117,273
0.0,16,0,69,274
0.0,15,0,105,274
0.0,14,0,100,274
0.0,13,0,55,274
0.0,12,0,112,274
1.0,10,0,70,274
3.0,7,0,65,274
4.0,5,0,30,274
6.0,3,0,71,274
0.0,11,0,118,274
1.0,9,0,77,274
2.0,8,0,109,274
3.0,6,0,104,274
6.0,4,0,87,274
16.0,1,1,102,274
10.0,2,1,117,274
0.0,17,0,22,275
1.0,11,0,120,275
2.0,9,0,119,275
0.0,19,0,69,275
0.0,18,0,105,275
0.0,16,0,100,275
0.0,15,0,55,275
0.0,14,0,112,275
1.0,10,0,70,275
6.0,5,0,65,275
4.0,6,0,30,275
12.0,3,0,71,275
0.0,13,0,118,275
1.0,12,0,77,275
2.0,8,0,109,275
3.0,7,0,104,275
6.0,4,0,87,275
26.0,1,2,102,275
14.0,2,1,117,275
0.0,19,0,88,276
4.0,8,0,84,276
0.0,20,0,22,276
2.0,12,0,120,276
2.0,11,0,119,276
0.0,16,0,69,276
0.0,21,0,105,276
0.0,18,0,100,276
0.0,17,0,55,276
2.0,10,0,112,276
1.0,13,0,70,276
6.0,6,0,65,276
10.0,4,0,30,276
12.0,3,0,71,276
0.0,15,0,118,276
1.0,14,0,77,276
5.0,7,0,109,276
3.0,9,0,104,276
6.0,5,0,87,276
26.0,1,2,102,276
24.0,2,2,117,276
0.0,23,0,123,277
2.0,12,0,121,277
0.0,20,0,88,277
4.0,9,0,84,277
0.0,21,0,22,277
2.0,13,0,120,277
5.0,8,0,119,277
0.0,17,0,69,277
0.0,22,0,105,277
0.0,19,0,100,277
0.0,18,0,55,277
2.0,11,0,112,277
1.0,15,0,70,277
6.0,6,0,65,277
14.0,3,0,30,277
12.0,4,0,71,277
0.0,16,0,118,277
2.0,14,0,77,277
5.0,7,0,109,277
3.0,10,0,104,277
6.0,5,0,87,277
32.0,2,2,102,277
34.0,1,3,117,277
0.0,25,0,91,278
0.0,22,0,110,278
0.0,24,0,123,278
2.0,13,0,121,278
0.0,21,0,88,278
5.0,7,0,84,278
0.0,20,0,22,278
2.0,14,0,120,278
5.0,10,0,119,278
0.0,18,0,69,278
0.0,23,0,105,278
0.0,19,0,100,278
4.0,11,0,55,278
2.0,12,0,112,278
1.0,16,0,70,278
6.0,6,0,65,278
14.0,4,0,30,278
18.0,3,0,71,278
0.0,17,0,118,278
2.0,15,0,77,278
5.0,9,0,109,278
5.0,8,0,104,278
6.0,5,0,87,278
42.0,1,3,102,278
37.0,2,3,117,278
0.0,26,0,79,280
1.0,17,0,91,280
0.0,26,0,79,279
1.0,17,0,91,279
0.0,23,0,110,279
0.0,25,0,123,279
2.0,14,0,121,279
0.0,22,0,88,279
7.0,5,0,84,279
0.0,21,0,22,279
2.0,15,0,120,279
5.0,10,0,119,279
0.0,19,0,69,279
0.0,24,0,105,279
0.0,20,0,100,279
4.0,12,0,55,279
2.0,13,0,112,279
1.0,16,0,70,279
6.0,7,0,65,279
20.0,4,0,30,279
22.0,3,0,71,279
0.0,18,0,118,279
5.0,11,0,77,279
5.0,9,0,109,279
5.0,8,0,104,279
6.0,6,0,87,279
42.0,2,3,102,279
47.0,1,4,117,279
0.0,23,0,110,280
0.0,24,0,123,280
3.0,13,0,121,280
0.0,22,0,88,280
9.0,5,0,84,280
0.0,18,0,22,280
2.0,15,0,120,280
5.0,10,0,119,280
0.0,20,0,69,280
0.0,25,0,105,280
0.0,21,0,100,280
4.0,12,0,55,280
2.0,14,0,112,280
1.0,16,0,70,280
6.0,7,0,65,280
24.0,4,0,30,280
28.0,3,0,71,280
0.0,19,0,118,280
5.0,11,0,77,280
5.0,9,0,109,280
5.0,8,0,104,280
6.0,6,0,87,280
45.0,2,3,102,280
57.0,1,5,117,280
0.0,26,0,79,281
1.0,18,0,91,281
0.0,23,0,110,281
0.0,24,0,123,281
3.0,13,0,121,281
0.0,22,0,88,281
9.0,6,0,84,281
0.0,19,0,22,281
2.0,15,0,120,281
9.0,5,0,119,281
0.0,20,0,69,281
0.0,25,0,105,281
0.0,21,0,100,281
4.0,12,0,55,281
2.0,14,0,112,281
1.0,16,0,70,281
9.0,7,0,65,281
30.0,3,0,30,281
28.0,4,0,71,281
1.0,17,0,118,281
5.0,11,0,77,281
5.0,10,0,109,281
5.0,9,0,104,281
6.0,8,0,87,281
47.0,2,3,102,281
67.0,1,6,117,281
0.0,27,0,94,282
0.0,26,0,79,282
1.0,18,0,91,282
0.0,23,0,110,282
0.0,24,0,123,282
3.0,13,0,121,282
0.0,22,0,88,282
9.0,7,0,84,282
0.0,19,0,22,282
2.0,15,0,120,282
11.0,5,0,119,282
0.0,20,0,69,282
0.0,25,0,105,282
0.0,21,0,100,282
4.0,12,0,55,282
2.0,14,0,112,282
1.0,16,0,70,282
9.0,8,0,65,282
36.0,3,0,30,282
28.0,4,0,71,282
1.0,17,0,118,282
6.0,9,0,77,282
5.0,11,0,109,282
5.0,10,0,104,282
10.0,6,0,87,282
50.0,2,3,102,282
77.0,1,7,117,282
0.0,27,0,94,283
0.0,25,0,79,283
2.0,16,0,91,283
0.0,24,0,110,283
0.0,23,0,123,283
3.0,14,0,121,283
0.0,22,0,88,283
11.0,6,0,84,283
0.0,19,0,22,283
2.0,17,0,120,283
17.0,5,0,119,283
0.0,20,0,69,283
0.0,26,0,105,283
0.0,21,0,100,283
4.0,12,0,55,283
2.0,15,0,112,283
1.0,18,0,70,283
9.0,9,0,65,283
36.0,4,0,30,283
38.0,3,1,71,283
4.0,13,0,118,283
10.0,8,0,77,283
5.0,11,0,109,283
5.0,10,0,104,283
10.0,7,0,87,283
50.0,2,3,102,283
77.0,1,7,117,283
0.0,27,0,94,284
0.0,25,0,79,284
2.0,16,0,91,284
0.0,24,0,110,284
0.0,23,0,123,284
3.0,14,0,121,284
0.0,22,0,88,284
11.0,6,0,84,284
0.0,19,0,22,284
2.0,17,0,120,284
18.0,5,0,119,284
0.0,20,0,69,284
0.0,26,0,105,284
0.0,21,0,100,284
4.0,12,0,55,284
2.0,15,0,112,284
1.0,18,0,70,284
11.0,7,0,65,284
42.0,4,0,30,284
48.0,3,2,71,284
4.0,13,0,118,284
10.0,9,0,77,284
5.0,11,0,109,284
5.0,10,0,104,284
10.0,8,0,87,284
53.0,2,3,102,284
81.0,1,7,117,284
0.0,28,0,83,285
0.0,22,0,94,285
0.0,26,0,79,285
5.0,14,0,91,285
0.0,25,0,110,285
0.0,24,0,123,285
7.0,11,0,121,285
0.0,23,0,88,285
11.0,6,0,84,285
0.0,20,0,22,285
2.0,17,0,120,285
20.0,5,0,119,285
0.0,21,0,69,285
0.0,27,0,105,285
1.0,19,0,100,285
10.0,8,0,55,285
2.0,16,0,112,285
1.0,18,0,70,285
11.0,7,0,65,285
42.0,4,0,30,285
58.0,2,3,71,285
4.0,15,0,118,285
10.0,10,0,77,285
5.0,13,0,109,285
5.0,12,0,104,285
10.0,9,0,87,285
53.0,3,3,102,285
81.0,1,7,117,285
0.0,28,0,83,286
0.0,20,0,94,286
0.0,26,0,79,286
7.0,12,0,91,286
0.0,25,0,110,286
0.0,24,0,123,286
7.0,11,0,121,286
0.0,23,0,88,286
12.0,7,0,84,286
0.0,21,0,22,286
2.0,17,0,120,286
20.0,5,0,119,286
0.0,22,0,69,286
0.0,27,0,105,286
1.0,19,0,100,286
13.0,6,0,55,286
2.0,16,0,112,286
1.0,18,0,70,286
11.0,8,0,65,286
52.0,4,1,30,286
62.0,2,3,71,286
4.0,15,0,118,286
10.0,10,0,77,286
5.0,13,0,109,286
5.0,14,0,104,286
10.0,9,0,87,286
53.0,3,3,102,286
87.0,1,7,117,286
0.0,31,0,126,287
1.0,22,0,56,287
4.0,15,0,57,287
0.0,30,0,83,287
0.0,23,0,94,287
0.0,28,0,79,287
7.0,12,0,91,287
0.0,27,0,110,287
0.0,26,0,123,287
7.0,11,0,121,287
0.0,25,0,88,287
12.0,7,0,84,287
2.0,18,0,22,287
2.0,19,0,120,287
20.0,5,0,119,287
0.0,24,0,69,287
0.0,29,0,105,287
1.0,21,0,100,287
13.0,6,0,55,287
2.0,17,0,112,287
1.0,20,0,70,287
11.0,8,0,65,287
52.0,4,1,30,287
65.0,2,3,71,287
4.0,16,0,118,287
10.0,10,0,77,287
5.0,13,0,109,287
5.0,14,0,104,287
10.0,9,0,87,287
63.0,3,4,102,287
93.0,1,7,117,287
0.0,31,0,126,288
1.0,22,0,56,288
4.0,15,0,57,288
0.0,30,0,83,288
0.0,23,0,94,288
0.0,28,0,79,288
7.0,12,0,91,288
0.0,27,0,110,288
0.0,26,0,123,288
7.0,11,0,121,288
0.0,24,0,88,288
13.0,7,0,84,288
2.0,18,0,22,288
2.0,19,0,120,288
20.0,5,0,119,288
0.0,25,0,69,288
0.0,29,0,105,288
1.0,21,0,100,288
16.0,6,0,55,288
2.0,17,0,112,288
1.0,20,0,70,288
11.0,9,0,65,288
52.0,4,1,30,288
69.0,3,3,71,288
4.0,16,0,118,288
12.0,8,0,77,288
5.0,13,0,109,288
5.0,14,0,104,288
10.0,10,0,87,288
73.0,2,5,102,288
99.0,1,7,117,288
0.0,13,0,128,289
0.0,12,0,79,289
0.0,11,0,127,289
0.0,10,0,105,289
0.0,9,0,57,289
0.0,8,0,88,289
0.0,7,0,100,289
1.0,6,0,65,289
2.0,5,0,77,289
3.0,4,0,30,289
4.0,3,0,102,289
6.0,2,0,119,289
10.0,1,1,95,289
20.0,1,2,95,290
12.0,2,0,119,290
4.0,5,0,102,290
7.0,3,0,30,290
5.0,4,0,77,290
1.0,7,0,65,290
0.0,9,0,100,290
0.0,11,0,88,290
1.0,8,0,57,290
0.0,12,0,105,290
0.0,15,0,127,290
0.0,16,0,79,290
0.0,17,0,128,290
2.0,6,0,110,290
0.0,10,0,109,290
0.0,13,0,123,290
0.0,14,0,92,290
30.0,1,3,95,291
18.0,2,0,119,291
4.0,5,0,102,291
11.0,3,0,30,291
5.0,4,0,77,291
1.0,9,0,65,291
0.0,12,0,100,291
0.0,15,0,88,291
1.0,10,0,57,291
1.0,11,0,105,291
0.0,19,0,127,291
0.0,16,0,79,291
0.0,20,0,128,291
2.0,8,0,110,291
0.0,14,0,109,291
0.0,17,0,123,291
0.0,18,0,92,291
3.0,6,0,55,291
2.0,7,0,122,291
0.0,13,0,81,291
0.0,15,0,81,292
2.0,9,0,110,292
0.0,23,0,108,292
1.0,10,0,65,292
0.0,14,0,100,292
0.0,13,0,88,292
1.0,11,0,57,292
4.0,6,0,102,292
0.0,17,0,91,292
1.0,12,0,94,292
2.0,8,0,122,292
7.0,5,0,55,292
0.0,21,0,92,292
0.0,19,0,123,292
0.0,16,0,109,292
0.0,24,0,128,292
0.0,18,0,79,292
3.0,7,0,105,292
0.0,22,0,127,292
8.0,4,0,77,292
17.0,3,0,30,292
18.0,2,0,119,292
40.0,1,4,95,292
0.0,20,0,104,292
50.0,1,5,95,293
24.0,2,0,119,293
8.0,4,0,102,293
17.0,3,0,30,293
8.0,5,0,77,293
1.0,12,0,65,293
0.0,15,0,100,293
0.0,14,0,88,293
1.0,13,0,57,293
5.0,7,0,105,293
0.0,16,0,127,293
0.0,21,0,79,293
0.0,26,0,128,293
2.0,10,0,110,293
0.0,18,0,109,293
0.0,22,0,123,293
0.0,24,0,92,293
7.0,6,0,55,293
2.0,9,0,122,293
0.0,17,0,81,293
2.0,11,0,94,293
0.0,19,0,91,293
0.0,23,0,104,293
0.0,25,0,108,293
3.0,8,0,84,293
0.0,20,0,129,293
56.0,1,5,95,294
28.0,2,0,119,294
18.0,4,1,102,294
20.0,3,0,30,294
8.0,5,0,77,294
1.0,12,0,65,294
0.0,16,0,100,294
0.0,15,0,88,294
1.0,13,0,57,294
5.0,8,0,105,294
0.0,17,0,127,294
0.0,23,0,79,294
0.0,26,0,128,294
2.0,10,0,110,294
0.0,19,0,109,294
0.0,24,0,123,294
1.0,14,0,92,294
7.0,6,0,55,294
2.0,9,0,122,294
0.0,18,0,81,294
2.0,11,0,94,294
0.0,21,0,91,294
0.0,20,0,104,294
0.0,25,0,108,294
5.0,7,0,84,294
0.0,22,0,129,294
56.0,1,5,95,295
28.0,2,0,119,295
18.0,4,1,102,295
26.0,3,0,30,295
18.0,5,1,77,295
1.0,14,0,65,295
1.0,13,0,100,295
0.0,17,0,88,295
1.0,15,0,57,295
5.0,8,0,105,295
0.0,18,0,127,295
0.0,23,0,79,295
0.0,26,0,128,295
4.0,9,0,110,295
0.0,20,0,109,295
0.0,24,0,123,295
1.0,16,0,92,295
11.0,6,0,55,295
2.0,11,0,122,295
0.0,19,0,81,295
2.0,12,0,94,295
3.0,10,0,91,295
0.0,21,0,104,295
0.0,25,0,108,295
5.0,7,0,84,295
0.0,22,0,129,295
66.0,1,6,95,296
34.0,2,0,119,296
18.0,4,1,102,296
26.0,3,0,30,296
18.0,5,1,77,296
2.0,14,0,65,296
3.0,12,0,100,296
0.0,17,0,88,296
4.0,9,0,57,296
5.0,8,0,105,296
0.0,19,0,127,296
0.0,23,0,79,296
0.0,26,0,128,296
4.0,10,0,110,296
0.0,20,0,109,296
0.0,24,0,123,296
1.0,16,0,92,296
11.0,6,0,55,296
2.0,13,0,122,296
0.0,18,0,81,296
2.0,15,0,94,296
3.0,11,0,91,296
0.0,22,0,104,296
0.0,25,0,108,296
9.0,7,0,84,296
0.0,21,0,129,296
76.0,1,7,95,297
40.0,2,0,119,297
18.0,5,1,102,297
29.0,3,0,30,297
20.0,4,1,77,297
2.0,14,0,65,297
3.0,12,0,100,297
0.0,17,0,88,297
5.0,8,0,57,297
5.0,9,0,105,297
0.0,19,0,127,297
0.0,23,0,79,297
0.0,26,0,128,297
4.0,10,0,110,297
0.0,20,0,109,297
0.0,24,0,123,297
1.0,16,0,92,297
11.0,7,0,55,297
2.0,13,0,122,297
0.0,18,0,81,297
2.0,15,0,94,297
3.0,11,0,91,297
0.0,22,0,104,297
0.0,25,0,108,297
13.0,6,0,84,297
0.0,21,0,129,297
0.0,27,0,99,297
0.0,28,0,71,297
86.0,1,8,95,298
40.0,2,0,119,298
24.0,4,1,102,298
33.0,3,0,30,298
20.0,5,1,77,298
2.0,14,0,65,298
4.0,11,0,100,298
0.0,17,0,88,298
5.0,8,0,57,298
5.0,9,0,105,298
0.0,20,0,127,298
0.0,24,0,79,298
0.0,26,0,128,298
4.0,10,0,110,298
0.0,21,0,109,298
0.0,19,0,123,298
1.0,16,0,92,298
13.0,7,0,55,298
2.0,13,0,122,298
0.0,18,0,81,298
2.0,15,0,94,298
3.0,12,0,91,298
0.0,23,0,104,298
0.0,25,0,108,298
16.0,6,0,84,298
0.0,22,0,129,298
0.0,27,0,99,298
0.0,28,0,71,298
92.0,1,8,95,299
40.0,2,0,119,299
34.0,3,2,102,299
33.0,4,0,30,299
24.0,5,1,77,299
2.0,14,0,65,299
4.0,11,0,100,299
0.0,17,0,88,299
8.0,8,0,57,299
5.0,9,0,105,299
0.0,20,0,127,299
0.0,24,0,79,299
0.0,27,0,128,299
4.0,10,0,110,299
0.0,21,0,109,299
0.0,19,0,123,299
1.0,16,0,92,299
13.0,7,0,55,299
3.0,13,0,122,299
0.0,18,0,81,299
2.0,15,0,94,299
3.0,12,0,91,299
0.0,23,0,104,299
0.0,25,0,108,299
18.0,6,0,84,299
0.0,22,0,129,299
0.0,28,0,99,299
0.0,26,0,71,299
98.0,1,8,95,300
44.0,2,0,119,300
36.0,4,2,102,300
43.0,3,1,30,300
24.0,5,1,77,300
2.0,14,0,65,300
4.0,11,0,100,300
0.0,18,0,88,300
9.0,8,0,57,300
5.0,9,0,105,300
0.0,21,0,127,300
0.0,24,0,79,300
0.0,26,0,128,300
4.0,10,0,110,300
0.0,17,0,109,300
0.0,20,0,123,300
1.0,16,0,92,300
13.0,7,0,55,300
3.0,13,0,122,300
0.0,19,0,81,300
2.0,15,0,94,300
3.0,12,0,91,300
0.0,23,0,104,300
0.0,25,0,108,300
21.0,6,0,84,300
0.0,22,0,129,300
0.0,29,0,99,300
0.0,27,0,71,300
10.0,5,0,830,969
0.0,28,0,125,300
0.0,30,0,131,300
98.0,1,8,95,301
46.0,4,0,119,301
46.0,3,3,102,301
47.0,2,1,30,301
27.0,5,1,77,301
2.0,14,0,65,301
4.0,11,0,100,301
0.0,18,0,88,301
9.0,8,0,57,301
5.0,9,0,105,301
0.0,21,0,127,301
0.0,24,0,79,301
0.0,26,0,128,301
5.0,10,0,110,301
0.0,17,0,109,301
0.0,20,0,123,301
1.0,16,0,92,301
13.0,7,0,55,301
3.0,13,0,122,301
0.0,19,0,81,301
2.0,15,0,94,301
3.0,12,0,91,301
0.0,23,0,104,301
0.0,25,0,108,301
27.0,6,0,84,301
0.0,22,0,129,301
0.0,29,0,99,301
0.0,27,0,71,301
12.0,4,0,8,969
0.0,28,0,125,301
0.0,30,0,131,301
108.0,1,9,95,302
46.0,4,0,119,302
50.0,2,3,102,302
47.0,3,1,30,302
33.0,5,1,77,302
2.0,14,0,65,302
4.0,11,0,100,302
0.0,18,0,88,302
11.0,8,0,57,302
6.0,9,0,105,302
0.0,21,0,127,302
0.0,24,0,79,302
0.0,26,0,128,302
5.0,10,0,110,302
0.0,17,0,109,302
0.0,19,0,123,302
1.0,16,0,92,302
13.0,7,0,55,302
3.0,13,0,122,302
0.0,20,0,81,302
2.0,15,0,94,302
3.0,12,0,91,302
0.0,23,0,104,302
0.0,25,0,108,302
30.0,6,0,84,302
0.0,22,0,129,302
0.0,30,0,99,302
0.0,28,0,71,302
15.0,3,0,822,969
0.0,27,0,125,302
0.0,29,0,131,302
108.0,1,9,95,303
56.0,2,1,119,303
50.0,3,3,102,303
47.0,4,1,30,303
39.0,5,1,77,303
2.0,14,0,65,303
4.0,11,0,100,303
0.0,19,0,88,303
11.0,8,0,57,303
6.0,10,0,105,303
0.0,22,0,127,303
0.0,25,0,79,303
0.0,27,0,128,303
8.0,9,0,110,303
0.0,18,0,109,303
0.0,20,0,123,303
1.0,17,0,92,303
15.0,7,0,55,303
3.0,13,0,122,303
0.0,21,0,81,303
2.0,15,0,94,303
3.0,12,0,91,303
1.0,16,0,104,303
0.0,26,0,108,303
34.0,6,0,84,303
0.0,24,0,129,303
0.0,31,0,99,303
0.0,29,0,71,303
18.0,2,0,1,969
0.0,28,0,125,303
0.0,23,0,131,303
0.0,30,0,78,303
108.0,1,9,95,304
56.0,2,1,119,304
50.0,4,3,102,304
53.0,3,1,30,304
49.0,5,2,77,304
2.0,15,0,65,304
4.0,11,0,100,304
0.0,20,0,88,304
11.0,8,0,57,304
6.0,10,0,105,304
0.0,23,0,127,304
0.0,25,0,79,304
0.0,27,0,128,304
8.0,9,0,110,304
0.0,21,0,109,304
2.0,14,0,123,304
1.0,19,0,92,304
18.0,7,0,55,304
3.0,13,0,122,304
0.0,22,0,81,304
2.0,16,0,94,304
3.0,12,0,91,304
1.0,18,0,104,304
0.0,26,0,108,304
38.0,6,0,84,304
0.0,24,0,129,304
0.0,32,0,99,304
0.0,30,0,71,304
25.0,1,1,20,969
0.0,28,0,125,304
1.0,17,0,131,304
0.0,29,0,78,304
0.0,31,0,136,304
0.0,34,0,128,306
0.0,32,0,129,306
0.0,33,0,142,306
0.0,27,0,110,306
0.0,31,0,141,306
0.0,21,0,100,306
0.0,30,0,140,306
0.0,29,0,133,306
0.0,25,0,103,306
0.0,26,0,109,306
0.0,12,0,81,306
0.0,19,0,139,306
0.0,23,0,87,306
0.0,28,0,127,306
0.0,20,0,95,306
0.0,33,0,120,307
0.0,20,0,128,307
0.0,34,0,129,307
0.0,35,0,142,307
0.0,27,0,110,307
1.0,13,0,141,307
0.0,22,0,100,307
0.0,32,0,140,307
0.0,31,0,133,307
0.0,30,0,103,307
4.0,6,0,109,307
0.0,18,0,81,307
0.0,24,0,139,307
0.0,17,0,87,307
0.0,25,0,127,307
0.0,26,0,95,307
10.0,2,0,77,307
0.0,14,0,123,307
0.0,29,0,122,307
0.0,28,0,105,307
0.0,15,0,90,307
6.0,4,0,119,307
2.0,9,0,57,307
0.0,32,0,120,308
0.0,24,0,128,308
0.0,34,0,129,308
0.0,28,0,110,308
1.0,16,0,141,308
0.0,25,0,100,308
0.0,33,0,140,308
0.0,31,0,133,308
0.0,23,0,103,308
4.0,8,0,109,308
0.0,20,0,81,308
1.0,14,0,139,308
0.0,21,0,87,308
0.0,27,0,127,308
6.0,5,0,95,308
10.0,3,0,77,308
0.0,17,0,123,308
0.0,30,0,122,308
0.0,29,0,105,308
3.0,9,0,90,308
6.0,4,0,119,308
2.0,12,0,57,308
5.0,7,0,55,308
0.0,26,0,84,308
0.0,19,0,92,308
0.0,34,0,65,309
0.0,33,0,120,309
0.0,26,0,128,309
0.0,35,0,129,309
0.0,36,0,142,309
3.0,12,0,110,309
1.0,18,0,141,309
0.0,21,0,100,309
0.0,29,0,140,309
0.0,32,0,133,309
0.0,25,0,103,309
4.0,9,0,109,309
0.0,22,0,81,309
1.0,16,0,139,309
0.0,23,0,87,309
0.0,28,0,127,309
7.0,7,0,95,309
10.0,5,0,77,309
0.0,19,0,123,309
0.0,30,0,122,309
0.0,31,0,105,309
3.0,11,0,90,309
10.0,4,0,119,309
2.0,14,0,57,309
5.0,8,0,55,309
0.0,27,0,84,309
0.0,27,0,65,310
0.0,35,0,120,310
0.0,26,0,128,310
0.0,33,0,129,310
0.0,36,0,142,310
1.0,19,0,141,310
0.0,23,0,100,310
0.0,30,0,140,310
0.0,34,0,133,310
1.0,17,0,103,310
4.0,11,0,109,310
0.0,21,0,81,310
1.0,16,0,139,310
0.0,24,0,87,310
0.0,29,0,127,310
13.0,4,0,95,310
10.0,6,0,77,310
0.0,20,0,123,310
0.0,31,0,122,310
0.0,32,0,105,310
5.0,10,0,90,310
20.0,2,1,119,310
2.0,14,0,57,310
5.0,9,0,55,310
0.0,28,0,84,310
2.0,13,0,92,310
3.0,12,0,94,310
0.0,28,0,65,311
0.0,35,0,120,311
0.0,27,0,128,311
0.0,32,0,129,311
7.0,9,0,110,311
1.0,19,0,141,311
0.0,24,0,100,311
0.0,30,0,140,311
0.0,34,0,133,311
1.0,17,0,103,311
4.0,11,0,109,311
0.0,21,0,81,311
1.0,16,0,139,311
0.0,25,0,87,311
0.0,22,0,127,311
23.0,2,1,95,311
10.0,6,0,77,311
0.0,20,0,123,311
0.0,31,0,122,311
0.0,33,0,105,311
5.0,10,0,90,311
22.0,3,1,119,311
2.0,14,0,57,311
8.0,8,0,55,311
0.0,29,0,84,311
2.0,13,0,92,311
0.0,28,0,65,312
0.0,35,0,120,312
0.0,27,0,128,312
0.0,32,0,129,312
7.0,9,0,110,312
1.0,19,0,141,312
0.0,24,0,100,312
0.0,30,0,140,312
0.0,34,0,133,312
1.0,17,0,103,312
4.0,11,0,109,312
0.0,21,0,81,312
1.0,16,0,139,312
0.0,25,0,87,312
0.0,22,0,127,312
33.0,2,2,95,312
16.0,6,0,77,312
0.0,20,0,123,312
0.0,31,0,122,312
0.0,33,0,105,312
5.0,10,0,90,312
22.0,3,1,119,312
2.0,15,0,57,312
8.0,8,0,55,312
0.0,29,0,84,312
3.0,13,0,92,312
0.0,36,0,143,313
0.0,28,0,65,313
0.0,35,0,120,313
0.0,27,0,128,313
0.0,37,0,142,313
9.0,9,0,110,313
1.0,19,0,141,313
0.0,24,0,100,313
0.0,30,0,140,313
0.0,34,0,133,313
1.0,17,0,103,313
4.0,11,0,109,313
0.0,21,0,81,313
1.0,16,0,139,313
0.0,25,0,87,313
0.0,22,0,127,313
43.0,2,3,95,313
19.0,5,0,77,313
0.0,20,0,123,313
0.0,31,0,122,313
0.0,33,0,105,313
5.0,10,0,90,313
28.0,3,1,119,313
2.0,15,0,57,313
12.0,7,0,55,313
0.0,29,0,84,313
0.0,36,0,143,314
0.0,29,0,65,314
0.0,35,0,120,314
0.0,28,0,128,314
0.0,32,0,129,314
9.0,9,0,110,314
1.0,20,0,141,314
0.0,25,0,100,314
0.0,31,0,140,314
0.0,34,0,133,314
4.0,11,0,109,314
0.0,22,0,81,314
1.0,16,0,139,314
0.0,26,0,87,314
0.0,23,0,127,314
49.0,2,3,95,314
22.0,4,0,77,314
0.0,21,0,123,314
1.0,18,0,122,314
0.0,33,0,105,314
5.0,10,0,90,314
32.0,3,1,119,314
2.0,15,0,57,314
14.0,7,0,55,314
0.0,30,0,84,314
4.0,12,0,92,314
0.0,34,0,30,315
0.0,37,0,143,315
0.0,24,0,65,315
0.0,36,0,120,315
0.0,30,0,128,315
0.0,38,0,142,315
1.0,21,0,141,315
0.0,27,0,100,315
0.0,32,0,140,315
0.0,35,0,133,315
1.0,18,0,103,315
4.0,11,0,109,315
1.0,16,0,139,315
1.0,17,0,87,315
0.0,25,0,127,315
49.0,2,3,95,315
28.0,4,0,77,315
0.0,22,0,123,315
1.0,19,0,122,315
0.0,33,0,105,315
8.0,10,0,90,315
34.0,3,1,119,315
2.0,15,0,57,315
14.0,7,0,55,315
0.0,29,0,84,315
4.0,12,0,92,315
3.0,13,0,94,315
0.0,28,0,99,315
2.0,16,0,30,316
0.0,37,0,143,316
0.0,25,0,65,316
0.0,36,0,120,316
0.0,31,0,128,316
0.0,38,0,142,316
9.0,9,0,110,316
1.0,22,0,141,316
0.0,28,0,100,316
0.0,33,0,140,316
0.0,35,0,133,316
1.0,20,0,103,316
4.0,11,0,109,316
1.0,17,0,139,316
1.0,18,0,87,316
0.0,26,0,127,316
59.0,2,4,95,316
31.0,4,0,77,316
0.0,23,0,123,316
1.0,19,0,122,316
0.0,34,0,105,316
8.0,10,0,90,316
34.0,3,1,119,316
2.0,15,0,57,316
14.0,7,0,55,316
0.0,30,0,84,316
4.0,12,0,92,316
3.0,13,0,94,316
0.0,29,0,99,316
3.0,14,0,30,317
0.0,37,0,143,317
0.0,26,0,65,317
0.0,36,0,120,317
0.0,31,0,128,317
0.0,32,0,129,317
0.0,38,0,142,317
1.0,22,0,141,317
0.0,28,0,100,317
0.0,34,0,140,317
0.0,35,0,133,317
1.0,20,0,103,317
4.0,12,0,109,317
0.0,25,0,81,317
1.0,18,0,87,317
0.0,24,0,127,317
59.0,2,4,95,317
31.0,4,0,77,317
0.0,23,0,123,317
1.0,19,0,122,317
0.0,33,0,105,317
8.0,10,0,90,317
44.0,3,2,119,317
2.0,16,0,57,317
18.0,7,0,55,317
0.0,30,0,84,317
4.0,13,0,92,317
6.0,11,0,94,317
0.0,29,0,99,317
0.0,27,0,78,317
0.0,32,0,70,318
4.0,14,0,30,318
0.0,38,0,143,318
0.0,26,0,65,318
0.0,37,0,120,318
0.0,31,0,128,318
0.0,39,0,142,318
9.0,9,0,110,318
1.0,22,0,141,318
0.0,28,0,100,318
0.0,35,0,140,318
0.0,36,0,133,318
1.0,20,0,103,318
4.0,12,0,109,318
1.0,17,0,139,318
1.0,18,0,87,318
0.0,23,0,127,318
69.0,2,5,95,318
31.0,5,0,77,318
0.0,24,0,123,318
1.0,19,0,122,318
0.0,34,0,105,318
8.0,10,0,90,318
48.0,3,2,119,318
2.0,16,0,57,318
21.0,7,0,55,318
0.0,30,0,84,318
4.0,13,0,92,318
6.0,11,0,94,318
0.0,29,0,99,318
0.0,41,0,144,319
0.0,37,0,91,319
0.0,31,0,70,319
4.0,14,0,30,319
0.0,39,0,143,319
0.0,27,0,65,319
0.0,38,0,120,319
0.0,33,0,129,319
0.0,40,0,142,319
9.0,9,0,110,319
1.0,23,0,141,319
0.0,29,0,100,319
0.0,36,0,140,319
1.0,21,0,103,319
4.0,12,0,109,319
1.0,18,0,139,319
1.0,19,0,87,319
0.0,24,0,127,319
69.0,2,5,95,319
41.0,4,1,77,319
0.0,25,0,123,319
1.0,20,0,122,319
0.0,35,0,105,319
8.0,10,0,90,319
52.0,3,2,119,319
2.0,16,0,57,319
21.0,7,0,55,319
2.0,17,0,84,319
4.0,13,0,92,319
6.0,11,0,94,319
0.0,30,0,99,319
0.0,40,0,144,320
0.0,36,0,91,320
0.0,31,0,70,320
4.0,14,0,30,320
0.0,39,0,143,320
0.0,27,0,65,320
0.0,38,0,120,320
0.0,32,0,128,320
0.0,34,0,129,320
0.0,41,0,142,320
1.0,23,0,141,320
0.0,29,0,100,320
0.0,37,0,140,320
0.0,33,0,133,320
1.0,21,0,103,320
4.0,12,0,109,320
1.0,18,0,139,320
1.0,19,0,87,320
0.0,25,0,127,320
72.0,2,5,95,320
43.0,4,1,77,320
0.0,26,0,123,320
1.0,20,0,122,320
0.0,35,0,105,320
8.0,10,0,90,320
53.0,3,2,119,320
2.0,16,0,57,320
21.0,7,0,55,320
2.0,17,0,84,320
4.0,13,0,92,320
6.0,11,0,94,320
0.0,30,0,99,320
0.0,28,0,78,320
2.0,8,0,131,322
0.0,19,0,81,322
0.0,14,0,105,322
0.0,10,0,94,322
0.0,11,0,103,322
0.0,22,0,133,322
0.0,16,0,112,322
0.0,38,0,152,323
0.0,34,0,101,323
0.0,32,0,139,323
12.0,2,1,117,323
0.0,25,0,129,323
13.0,1,1,102,323
0.0,26,0,133,323
0.0,16,0,112,323
0.0,36,0,92,323
0.0,39,0,150,323
0.0,37,0,149,323
0.0,30,0,114,323
0.0,35,0,99,323
0.0,20,0,109,323
0.0,24,0,81,323
0.0,33,0,140,323
0.0,15,0,151,323
0.0,24,0,90,324
0.0,25,0,127,324
0.0,21,0,147,324
0.0,29,0,88,324
3.0,9,0,95,324
16.0,2,0,77,324
0.0,16,0,148,324
0.0,28,0,129,324
0.0,27,0,110,324
12.0,4,1,117,324
0.0,31,0,122,324
0.0,15,0,118,324
0.0,19,0,78,324
0.0,17,0,151,324
0.0,34,0,140,324
0.0,38,0,152,324
0.0,30,0,101,324
0.0,33,0,139,324
13.0,4,0,55,325
9.0,7,0,123,325
0.0,27,0,90,325
0.0,28,0,127,325
0.0,22,0,147,325
0.0,38,0,152,325
0.0,31,0,101,325
0.0,33,0,139,325
2.0,11,0,133,325
0.0,18,0,112,325
0.0,36,0,92,325
0.0,39,0,150,325
0.0,37,0,149,325
0.0,32,0,114,325
0.0,35,0,99,325
0.0,23,0,109,325
0.0,29,0,81,325
0.0,34,0,140,325
0.0,17,0,151,325
0.0,19,0,78,325
1.0,12,0,118,325
0.0,20,0,122,325
0.0,38,0,152,326
0.0,33,0,139,326
0.0,31,0,101,326
7.0,9,0,145,326
1.0,13,0,103,326
2.0,11,0,133,326
0.0,18,0,112,326
0.0,36,0,92,326
0.0,39,0,150,326
0.0,37,0,149,326
0.0,32,0,114,326
0.0,35,0,99,326
0.0,23,0,109,326
0.0,30,0,81,326
0.0,34,0,140,326
0.0,17,0,151,326
0.0,19,0,78,326
1.0,12,0,118,326
0.0,21,0,122,326
23.0,2,2,117,326
0.0,27,0,110,326
0.0,26,0,129,326
0.0,16,0,148,326
23.0,3,0,77,326
13.0,5,0,95,326
0.0,24,0,88,326
0.0,22,0,147,326
0.0,38,0,152,327
0.0,31,0,101,327
0.0,33,0,139,327
2.0,12,0,133,327
0.0,20,0,112,327
0.0,36,0,92,327
0.0,39,0,150,327
0.0,37,0,149,327
0.0,32,0,114,327
0.0,35,0,99,327
0.0,24,0,109,327
0.0,30,0,81,327
0.0,34,0,140,327
0.0,19,0,151,327
0.0,22,0,78,327
1.0,13,0,118,327
32.0,2,3,117,327
0.0,27,0,110,327
0.0,18,0,148,327
25.0,3,0,77,327
13.0,6,0,95,327
0.0,17,0,88,327
0.0,23,0,147,327
0.0,29,0,127,327
0.0,28,0,90,327
7.0,9,0,145,327
0.0,38,0,152,328
41.0,1,4,117,328
10.0,8,1,119,328
0.0,32,0,101,328
0.0,24,0,139,328
0.0,20,0,112,328
0.0,36,0,92,328
0.0,39,0,150,328
0.0,37,0,149,328
0.0,33,0,114,328
0.0,34,0,99,328
0.0,25,0,109,328
0.0,31,0,81,328
0.0,35,0,140,328
0.0,19,0,151,328
0.0,21,0,78,328
1.0,14,0,118,328
6.0,10,0,122,328
0.0,28,0,110,328
0.0,27,0,129,328
0.0,18,0,148,328
25.0,3,0,77,328
13.0,7,0,95,328
1.0,15,0,88,328
0.0,23,0,147,328
0.0,30,0,127,328
0.0,26,0,146,328
0.0,38,0,152,329
44.0,2,4,117,329
12.0,9,1,119,329
0.0,32,0,101,329
0.0,24,0,139,329
0.0,20,0,112,329
0.0,36,0,92,329
0.0,39,0,150,329
0.0,37,0,149,329
0.0,33,0,114,329
0.0,34,0,99,329
0.0,25,0,109,329
0.0,31,0,81,329
0.0,35,0,140,329
0.0,19,0,151,329
0.0,21,0,78,329
1.0,14,0,118,329
6.0,10,0,122,329
0.0,28,0,110,329
0.0,27,0,129,329
0.0,18,0,148,329
29.0,3,0,77,329
13.0,8,0,95,329
1.0,15,0,88,329
0.0,23,0,147,329
0.0,30,0,127,329
0.0,26,0,146,329
29.0,3,0,77,330
3.0,12,0,118,330
0.0,38,0,152,330
0.0,33,0,101,330
0.0,24,0,139,330
2.0,13,0,133,330
0.0,21,0,112,330
0.0,36,0,92,330
0.0,39,0,150,330
0.0,37,0,149,330
0.0,34,0,114,330
0.0,30,0,99,330
0.0,26,0,109,330
0.0,32,0,81,330
0.0,35,0,140,330
0.0,17,0,151,330
0.0,22,0,78,330
27.0,4,1,123,330
6.0,10,0,122,330
44.0,2,4,117,330
0.0,29,0,110,330
0.0,28,0,129,330
0.0,19,0,148,330
13.0,9,0,95,330
1.0,15,0,88,330
0.0,25,0,147,330
0.0,20,0,127,330
0.0,27,0,146,330
0.0,38,0,152,331
30.0,5,1,123,334
33.0,3,0,77,331
0.0,20,0,148,331
0.0,28,0,129,331
0.0,33,0,101,331
0.0,24,0,139,331
2.0,13,0,133,331
0.0,21,0,112,331
0.0,36,0,92,331
0.0,39,0,150,331
0.0,37,0,149,331
0.0,34,0,114,331
0.0,30,0,99,331
0.0,26,0,109,331
0.0,32,0,81,331
0.0,35,0,140,331
0.0,18,0,151,331
27.0,4,1,123,331
0.0,22,0,78,331
3.0,12,0,118,331
6.0,10,0,122,331
50.0,2,4,117,331
0.0,29,0,110,331
13.0,9,0,95,331
1.0,15,0,88,331
0.0,25,0,147,331
1.0,17,0,127,331
0.0,27,0,146,331
0.0,38,0,152,332
0.0,22,0,105,333
37.0,3,0,77,332
0.0,20,0,148,332
0.0,29,0,129,332
0.0,33,0,101,332
0.0,24,0,139,332
2.0,13,0,133,332
0.0,21,0,112,332
0.0,36,0,92,332
0.0,39,0,150,332
0.0,37,0,149,332
0.0,34,0,114,332
0.0,30,0,99,332
0.0,27,0,109,332
0.0,32,0,81,332
0.0,35,0,140,332
0.0,18,0,151,332
27.0,4,1,123,332
0.0,22,0,78,332
3.0,12,0,118,332
6.0,10,0,122,332
56.0,2,4,117,332
0.0,25,0,110,332
16.0,8,0,95,332
1.0,16,0,88,332
0.0,26,0,147,332
1.0,17,0,127,332
0.0,28,0,146,332
0.0,38,0,152,333
25.0,6,1,95,333
40.0,3,0,77,333
0.0,20,0,148,333
0.0,33,0,101,333
0.0,24,0,139,333
2.0,13,0,133,333
0.0,21,0,112,333
0.0,36,0,92,333
0.0,39,0,150,333
0.0,37,0,149,333
0.0,34,0,114,333
0.0,30,0,99,333
0.0,27,0,109,333
0.0,32,0,81,333
0.0,35,0,140,333
0.0,18,0,151,333
0.0,23,0,78,333
3.0,12,0,118,333
6.0,10,0,122,333
60.0,2,4,117,333
0.0,25,0,110,333
0.0,29,0,129,333
1.0,16,0,88,333
0.0,26,0,147,333
1.0,17,0,127,333
0.0,31,0,90,333
0.0,28,0,146,333
40.0,3,0,77,334
0.0,30,0,129,334
0.0,26,0,110,334
69.0,2,5,117,334
0.0,38,0,152,334
0.0,34,0,101,334
0.0,25,0,139,334
2.0,13,0,133,334
0.0,22,0,112,334
0.0,36,0,92,334
0.0,39,0,150,334
0.0,37,0,149,334
0.0,24,0,114,334
0.0,31,0,99,334
0.0,28,0,109,334
0.0,33,0,81,334
0.0,35,0,140,334
0.0,18,0,151,334
0.0,20,0,78,334
3.0,12,0,118,334
6.0,10,0,122,334
0.0,21,0,148,334
31.0,4,1,95,334
2.0,15,0,88,334
0.0,27,0,147,334
1.0,17,0,127,334
0.0,29,0,146,334
0.0,35,0,65,335
0.0,39,0,152,335
31.0,6,1,95,335
40.0,3,0,77,335
0.0,22,0,148,335
0.0,34,0,101,335
0.0,26,0,139,335
2.0,16,0,133,335
0.0,23,0,112,335
0.0,37,0,92,335
0.0,40,0,150,335
0.0,38,0,149,335
0.0,25,0,114,335
0.0,32,0,99,335
0.0,29,0,109,335
0.0,33,0,81,335
0.0,36,0,140,335
0.0,20,0,151,335
0.0,19,0,78,335
3.0,14,0,118,335
6.0,10,0,122,335
69.0,2,5,117,335
0.0,27,0,110,335
0.0,31,0,129,335
6.0,12,0,88,335
1.0,18,0,127,335
6.0,11,0,90,335
0.0,30,0,146,335
32.0,5,1,123,335
0.0,35,0,65,336
0.0,39,0,152,336
6.0,12,0,88,336
37.0,5,1,95,336
43.0,4,0,77,336
0.0,22,0,148,336
0.0,31,0,129,336
0.0,27,0,110,336
0.0,34,0,101,336
0.0,26,0,139,336
2.0,16,0,133,336
0.0,23,0,112,336
0.0,37,0,92,336
0.0,40,0,150,336
0.0,38,0,149,336
0.0,25,0,114,336
0.0,32,0,99,336
0.0,29,0,109,336
0.0,33,0,81,336
0.0,36,0,140,336
0.0,20,0,151,336
0.0,19,0,78,336
3.0,14,0,118,336
6.0,10,0,122,336
71.0,2,5,117,336
0.0,28,0,147,336
1.0,18,0,127,336
6.0,11,0,90,336
0.0,30,0,146,336
21.0,8,0,145,336
0.0,15,0,8,1
0.0,14,0,9,1
0.0,13,0,20,1
0.0,12,0,17,1
0.0,11,0,21,1
0.0,10,0,2,1
0.0,9,0,16,1
1.0,8,0,7,1
2.0,7,0,67,1
3.0,6,0,3,1
4.0,5,0,4,1
5.0,4,0,10,1
6.0,3,0,15,1
8.0,2,0,22,1
10.0,1,1,18,1
0.0,20,0,5,2
0.0,15,0,6,2
0.0,17,0,12,2
0.0,13,0,13,2
0.0,18,0,8,2
0.0,19,0,9,2
0.0,16,0,20,2
1.5,9,0,17,2
0.0,14,0,21,2
4.0,5,0,2,2
0.0,12,0,16,2
1.0,11,0,7,2
2.0,8,0,67,2
3.5,7,0,3,2
4.0,6,0,4,2
8.0,4,0,10,2
8.5,3,0,15,2
10.0,2,0,22,2
15.0,1,2,18,2
10.0,1,1,8,36
8.0,2,0,4,36
6.0,3,0,1,36
5.0,4,0,2,36
2.0,8,0,3,37
16.0,2,1,8,37
18.0,1,1,4,37
14.0,3,0,1,37
10.0,4,0,2,37
7.0,5,0,21,37
27.0,3,2,13,39
22.0,4,1,8,39
28.0,2,1,4,39
30.0,1,0,1,39
15.0,5,0,2,39
33.0,3,2,13,40
23.0,4,1,8,40
38.0,1,2,4,40
38.0,2,0,1,40
18.0,5,0,2,40
13.0,6,0,21,41
48.0,1,1,1,41
27.0,4,1,8,41
4.0,13,0,15,41
0.0,15,0,17,41
0.0,17,0,22,41
13.0,6,0,21,42
58.0,1,2,1,42
32.0,4,1,8,42
2.0,14,0,17,42
7.0,10,0,15,42
0.0,18,0,22,42
16.0,7,0,21,43
64.0,1,2,1,43
42.0,4,2,8,43
7.0,10,0,15,43
0.0,19,0,22,43
33.0,5,0,2,44
70.0,1,2,1,44
52.0,3,3,8,44
51.0,4,2,13,44
7.0,10,0,15,44
0.0,18,0,22,44
5.0,13,0,3,45
17.0,7,0,21,45
52.0,4,3,8,45
68.0,2,3,4,45
70.0,1,2,1,45
80.0,1,3,1,46
60.0,3,3,8,46
59.0,4,2,13,46
0.0,18,0,22,46
84.0,1,3,1,47
68.0,4,3,8,47
5.0,14,0,23,47
7.0,13,0,15,47
92.0,1,3,1,48
74.0,3,3,8,48
12.0,10,0,3,48
5.0,14,0,23,48
97.0,1,3,1,49
84.0,3,4,8,49
15.0,9,0,3,49
5.0,14,0,23,49
107.0,1,4,1,50
90.0,3,4,8,50
15.0,9,0,3,50
5.0,14,0,23,50
107.0,1,4,1,51
100.0,3,5,8,51
15.0,9,0,3,51
21.0,8,0,21,52
109.0,2,4,1,52
0.0,33,0,150,321
0.0,31,0,114,321
0.0,29,0,109,321
0.0,25,0,78,321
0.0,23,0,122,321
0.0,21,0,110,321
0.0,19,0,148,321
0.0,17,0,95,321
0.0,15,0,147,321
0.0,13,0,90,321
0.0,11,0,145,321
0.0,7,0,94,321
0.0,8,0,103,321
0.0,9,0,119,321
0.0,34,0,92,321
0.0,32,0,149,321
0.0,30,0,99,321
0.0,28,0,81,321
0.0,26,0,151,321
0.0,24,0,118,321
0.0,22,0,117,321
0.0,20,0,129,321
0.0,18,0,77,321
0.0,16,0,88,321
0.0,14,0,127,321
0.0,12,0,146,321
0.0,10,0,105,321
0.0,35,0,92,322
0.0,34,0,149,322
0.0,26,0,114,322
0.0,32,0,109,322
0.0,31,0,140,322
0.0,24,0,151,322
0.0,27,0,118,322
0.0,30,0,122,322
9.0,2,1,117,322
6.0,4,0,77,322
0.0,25,0,148,322
0.0,28,0,129,322
0.0,23,0,88,322
3.0,7,0,95,322
0.0,21,0,147,322
0.0,20,0,127,322
0.0,18,0,90,322
0.0,17,0,146,322
0.0,13,0,145,322
0.0,12,0,119,322
1.0,9,0,138,322
4.0,6,0,137,322
0.0,17,0,78,323
0.0,13,0,118,323
0.0,31,0,122,323
0.0,29,0,110,323
0.0,27,0,148,323
12.0,3,0,77,323
3.0,9,0,95,323
0.0,28,0,88,323
0.0,19,0,147,323
0.0,23,0,127,323
0.0,18,0,105,323
9.0,4,1,119,323
0.0,14,0,103,323
0.0,12,0,94,323
1.0,11,0,138,323
2.0,10,0,131,323
6.0,7,0,137,323
2.0,10,0,133,324
0.0,36,0,92,324
0.0,39,0,150,324
0.0,37,0,149,324
0.0,32,0,114,324
0.0,22,0,109,324
0.0,26,0,81,324
0.0,23,0,146,324
0.0,20,0,105,324
9.0,5,1,119,324
1.0,12,0,103,324
0.0,14,0,94,324
1.0,13,0,138,324
2.0,11,0,131,324
6.0,7,0,137,324
9.0,6,0,123,324
14.0,3,1,117,325
0.0,30,0,110,325
0.0,16,0,148,325
7.0,8,0,95,325
0.0,24,0,88,325
0.0,21,0,105,325
4.0,9,0,145,325
0.0,25,0,146,325
9.0,6,1,119,325
1.0,13,0,103,325
0.0,15,0,94,325
1.0,14,0,138,325
0.0,29,0,127,326
0.0,28,0,90,326
0.0,25,0,146,326
13.0,4,0,55,326
0.0,20,0,105,326
9.0,8,1,119,326
0.0,15,0,94,326
1.0,14,0,138,326
2.0,10,0,131,326
0.0,25,0,146,327
2.0,11,0,131,327
1.0,15,0,138,327
0.0,16,0,94,327
1.0,14,0,103,327
35.0,1,3,102,327
13.0,5,0,55,327
11.0,7,0,123,327
0.0,29,0,90,328
7.0,9,0,145,328
0.0,22,0,105,328
4.0,11,0,103,328
0.0,17,0,94,328
1.0,16,0,138,328
2.0,13,0,131,328
18.0,4,0,137,328
17.0,5,0,123,328
0.0,29,0,90,329
13.0,7,0,145,329
0.0,22,0,105,329
4.0,11,0,103,329
0.0,17,0,94,329
1.0,16,0,138,329
2.0,13,0,131,329
18.0,5,0,137,329
18.0,4,0,123,329
0.0,31,0,90,330
13.0,8,0,145,330
0.0,23,0,105,330
15.0,6,1,119,330
5.0,11,0,103,330
0.0,18,0,94,330
1.0,16,0,138,330
2.0,14,0,131,330
0.0,31,0,90,331
16.0,6,0,145,331
0.0,23,0,105,331
15.0,7,1,119,331
5.0,11,0,103,331
0.0,19,0,94,331
1.0,16,0,138,331
2.0,14,0,131,331
0.0,31,0,90,332
16.0,7,0,145,332
0.0,23,0,105,332
17.0,6,1,119,332
5.0,11,0,103,332
0.0,19,0,94,332
2.0,15,0,138,332
2.0,14,0,131,332
17.0,8,0,145,333
78.0,1,6,102,333
17.0,7,1,119,333
0.0,19,0,94,333
2.0,15,0,138,333
2.0,14,0,131,333
26.0,5,0,137,333
27.0,4,1,123,333
0.0,32,0,90,334
21.0,7,0,145,334
0.0,23,0,105,334
19.0,8,1,119,334
5.0,11,0,103,334
0.0,19,0,94,334
2.0,16,0,138,334
2.0,14,0,131,334
78.0,1,6,102,335
21.0,8,0,145,335
22.0,7,1,119,335
5.0,13,0,103,335
0.0,21,0,94,335
3.0,15,0,138,335
78.0,1,6,102,336
0.0,24,0,105,336
5.0,13,0,103,336
0.0,21,0,94,336
3.0,15,0,138,336
2.0,17,0,131,336
43.0,3,2,137,336
0.0,27,0,140,321
1.0,6,0,138,321
2.0,5,0,131,321
3.0,4,0,137,321
4.0,3,0,123,321
6.0,2,0,55,321
9.0,1,1,102,321
6.0,5,0,123,322
6.0,3,0,55,322
13.0,1,1,102,322
6.0,6,0,123,323
7.0,5,0,55,323
4.0,8,0,145,324
22.0,1,2,102,324
13.0,3,0,55,324
12.0,5,0,137,325
31.0,1,3,102,325
13.0,6,0,137,326
11.0,7,0,123,326
31.0,1,3,102,326
0.0,21,0,105,327
10.0,8,1,119,327
16.0,4,0,137,327
39.0,2,3,102,328
48.0,1,4,102,329
22.0,5,0,137,330
13.0,7,0,55,330
54.0,1,4,102,330
24.0,5,0,137,331
13.0,8,0,55,331
63.0,1,5,102,331
24.0,5,0,137,332
13.0,9,0,55,332
72.0,1,6,102,332
5.0,11,0,103,333
13.0,9,0,55,333
26.0,6,0,137,334
13.0,9,0,55,334
78.0,1,6,102,334
2.0,17,0,131,335
35.0,4,1,137,335
13.0,9,0,55,335
34.0,6,1,123,336
13.0,9,0,55,336
0.0,36,0,150,322
0.0,33,0,99,322
0.0,15,0,78,322
0.0,29,0,110,322
4.0,8,0,145,323
0.0,21,0,146,323
0.0,22,0,90,323
0.0,18,0,112,324
0.0,35,0,99,324
0.0,26,0,129,325
19.0,2,0,77,325
2.0,10,0,131,325
0.0,26,0,129,327
6.0,10,0,122,327
2.0,12,0,133,328
13.0,6,0,55,328
2.0,12,0,133,329
13.0,6,0,55,329
0.0,28,0,147,335
0.0,24,0,105,335
23.0,7,1,119,336
0.0,34,0,128,305
0.0,32,0,142,305
0.0,30,0,141,305
0.0,28,0,140,305
0.0,26,0,103,305
0.0,24,0,81,305
0.0,22,0,87,305
0.0,20,0,95,305
0.0,18,0,123,305
0.0,16,0,105,305
0.0,14,0,119,305
0.0,12,0,55,305
0.0,10,0,92,305
0.0,8,0,99,305
0.0,33,0,129,305
0.0,31,0,110,305
0.0,29,0,100,305
0.0,27,0,133,305
0.0,25,0,109,305
0.0,23,0,139,305
0.0,21,0,127,305
0.0,19,0,77,305
0.0,17,0,122,305
0.0,15,0,90,305
0.0,13,0,57,305
0.0,11,0,84,305
0.0,9,0,94,305
0.0,7,0,78,305
1.0,6,0,88,305
2.0,5,0,138,305
3.0,4,0,131,305
4.0,3,0,137,305
6.0,2,0,117,305
10.0,1,1,102,305
4.0,5,0,77,306
0.0,17,0,123,306
0.0,24,0,122,306
0.0,22,0,105,306
0.0,10,0,90,306
6.0,3,0,119,306
0.0,14,0,57,306
0.0,18,0,84,306
0.0,15,0,94,306
0.0,11,0,78,306
1.0,9,0,88,306
2.0,7,0,138,306
6.0,4,0,137,306
1.0,8,0,55,306
3.0,6,0,131,306
0.0,16,0,92,306
0.0,13,0,99,306
9.0,2,0,117,306
20.0,1,2,102,306
1.0,11,0,55,307
0.0,23,0,84,307
0.0,19,0,99,307
0.0,16,0,78,307
1.0,12,0,88,307
2.0,10,0,138,307
3.0,8,0,131,307
9.0,3,0,117,307
6.0,5,0,137,307
0.0,21,0,92,307
3.0,7,0,94,307
30.0,1,3,102,307
3.0,10,0,94,308
0.0,22,0,99,308
2.0,13,0,138,308
3.0,11,0,131,308
11.0,2,0,117,308
0.0,35,0,142,308
0.0,18,0,78,308
6.0,6,0,137,308
1.0,15,0,88,308
40.0,1,4,102,308
2.0,13,0,92,309
3.0,10,0,94,309
0.0,20,0,78,309
2.0,15,0,138,309
11.0,3,0,117,309
1.0,17,0,88,309
0.0,24,0,99,309
9.0,6,0,131,309
16.0,2,1,137,309
40.0,1,4,102,309
0.0,25,0,99,310
1.0,18,0,88,310
2.0,15,0,138,310
9.0,7,0,131,310
11.0,5,0,117,310
6.0,8,0,110,310
0.0,22,0,78,310
44.0,1,4,102,310
16.0,3,1,137,310
3.0,12,0,94,311
0.0,23,0,78,311
1.0,18,0,88,311
2.0,15,0,138,311
9.0,7,0,131,311
17.0,4,0,117,311
0.0,36,0,142,311
0.0,26,0,99,311
48.0,1,4,102,311
16.0,5,1,137,311
3.0,12,0,94,312
0.0,23,0,78,312
1.0,18,0,88,312
2.0,14,0,138,312
9.0,7,0,131,312
21.0,4,0,117,312
0.0,36,0,142,312
0.0,26,0,99,312
51.0,1,4,102,312
18.0,5,1,137,312
3.0,13,0,94,313
0.0,23,0,78,313
1.0,18,0,88,313
2.0,14,0,138,313
9.0,8,0,131,313
21.0,4,0,117,313
0.0,26,0,99,313
0.0,32,0,129,313
4.0,12,0,92,313
18.0,6,1,137,313
51.0,1,4,102,313
3.0,13,0,94,314
0.0,24,0,78,314
1.0,19,0,88,314
2.0,14,0,138,314
9.0,8,0,131,314
21.0,5,0,117,314
0.0,27,0,99,314
0.0,37,0,142,314
1.0,17,0,103,314
18.0,6,1,137,314
61.0,1,5,102,314
0.0,26,0,78,315
1.0,20,0,88,315
2.0,14,0,138,315
9.0,8,0,131,315
21.0,6,0,117,315
0.0,31,0,129,315
9.0,9,0,110,315
0.0,23,0,81,315
71.0,1,6,102,315
22.0,5,1,137,315
0.0,27,0,78,316
1.0,21,0,88,316
2.0,14,0,138,316
25.0,5,0,117,316
0.0,32,0,129,316
77.0,1,6,102,316
0.0,24,0,81,316
9.0,8,0,131,316
23.0,6,1,137,316
1.0,21,0,88,317
2.0,15,0,138,317
25.0,6,0,117,317
9.0,9,0,110,317
83.0,1,6,102,317
1.0,17,0,139,317
9.0,8,0,131,317
25.0,5,1,137,317
0.0,27,0,78,318
9.0,8,0,131,318
31.0,4,0,117,318
0.0,33,0,129,318
25.0,6,1,137,318
0.0,25,0,81,318
1.0,21,0,88,318
85.0,1,6,102,318
2.0,15,0,138,318
0.0,28,0,78,319
1.0,22,0,88,319
2.0,15,0,138,319
10.0,8,0,131,319
25.0,6,1,137,319
0.0,34,0,133,319
0.0,32,0,128,319
0.0,26,0,81,319
34.0,5,0,117,319
91.0,1,6,102,319
1.0,22,0,88,320
2.0,15,0,138,320
10.0,8,0,131,320
26.5,6,1,137,320
0.5,24,0,81,320
9.0,9,0,110,320
34.0,5,0,117,320
96.0,1,7,102,320
1.0,10,0,1,2
10.0,4,0,10,3
4.0,9,0,5,3
4.0,10,0,1,3
0.0,18,0,6,3
0.0,20,0,12,3
0.0,15,0,13,3
0.0,16,0,8,3
0.0,19,0,9,3
10.0,3,1,20,3
3.0,12,0,67,3
1.0,13,0,7,3
0.0,14,0,16,3
4.0,7,0,2,3
0.0,17,0,21,3
9.5,5,0,17,3
3.5,11,0,3,3
4.0,8,0,4,3
8.5,6,0,15,3
21.0,1,2,18,3
15.0,2,0,22,3
4.0,10,0,5,4
0.0,19,0,6,4
0.0,17,0,12,4
0.0,15,0,13,4
3.0,12,0,8,4
0.0,20,0,9,4
18.0,3,1,20,4
0.0,18,0,21,4
4.0,9,0,2,4
0.0,16,0,16,4
1.0,14,0,7,4
3.0,13,0,67,4
3.5,11,0,3,4
12.0,5,0,10,4
19.0,2,0,22,4
9.0,7,0,1,4
9.5,6,0,17,4
31.0,1,3,18,4
14.5,4,0,15,4
5.0,8,0,4,4
41.0,1,4,18,5
27.0,2,0,22,5
14.5,5,0,15,5
12.0,6,0,10,5
9.0,8,0,4,5
4.5,10,0,3,5
3.0,14,0,67,5
1.0,15,0,7,5
0.0,16,0,16,5
6.0,9,0,2,5
0.0,19,0,21,5
15.5,4,0,17,5
23.0,3,1,20,5
0.0,18,0,9,5
3.0,13,0,8,5
3.0,12,0,13,5
0.0,17,0,12,5
0.0,20,0,6,5
4.0,11,0,5,5
9.0,7,0,1,5
8.0,10,0,13,6
0.0,18,0,12,6
9.0,9,0,1,6
51.0,1,5,18,6
4.0,13,0,5,6
0.0,20,0,6,6
9.0,8,0,8,6
0.0,19,0,9,6
23.0,3,1,20,6
19.5,4,0,17,6
0.0,16,0,21,6
6.0,12,0,2,6
0.0,17,0,16,6
2.0,15,0,7,6
7.5,11,0,3,6
3.0,14,0,67,6
11.0,7,0,4,6
12.0,6,0,10,6
14.5,5,0,15,6
35.0,2,0,22,6
9.0,11,0,1,7
4.0,13,0,5,7
0.0,20,0,6,7
0.0,19,0,12,7
9.0,10,0,8,7
2.0,15,0,9,7
27.5,4,0,17,7
6.0,12,0,2,7
2.0,16,0,7,7
13.0,6,0,10,7
35.0,2,0,22,7
29.0,3,1,20,7
3.0,14,0,67,7
0.0,18,0,16,7
61.0,1,6,18,7
19.5,5,0,15,7
0.0,17,0,21,7
11.0,8,0,13,7
11.5,7,0,3,7
11.0,9,0,4,7
9.0,11,0,1,8
4.0,13,0,5,8
0.0,20,0,6,8
0.0,19,0,12,8
10.0,10,0,8,8
2.0,15,0,9,8
35.5,4,0,17,8
6.0,12,0,2,8
2.0,16,0,7,8
13.0,8,0,10,8
41.0,2,0,22,8
39.0,3,2,20,8
3.0,14,0,67,8
0.0,18,0,16,8
64.0,1,6,18,8
21.5,5,0,15,8
0.0,17,0,21,8
16.0,6,0,13,8
15.5,7,0,3,8
11.0,9,0,4,8
68.0,1,6,18,9
44.0,4,0,22,9
21.5,6,0,15,9
13.0,8,0,10,9
13.0,9,0,4,9
20.5,7,0,3,9
3.0,14,0,67,9
2.0,16,0,7,9
0.0,18,0,16,9
6.0,12,0,2,9
0.0,17,0,21,9
45.5,3,1,17,9
47.0,2,2,20,9
2.0,15,0,9,9
10.0,10,0,8,9
22.0,5,0,13,9
0.0,19,0,12,9
0.0,20,0,6,9
5.0,13,0,5,9
9.0,11,0,1,9
70.0,1,6,18,10
44.0,4,0,22,10
22.5,6,0,15,10
16.0,10,0,10,10
13.0,11,0,4,10
25.5,5,0,3,10
3.0,14,0,67,10
2.0,16,0,7,10
0.0,19,0,16,10
6.0,13,0,2,10
0.0,17,0,21,10
51.5,2,1,17,10
47.0,3,2,20,10
2.0,15,0,9,10
18.0,9,0,8,10
22.0,7,0,13,10
0.0,20,0,12,10
0.0,18,0,6,10
9.0,12,0,5,10
19.0,8,1,1,10
0.0,21,0,153,10
72.0,1,6,18,11
54.0,2,1,22,11
22.5,8,0,15,11
16.0,10,0,10,11
16.0,11,0,4,11
29.5,5,0,3,11
3.0,15,0,67,11
2.0,16,0,7,11
0.0,18,0,16,11
6.0,13,0,2,11
0.0,17,0,21,11
51.5,3,1,17,11
47.0,4,2,20,11
3.0,14,0,9,11
24.0,7,0,8,11
22.0,9,0,13,11
0.0,20,0,12,11
0.0,19,0,6,11
14.0,12,0,5,11
27.0,6,1,1,11
0.0,21,0,153,11
0.0,22,0,154,11
0.0,23,0,69,11
72.0,1,6,18,12
56.0,2,1,22,12
22.5,8,0,15,12
16.0,11,0,10,12
16.0,12,0,4,12
30.5,6,0,3,12
3.0,16,0,67,12
2.0,17,0,7,12
0.0,18,0,16,12
10.0,13,0,2,12
8.0,14,0,21,12
51.5,4,1,17,12
53.0,3,2,20,12
8.0,15,0,9,12
34.0,5,1,8,12
22.0,9,0,13,12
0.0,20,0,12,12
0.0,19,0,6,12
17.0,10,0,5,12
27.0,7,1,1,12
0.0,22,0,153,12
0.0,23,0,154,12
0.0,21,0,69,12
80.0,1,6,18,13
66.0,2,2,22,13
22.5,8,0,15,13
16.0,12,0,10,13
20.0,11,0,4,13
30.5,6,0,3,13
3.0,17,0,67,13
2.0,18,0,7,13
5.0,16,0,16,13
12.0,13,0,2,13
8.0,14,0,21,13
51.5,4,1,17,13
54.0,3,2,20,13
8.0,15,0,9,13
40.0,5,1,8,13
22.0,9,0,13,13
0.0,20,0,12,13
0.0,19,0,6,13
20.0,10,0,5,13
27.0,7,1,1,13
0.0,23,0,153,13
0.0,22,0,154,13
0.0,21,0,69,13
0.0,24,0,24,13
84.0,1,6,18,14
69.0,2,2,22,14
22.5,10,0,15,14
24.0,9,0,10,14
26.0,8,0,4,14
30.5,7,0,3,14
3.0,17,0,67,14
2.0,18,0,7,14
5.0,16,0,16,14
12.0,13,0,2,14
8.0,15,0,21,14
51.5,4,1,17,14
59.0,3,2,20,14
9.0,14,0,9,14
40.0,5,1,8,14
22.0,11,0,13,14
0.0,20,0,12,14
0.0,19,0,6,14
22.0,12,0,5,14
37.0,6,2,1,14
0.0,24,0,153,14
0.0,23,0,154,14
0.0,21,0,69,14
0.0,22,0,24,14
0.0,21,0,24,15
0.0,22,0,69,15
0.0,23,0,154,15
0.0,24,0,153,15
43.0,6,2,1,15
22.0,12,0,5,15
0.0,19,0,6,15
0.0,20,0,12,15
45.0,5,1,8,15
15.0,13,0,2,15
2.0,18,0,7,15
34.5,7,0,3,15
26.0,9,0,4,15
24.0,10,0,10,15
30.5,8,0,15,15
22.0,11,0,13,15
51.5,4,1,17,15
8.0,15,0,21,15
3.0,17,0,67,15
69.0,3,3,20,15
9.0,14,0,9,15
5.0,16,0,16,15
85.0,1,6,18,15
71.0,2,2,22,15
89.0,1,6,18,16
72.0,3,2,22,16
30.5,8,0,15,16
24.0,10,0,10,16
26.0,9,0,4,16
34.5,7,0,3,16
5.0,17,0,67,16
2.0,18,0,7,16
5.0,16,0,16,16
15.0,14,0,2,16
8.0,15,0,21,16
61.5,4,2,17,16
74.0,2,3,20,16
17.0,13,0,9,16
48.0,6,1,8,16
22.0,11,0,13,16
0.0,20,0,12,16
0.0,19,0,6,16
22.0,12,0,5,16
49.0,5,2,1,16
0.0,24,0,153,16
0.0,23,0,154,16
0.0,25,0,69,16
0.0,22,0,24,16
0.0,21,0,155,16
9.0,1,1,95,356
6.0,2,0,117,356
4.0,3,0,127,356
3.0,4,0,65,356
2.0,5,0,118,356
1.0,6,0,145,356
0.0,7,0,156,356
0.0,8,0,138,356
0.0,9,0,129,356
0.0,10,0,105,356
0.0,11,0,102,356
0.0,12,0,112,356
0.0,13,0,110,356
0.0,14,0,157,356
0.0,15,0,119,356
0.0,16,0,158,356
0.0,17,0,146,356
0.0,18,0,84,356
0.0,19,0,122,356
0.0,20,0,137,356
0.0,21,0,131,356
0.0,22,0,123,356
0.0,23,0,94,356
0.0,24,0,77,356
0.0,25,0,159,356
0.0,26,0,114,356
0.0,27,0,163,356
0.0,28,0,148,356
0.0,29,0,90,356
0.0,30,0,133,356
0.0,31,0,160,356
0.0,32,0,161,356
0.0,33,0,162,356
0.0,34,0,164,356
0.0,35,0,88,356
0.0,36,0,140,356
0.0,37,0,92,356
9.0,3,1,95,357
12.0,1,0,117,357
4.0,5,0,127,357
3.0,7,0,65,357
4.0,6,0,118,357
5.0,4,0,145,357
1.0,9,0,156,357
0.0,11,0,138,357
0.0,14,0,129,357
0.0,16,0,105,357
9.0,2,1,102,357
0.0,17,0,112,357
0.0,15,0,110,357
0.0,19,0,157,357
0.0,20,0,119,357
0.0,13,0,158,357
0.0,24,0,146,357
0.0,21,0,84,357
0.0,25,0,122,357
0.0,23,0,137,357
0.0,26,0,131,357
3.0,8,0,123,357
0.0,27,0,94,357
0.0,28,0,77,357
0.0,22,0,159,357
0.0,29,0,114,357
0.0,30,0,163,357
0.0,31,0,148,357
0.0,32,0,90,357
0.0,10,0,133,357
0.0,34,0,160,357
0.0,35,0,161,357
0.0,36,0,162,357
0.0,38,0,164,357
0.0,39,0,88,357
0.0,37,0,140,357
0.0,33,0,92,357
0.0,12,0,99,357
0.0,18,0,78,357
9.0,3,1,95,358
18.0,2,0,117,358
4.0,5,0,127,358
3.0,10,0,65,358
4.0,7,0,118,358
5.0,4,0,145,358
1.0,12,0,156,358
0.0,15,0,138,358
0.0,17,0,129,358
2.0,11,0,105,358
18.0,1,2,102,358
0.0,20,0,112,358
0.0,18,0,110,358
0.0,23,0,157,358
0.0,24,0,119,358
0.0,14,0,158,358
0.0,27,0,146,358
1.0,13,0,84,358
0.0,19,0,122,358
0.0,26,0,137,358
4.0,6,0,131,358
3.0,9,0,123,358
0.0,29,0,94,358
0.0,30,0,77,358
0.0,25,0,159,358
0.0,32,0,114,358
0.0,21,0,163,358
0.0,33,0,148,358
0.0,28,0,90,358
3.0,8,0,133,358
0.0,34,0,160,358
0.0,37,0,161,358
0.0,31,0,162,358
0.0,38,0,164,358
0.0,39,0,88,358
0.0,35,0,140,358
0.0,36,0,92,358
0.0,16,0,99,358
0.0,22,0,78,358
9.0,3,1,95,359
20.0,2,0,117,359
4.0,8,0,127,359
3.0,12,0,65,359
4.0,9,0,118,359
8.0,4,0,145,359
1.0,13,0,156,359
0.0,18,0,138,359
0.0,17,0,129,359
6.0,6,0,105,359
27.0,1,3,102,359
0.0,24,0,112,359
0.0,19,0,110,359
0.0,22,0,157,359
6.0,5,0,119,359
0.0,16,0,158,359
0.0,28,0,146,359
1.0,15,0,84,359
0.0,21,0,122,359
0.0,20,0,137,359
4.0,7,0,131,359
3.0,11,0,123,359
0.0,27,0,94,359
0.0,30,0,77,359
0.0,26,0,159,359
0.0,33,0,114,359
0.0,23,0,163,359
0.0,34,0,148,359
0.0,29,0,90,359
3.0,10,0,133,359
0.0,35,0,160,359
0.0,37,0,161,359
0.0,32,0,162,359
0.0,38,0,164,359
0.0,39,0,88,359
0.0,31,0,140,359
0.0,36,0,92,359
1.0,14,0,99,359
0.0,25,0,78,359
9.0,4,1,95,360
29.0,1,1,117,360
4.0,10,0,127,360
5.0,7,0,65,360
4.0,12,0,118,360
8.0,5,0,145,360
1.0,16,0,156,360
0.0,20,0,138,360
0.0,18,0,129,360
6.0,6,0,105,360
27.0,2,3,102,360
0.0,24,0,112,360
0.0,19,0,110,360
3.0,14,0,157,360
12.0,3,0,119,360
4.0,8,0,158,360
0.0,30,0,146,360
1.0,17,0,84,360
0.0,22,0,122,360
0.0,21,0,137,360
4.0,9,0,131,360
4.0,11,0,123,360
0.0,29,0,94,360
0.0,26,0,77,360
0.0,28,0,159,360
0.0,33,0,114,360
0.0,23,0,163,360
0.0,34,0,148,360
0.0,31,0,90,360
3.0,13,0,133,360
0.0,35,0,160,360
0.0,37,0,161,360
0.0,32,0,162,360
0.0,38,0,164,360
0.0,39,0,88,360
0.0,27,0,140,360
0.0,36,0,92,360
1.0,15,0,99,360
0.0,25,0,78,360
9.0,5,1,95,361
29.0,1,1,117,361
4.0,12,0,127,361
5.0,8,0,65,361
4.0,14,0,118,361
8.0,6,0,145,361
1.0,19,0,156,361
0.0,22,0,138,361
0.0,21,0,129,361
6.0,7,0,105,361
27.0,2,3,102,361
0.0,25,0,112,361
4.0,10,0,110,361
3.0,15,0,157,361
18.0,3,0,119,361
4.0,9,0,158,361
0.0,31,0,146,361
1.0,20,0,84,361
0.0,23,0,122,361
3.0,16,0,137,361
4.0,11,0,131,361
13.0,4,1,123,361
0.0,30,0,94,361
0.0,27,0,77,361
0.0,29,0,159,361
0.0,33,0,114,361
2.0,17,0,163,361
0.0,34,0,148,361
0.0,26,0,90,361
4.0,13,0,133,361
0.0,35,0,160,361
0.0,37,0,161,361
0.0,32,0,162,361
0.0,38,0,164,361
0.0,39,0,88,361
0.0,28,0,140,361
0.0,36,0,92,361
1.0,18,0,99,361
0.0,24,0,78,361
15.0,4,1,95,362
38.0,1,2,117,362
4.0,12,0,127,362
5.0,8,0,65,362
4.0,14,0,118,362
8.0,6,0,145,362
1.0,21,0,156,362
0.0,24,0,138,362
1.0,22,0,129,362
6.0,7,0,105,362
27.0,2,3,102,362
0.0,29,0,112,362
4.0,10,0,110,362
3.0,16,0,157,362
22.0,3,0,119,362
4.0,9,0,158,362
0.0,36,0,146,362
1.0,23,0,84,362
0.0,26,0,122,362
3.0,15,0,137,362
4.0,11,0,131,362
13.0,5,1,123,362
0.0,35,0,94,362
0.0,33,0,77,362
0.0,34,0,159,362
0.0,38,0,114,362
2.0,18,0,163,362
0.0,39,0,148,362
0.0,32,0,90,362
4.0,13,0,133,362
0.0,40,0,160,362
0.0,41,0,161,362
0.0,37,0,162,362
0.0,42,0,164,362
0.0,43,0,88,362
2.0,19,0,140,362
0.0,31,0,92,362
1.0,20,0,99,362
0.0,28,0,78,362
3.0,17,0,55,362
0.0,25,0,139,362
0.0,27,0,103,362
0.0,30,0,151,362
21.0,4,1,95,363
47.0,1,3,117,363
4.0,13,0,127,363
5.0,9,0,65,363
4.0,15,0,118,363
12.0,6,0,145,363
1.0,23,0,156,363
0.0,26,0,138,363
1.0,21,0,129,363
6.0,7,0,105,363
27.0,2,3,102,363
0.0,32,0,112,363
4.0,11,0,110,363
3.0,16,0,157,363
22.0,3,0,119,363
4.0,10,0,158,363
0.0,36,0,146,363
1.0,24,0,84,363
0.0,28,0,122,363
6.0,8,0,137,363
4.0,12,0,131,363
13.0,5,1,123,363
2.0,20,0,94,363
0.0,35,0,77,363
1.0,25,0,159,363
0.0,38,0,114,363
2.0,18,0,163,363
0.0,39,0,148,363
0.0,34,0,90,363
4.0,14,0,133,363
0.0,40,0,160,363
0.0,41,0,161,363
0.0,37,0,162,363
0.0,42,0,164,363
0.0,43,0,88,363
2.0,19,0,140,363
0.0,30,0,92,363
1.0,22,0,99,363
0.0,31,0,78,363
3.0,17,0,55,363
0.0,27,0,139,363
0.0,29,0,103,363
0.0,33,0,151,363
25.0,3,1,95,364
53.0,1,3,117,364
4.0,14,0,127,364
5.0,9,0,65,364
5.0,10,0,118,364
12.0,6,0,145,364
1.0,23,0,156,364
0.0,26,0,138,364
1.0,21,0,129,364
6.0,8,0,105,364
36.0,2,4,102,364
0.0,32,0,112,364
4.0,12,0,110,364
3.0,16,0,157,364
25.0,4,0,119,364
4.0,11,0,158,364
0.0,36,0,146,364
1.0,24,0,84,364
0.0,28,0,122,364
8.0,7,0,137,364
4.0,13,0,131,364
13.0,5,1,123,364
2.0,18,0,94,364
0.0,35,0,77,364
1.0,25,0,159,364
0.0,38,0,114,364
2.0,19,0,163,364
0.0,39,0,148,364
0.0,34,0,90,364
4.0,15,0,133,364
0.0,40,0,160,364
0.0,41,0,161,364
0.0,37,0,162,364
0.0,42,0,164,364
0.0,43,0,88,364
2.0,20,0,140,364
0.0,30,0,92,364
1.0,22,0,99,364
0.0,31,0,78,364
3.0,17,0,55,364
0.0,27,0,139,364
0.0,29,0,103,364
0.0,33,0,151,364
34.0,3,2,95,365
56.0,1,3,117,365
4.0,14,0,127,365
5.0,10,0,65,365
5.0,11,0,118,365
12.0,6,0,145,365
1.0,23,0,156,365
0.0,26,0,138,365
1.0,21,0,129,365
6.0,9,0,105,365
42.0,2,4,102,365
0.0,32,0,112,365
4.0,12,0,110,365
3.0,16,0,157,365
25.0,4,0,119,365
6.0,8,0,158,365
0.0,36,0,146,365
1.0,24,0,84,365
0.0,28,0,122,365
9.0,7,0,137,365
4.0,13,0,131,365
17.0,5,1,123,365
2.0,18,0,94,365
0.0,35,0,77,365
1.0,25,0,159,365
0.0,39,0,114,365
2.0,19,0,163,365
0.0,40,0,148,365
0.0,34,0,90,365
4.0,15,0,133,365
0.0,38,0,160,365
0.0,41,0,161,365
0.0,37,0,162,365
0.0,42,0,164,365
0.0,43,0,88,365
2.0,20,0,140,365
0.0,30,0,92,365
1.0,22,0,99,365
0.0,31,0,78,365
3.0,17,0,55,365
0.0,27,0,139,365
0.0,29,0,103,365
0.0,33,0,151,365
38.0,3,2,95,366
62.0,1,3,117,366
4.0,13,0,127,366
5.0,11,0,65,366
6.0,10,0,118,366
14.0,6,0,145,366
1.0,23,0,156,366
0.0,26,0,138,366
1.0,21,0,129,366
6.0,9,0,105,366
51.0,2,5,102,366
0.0,31,0,112,366
4.0,12,0,110,366
3.0,16,0,157,366
25.0,4,0,119,366
6.0,8,0,158,366
0.0,36,0,146,366
1.0,24,0,84,366
0.0,28,0,122,366
9.0,7,0,137,366
4.0,14,0,131,366
20.0,5,1,123,366
2.0,19,0,94,366
0.0,35,0,77,366
1.0,25,0,159,366
0.0,39,0,114,366
2.0,20,0,163,366
0.0,40,0,148,366
0.0,34,0,90,366
4.0,15,0,133,366
0.0,38,0,160,366
0.0,41,0,161,366
0.0,37,0,162,366
0.0,42,0,164,366
0.0,43,0,88,366
2.0,18,0,140,366
0.0,30,0,92,366
1.0,22,0,99,366
0.0,32,0,78,366
3.0,17,0,55,366
0.0,27,0,139,366
0.0,29,0,103,366
0.0,33,0,151,366
0.0,44,0,134,366
38.0,3,2,95,367
71.0,1,4,117,367
4.0,15,0,127,367
5.0,13,0,65,367
6.0,11,0,118,367
14.0,6,0,145,367
1.0,25,0,156,367
0.0,27,0,138,367
1.0,23,0,129,367
6.0,10,0,105,367
51.0,2,5,102,367
0.0,32,0,112,367
4.0,14,0,110,367
3.0,18,0,157,367
28.0,4,0,119,367
6.0,9,0,158,367
0.0,36,0,146,367
2.0,22,0,84,367
0.0,29,0,122,367
9.0,7,0,137,367
4.0,16,0,131,367
24.0,5,1,123,367
2.0,19,0,94,367
6.0,8,0,77,367
1.0,26,0,159,367
0.0,39,0,114,367
2.0,21,0,163,367
0.0,40,0,148,367
0.0,35,0,90,367
4.0,17,0,133,367
0.0,38,0,160,367
0.0,41,0,161,367
0.0,37,0,162,367
0.0,42,0,164,367
0.0,43,0,88,367
2.0,20,0,140,367
0.0,31,0,92,367
1.0,24,0,99,367
0.0,33,0,78,367
5.0,12,0,55,367
0.0,28,0,139,367
0.0,30,0,103,367
0.0,34,0,151,367
0.0,45,0,134,367
0.0,44,0,165,367
38.0,3,2,95,368
75.0,1,4,117,368
4.0,16,0,127,368
5.0,14,0,65,368
6.0,12,0,118,368
17.0,6,0,145,368
2.0,22,0,156,368
0.0,27,0,138,368
1.0,24,0,129,368
6.0,11,0,105,368
51.0,2,5,102,368
0.0,29,0,112,368
4.0,15,0,110,368
3.0,20,0,157,368
28.0,4,0,119,368
6.0,9,0,158,368
0.0,36,0,146,368
2.0,23,0,84,368
0.0,30,0,122,368
9.0,8,0,137,368
4.0,17,0,131,368
24.0,5,1,123,368
4.0,19,0,94,368
15.0,7,1,77,368
1.0,26,0,159,368
0.0,39,0,114,368
2.0,21,0,163,368
0.0,40,0,148,368
0.0,35,0,90,368
4.0,18,0,133,368
0.0,38,0,160,368
0.0,41,0,161,368
0.0,37,0,162,368
0.0,44,0,164,368
0.0,45,0,88,368
6.0,10,0,140,368
0.0,32,0,92,368
1.0,25,0,99,368
0.0,33,0,78,368
5.0,13,0,55,368
0.0,28,0,139,368
0.0,31,0,103,368
0.0,34,0,151,368
0.0,46,0,134,368
0.0,43,0,165,368
0.0,42,0,109,368
38.0,3,2,95,369
76.0,1,4,117,369
4.0,16,0,127,369
5.0,14,0,65,369
6.0,13,0,118,369
17.0,7,0,145,369
2.0,22,0,156,369
0.0,28,0,138,369
1.0,24,0,129,369
6.0,12,0,105,369
60.0,2,6,102,369
1.0,27,0,112,369
4.0,15,0,110,369
3.0,20,0,157,369
30.0,4,0,119,369
6.0,10,0,158,369
0.0,36,0,146,369
2.0,23,0,84,369
0.0,30,0,122,369
9.0,8,0,137,369
4.0,17,0,131,369
24.0,5,1,123,369
4.0,19,0,94,369
21.0,6,1,77,369
1.0,26,0,159,369
0.0,40,0,114,369
2.0,21,0,163,369
0.0,41,0,148,369
0.0,35,0,90,369
4.0,18,0,133,369
0.0,38,0,160,369
0.0,42,0,161,369
0.0,39,0,162,369
0.0,45,0,164,369
0.0,43,0,88,369
6.0,11,0,140,369
0.0,32,0,92,369
1.0,25,0,99,369
0.0,33,0,78,369
8.0,9,0,55,369
0.0,29,0,139,369
0.0,31,0,103,369
0.0,34,0,151,369
0.0,46,0,134,369
0.0,44,0,165,369
0.0,37,0,109,369
0.0,33,0,78,370
0.0,47,0,134,370
0.0,35,0,90,370
4.0,18,0,133,370
0.0,38,0,160,370
21.0,7,1,77,370
1.0,26,0,159,370
6.0,12,0,140,370
0.0,39,0,162,370
0.0,41,0,147,370
0.0,37,0,109,370
0.0,45,0,165,370
0.0,34,0,151,370
0.0,31,0,103,370
0.0,29,0,139,370
8.0,9,0,55,370
1.0,25,0,99,370
0.0,32,0,92,370
0.0,44,0,88,370
0.0,46,0,164,370
0.0,43,0,161,370
0.0,42,0,148,370
2.0,22,0,163,370
0.0,40,0,114,370
4.0,19,0,94,370
28.0,5,1,123,370
4.0,17,0,131,370
12.0,8,0,137,370
0.0,30,0,122,370
4.0,20,0,84,370
0.0,36,0,146,370
6.0,11,0,158,370
36.0,4,0,119,370
3.0,21,0,157,370
4.0,15,0,110,370
1.0,27,0,112,370
60.0,2,6,102,370
6.0,13,0,105,370
1.0,24,0,129,370
0.0,28,0,138,370
2.0,23,0,156,370
26.0,6,1,145,370
7.0,10,0,118,370
5.0,14,0,65,370
4.0,16,0,127,370
76.0,1,4,117,370
38.0,3,2,95,370
38.0,4,2,95,371
76.0,1,4,117,371
4.0,16,0,127,371
5.0,14,0,65,371
7.0,10,0,118,371
32.0,6,1,145,371
2.0,25,0,156,371
3.0,21,0,138,371
1.0,26,0,129,371
6.0,13,0,105,371
60.0,2,6,102,371
1.0,29,0,112,371
4.0,17,0,110,371
3.0,22,0,157,371
40.0,3,0,119,371
6.0,11,0,158,371
0.0,38,0,146,371
4.0,20,0,84,371
0.0,30,0,122,371
12.0,8,0,137,371
4.0,18,0,131,371
37.0,5,2,123,371
5.0,15,0,94,371
21.0,7,1,77,371
1.0,28,0,159,371
0.0,40,0,114,371
2.0,24,0,163,371
0.0,42,0,148,371
0.0,35,0,90,371
4.0,19,0,133,371
0.0,37,0,160,371
0.0,43,0,161,371
0.0,39,0,162,371
0.0,46,0,164,371
0.0,44,0,88,371
6.0,12,0,140,371
0.0,32,0,92,371
1.0,27,0,99,371
0.0,33,0,78,371
8.0,9,0,55,371
2.0,23,0,139,371
0.0,31,0,103,371
0.0,34,0,151,371
0.0,47,0,134,371
0.0,45,0,165,371
0.0,36,0,109,371
0.0,41,0,147,371
9.0,1,1,117,372
6.0,2,0,77,372
4.0,3,0,137,372
3.0,4,0,118,372
2.0,5,0,105,372
1.0,6,0,138,372
0.0,7,0,123,372
0.0,8,0,158,372
0.0,9,0,140,372
0.0,10,0,110,372
0.0,11,0,156,372
0.0,12,0,159,372
0.0,13,0,112,372
0.0,14,0,99,372
0.0,15,0,166,372
0.0,16,0,114,372
0.0,17,0,163,372
0.0,18,0,131,372
0.0,19,0,95,372
0.0,20,0,145,372
0.0,21,0,119,372
0.0,22,0,122,372
0.0,23,0,167,372
0.0,24,0,127,372
0.0,25,0,165,372
0.0,26,0,141,372
0.0,27,0,160,372
0.0,28,0,78,372
0.0,29,0,146,372
0.0,30,0,133,372
15.0,1,1,117,373
8.0,3,0,77,373
8.0,4,0,137,373
3.0,6,0,118,373
2.0,7,0,105,373
1.0,8,0,138,373
3.0,5,0,123,373
0.0,10,0,158,373
0.0,11,0,140,373
0.0,20,0,110,373
0.0,16,0,156,373
0.0,13,0,159,373
0.0,19,0,112,373
0.0,21,0,99,373
0.0,12,0,166,373
0.0,14,0,114,373
0.0,22,0,163,373
0.0,23,0,131,373
0.0,24,0,95,373
1.0,9,0,145,373
0.0,15,0,119,373
0.0,26,0,122,373
0.0,18,0,167,373
0.0,17,0,127,373
0.0,29,0,165,373
0.0,25,0,141,373
0.0,28,0,160,373
0.0,30,0,78,373
0.0,31,0,146,373
0.0,27,0,133,373
9.0,2,1,102,373
24.0,1,2,117,374
14.0,2,0,77,374
8.0,4,0,137,374
6.0,6,0,118,374
6.0,5,0,105,374
1.0,9,0,138,374
3.0,7,0,123,374
0.0,12,0,158,374
0.0,14,0,140,374
0.0,22,0,110,374
2.0,8,0,156,374
0.0,18,0,159,374
0.0,21,0,112,374
0.0,23,0,99,374
0.0,16,0,166,374
0.0,13,0,114,374
0.0,26,0,163,374
0.0,27,0,131,374
0.0,25,0,95,374
1.0,11,0,145,374
1.0,10,0,119,374
0.0,17,0,122,374
0.0,20,0,167,374
0.0,19,0,127,374
0.0,28,0,165,374
0.0,29,0,141,374
0.0,24,0,160,374
0.0,15,0,78,374
0.0,31,0,146,374
0.0,30,0,133,374
9.0,3,1,102,374
33.0,1,3,117,375
18.0,2,0,77,375
8.0,5,0,137,375
8.0,6,0,118,375
9.0,4,0,105,375
1.0,11,0,138,375
3.0,7,0,123,375
1.0,9,0,158,375
0.0,14,0,140,375
0.0,25,0,110,375
2.0,8,0,156,375
0.0,18,0,159,375
0.0,24,0,112,375
0.0,20,0,99,375
0.0,16,0,166,375
0.0,13,0,114,375
0.0,27,0,163,375
0.0,28,0,131,375
0.0,26,0,95,375
1.0,10,0,145,375
1.0,12,0,119,375
0.0,17,0,122,375
0.0,23,0,167,375
0.0,21,0,127,375
0.0,19,0,165,375
0.0,29,0,141,375
0.0,22,0,160,375
0.0,15,0,78,375
0.0,30,0,146,375
0.0,31,0,133,375
15.0,3,1,102,375
39.0,1,3,117,376
18.0,3,0,77,376
11.0,4,0,137,376
8.0,6,0,118,376
9.0,5,0,105,376
1.0,12,0,138,376
7.0,7,0,123,376
1.0,10,0,158,376
0.0,16,0,140,376
0.0,17,0,110,376
3.0,8,0,156,376
0.0,21,0,159,376
0.0,20,0,112,376
0.0,15,0,99,376
0.0,19,0,166,376
0.0,14,0,114,376
0.0,27,0,163,376
0.0,22,0,131,376
0.0,28,0,95,376
1.0,11,0,145,376
1.0,13,0,119,376
2.0,9,0,122,376
0.0,26,0,167,376
0.0,25,0,127,376
0.0,23,0,165,376
0.0,29,0,141,376
0.0,24,0,160,376
0.0,18,0,78,376
0.0,30,0,146,376
0.0,31,0,133,376
24.0,2,2,102,376
45.0,1,3,117,377
18.0,3,0,77,377
11.0,5,0,137,377
8.0,7,0,118,377
9.0,6,0,105,377
1.0,13,0,138,377
11.0,4,0,123,377
1.0,11,0,158,377
0.0,19,0,140,377
3.0,9,0,110,377
5.0,8,0,156,377
0.0,24,0,159,377
0.0,23,0,112,377
0.0,17,0,99,377
0.0,22,0,166,377
0.0,16,0,114,377
0.0,30,0,163,377
0.0,25,0,131,377
0.0,31,0,95,377
1.0,12,0,145,377
1.0,14,0,119,377
2.0,10,0,122,377
0.0,29,0,167,377
0.0,28,0,127,377
0.0,26,0,165,377
0.0,20,0,141,377
0.0,27,0,160,377
0.0,21,0,78,377
0.0,32,0,146,377
0.0,18,0,133,377
33.0,2,3,102,377
1.0,15,0,94,377
54.0,1,4,117,378
21.0,3,0,77,378
13.0,5,0,137,378
8.0,7,0,118,378
13.0,4,0,105,378
1.0,12,0,138,378
11.0,6,0,123,378
1.0,13,0,158,378
0.0,20,0,140,378
3.0,9,0,110,378
5.0,8,0,156,378
0.0,25,0,159,378
0.0,24,0,112,378
0.0,18,0,99,378
0.0,23,0,166,378
0.0,16,0,114,378
0.0,30,0,163,378
0.0,26,0,131,378
0.0,31,0,95,378
2.0,11,0,145,378
1.0,14,0,119,378
2.0,10,0,122,378
0.0,29,0,167,378
0.0,19,0,127,378
0.0,27,0,165,378
0.0,22,0,141,378
0.0,28,0,160,378
0.0,21,0,78,378
0.0,32,0,146,378
0.0,17,0,133,378
39.0,2,3,102,378
1.0,15,0,94,378
54.0,1,4,117,379
21.0,3,0,77,379
15.0,4,0,137,379
9.0,7,0,118,379
13.0,5,0,105,379
1.0,15,0,138,379
11.0,6,0,123,379
1.0,14,0,158,379
0.0,21,0,140,379
3.0,12,0,110,379
5.0,10,0,156,379
0.0,26,0,159,379
0.0,25,0,112,379
0.0,20,0,99,379
0.0,24,0,166,379
0.0,18,0,114,379
0.0,31,0,163,379
0.0,27,0,131,379
6.0,8,0,95,379
6.0,9,0,145,379
1.0,16,0,119,379
2.0,13,0,122,379
0.0,30,0,167,379
3.0,11,0,127,379
0.0,28,0,165,379
0.0,22,0,141,379
0.0,29,0,160,379
0.0,23,0,78,379
0.0,32,0,146,379
0.0,19,0,133,379
48.0,2,4,102,379
1.0,17,0,94,379
60.0,1,4,117,380
25.0,3,0,77,380
15.0,5,0,137,380
9.0,7,0,118,380
16.0,4,0,105,380
1.0,15,0,138,380
12.0,6,0,123,380
1.0,14,0,158,380
0.0,21,0,140,380
3.0,13,0,110,380
5.0,10,0,156,380
0.0,26,0,159,380
0.0,25,0,112,380
0.0,20,0,99,380
0.0,24,0,166,380
0.0,18,0,114,380
0.0,32,0,163,380
0.0,27,0,131,380
6.0,8,0,95,380
6.0,9,0,145,380
1.0,16,0,119,380
4.0,11,0,122,380
0.0,31,0,167,380
3.0,12,0,127,380
0.0,29,0,165,380
0.0,22,0,141,380
0.0,30,0,160,380
0.0,23,0,78,380
0.0,28,0,146,380
0.0,19,0,133,380
57.0,2,5,102,380
1.0,17,0,94,380
66.0,2,4,117,381
28.0,3,0,77,381
15.0,6,0,137,381
9.0,7,0,118,381
16.0,5,0,105,381
1.0,15,0,138,381
16.0,4,0,123,381
1.0,16,0,158,381
0.0,21,0,140,381
3.0,13,0,110,381
5.0,11,0,156,381
0.0,24,0,159,381
0.0,25,0,112,381
0.0,20,0,99,381
0.0,26,0,166,381
0.0,18,0,114,381
0.0,32,0,163,381
0.0,27,0,131,381
6.0,8,0,95,381
6.0,9,0,145,381
2.0,14,0,119,381
4.0,12,0,122,381
0.0,31,0,167,381
5.0,10,0,127,381
0.0,29,0,165,381
0.0,22,0,141,381
0.0,30,0,160,381
0.0,23,0,78,381
0.0,28,0,146,381
0.0,19,0,133,381
66.0,1,6,102,381
1.0,17,0,94,381
72.0,2,4,117,382
28.0,3,0,77,382
18.0,4,0,137,382
11.0,7,0,118,382
16.0,6,0,105,382
1.0,16,0,138,382
16.0,5,0,123,382
2.0,14,0,158,382
0.0,22,0,140,382
3.0,13,0,110,382
5.0,12,0,156,382
0.0,27,0,159,382
0.0,23,0,112,382
0.0,21,0,99,382
0.0,26,0,166,382
0.0,18,0,114,382
0.0,33,0,163,382
0.0,28,0,131,382
6.0,9,0,95,382
6.0,10,0,145,382
2.0,15,0,119,382
8.0,8,0,122,382
0.0,32,0,167,382
5.0,11,0,127,382
0.0,30,0,165,382
0.0,24,0,141,382
0.0,31,0,160,382
0.0,25,0,78,382
0.0,29,0,146,382
0.0,20,0,133,382
75.0,1,7,102,382
1.0,17,0,94,382
0.0,19,0,84,382
72.0,2,4,117,383
37.0,3,1,77,383
18.0,5,0,137,383
14.0,7,0,118,383
22.0,4,0,105,383
1.0,16,0,138,383
17.0,6,0,123,383
6.0,10,0,158,383
0.0,22,0,140,383
3.0,14,0,110,383
5.0,13,0,156,383
0.0,27,0,159,383
0.0,23,0,112,383
0.0,21,0,99,383
0.0,26,0,166,383
0.0,18,0,114,383
0.0,32,0,163,383
0.0,28,0,131,383
6.0,9,0,95,383
6.0,11,0,145,383
2.0,15,0,119,383
10.0,8,0,122,383
0.0,34,0,167,383
5.0,12,0,127,383
0.0,31,0,165,383
0.0,24,0,141,383
0.0,33,0,160,383
0.0,25,0,78,383
0.0,30,0,146,383
0.0,20,0,133,383
75.0,1,7,102,383
1.0,17,0,94,383
0.0,19,0,84,383
0.0,29,0,168,383
81.0,1,5,117,384
37.0,3,1,77,384
18.0,6,0,137,384
17.0,7,0,118,384
24.0,4,0,105,384
1.0,16,0,138,384
21.0,5,0,123,384
6.0,10,0,158,384
0.0,24,0,140,384
3.0,14,0,110,384
5.0,13,0,156,384
0.0,21,0,159,384
0.0,25,0,112,384
0.0,22,0,99,384
0.0,23,0,166,384
0.0,18,0,114,384
0.0,28,0,163,384
0.0,29,0,131,384
6.0,9,0,95,384
6.0,11,0,145,384
2.0,15,0,119,384
16.0,8,0,122,384
0.0,34,0,167,384
5.0,12,0,127,384
0.0,32,0,165,384
0.0,26,0,141,384
0.0,33,0,160,384
0.0,27,0,78,384
0.0,31,0,146,384
0.0,19,0,133,384
76.0,2,7,102,384
1.0,17,0,94,384
0.0,20,0,84,384
0.0,30,0,168,384
84.0,1,6,117,385
38.0,3,1,77,385
18.0,6,0,137,385
17.0,7,0,118,385
24.0,4,0,105,385
1.0,16,0,138,385
21.0,5,0,123,385
6.0,11,0,158,385
0.0,24,0,140,385
3.0,15,0,110,385
5.0,13,0,156,385
0.0,21,0,159,385
0.0,25,0,112,385
0.0,22,0,99,385
0.0,23,0,166,385
0.0,18,0,114,385
0.0,28,0,163,385
0.0,29,0,131,385
12.0,9,0,95,385
10.0,10,0,145,385
4.0,14,0,119,385
16.0,8,0,122,385
0.0,34,0,167,385
5.0,12,0,127,385
0.0,32,0,165,385
0.0,26,0,141,385
0.0,33,0,160,385
0.0,27,0,78,385
0.0,31,0,146,385
0.0,19,0,133,385
79.0,2,7,102,385
1.0,17,0,94,385
0.0,20,0,84,385
0.0,30,0,168,385
84.0,2,6,117,386
41.0,3,1,77,386
18.0,6,0,137,386
17.0,7,0,118,386
24.0,5,0,105,386
1.0,16,0,138,386
25.0,4,0,123,386
6.0,11,0,158,386
0.0,25,0,140,386
3.0,15,0,110,386
5.0,13,0,156,386
0.0,22,0,159,386
0.0,24,0,112,386
0.0,23,0,99,386
0.0,21,0,166,386
0.0,18,0,114,386
0.0,28,0,163,386
0.0,29,0,131,386
12.0,9,0,95,386
12.0,10,0,145,386
5.0,14,0,119,386
16.0,8,0,122,386
0.0,34,0,167,386
5.0,12,0,127,386
0.0,32,0,165,386
0.0,26,0,141,386
0.0,33,0,160,386
0.0,27,0,78,386
0.0,31,0,146,386
0.0,19,0,133,386
87.0,1,8,102,386
1.0,17,0,94,386
0.0,20,0,84,386
0.0,30,0,168,386
0.0,35,0,88,386
87.0,2,7,117,387
41.0,3,1,77,387
22.0,6,0,137,387
17.0,8,0,118,387
24.0,5,0,105,387
1.0,16,0,138,387
27.0,4,0,123,387
6.0,12,0,158,387
0.0,25,0,140,387
3.0,15,0,110,387
5.0,14,0,156,387
0.0,22,0,159,387
0.0,24,0,112,387
0.0,23,0,99,387
0.0,21,0,166,387
0.0,18,0,114,387
0.0,28,0,163,387
0.0,29,0,131,387
12.0,9,0,95,387
12.0,10,0,145,387
8.0,11,0,119,387
17.0,7,0,122,387
0.0,34,0,167,387
5.0,13,0,127,387
0.0,32,0,165,387
0.0,26,0,141,387
0.0,33,0,160,387
0.0,27,0,78,387
0.0,31,0,146,387
0.0,19,0,133,387
90.0,1,8,102,387
1.0,17,0,94,387
0.0,20,0,84,387
0.0,30,0,168,387
0.0,35,0,88,387
0.0,36,0,162,387
9.0,1,1,117,388
6.0,2,0,137,388
4.0,3,0,140,388
3.0,4,0,77,388
2.0,5,0,123,388
1.0,6,0,95,388
0.0,7,0,138,388
0.0,8,0,105,388
0.0,9,0,157,388
0.0,10,0,156,388
0.0,11,0,166,388
0.0,12,0,169,388
0.0,13,0,158,388
0.0,14,0,102,388
0.0,15,0,119,388
0.0,16,0,110,388
0.0,17,0,118,388
0.0,18,0,133,388
0.0,19,0,145,388
0.0,20,0,84,388
0.0,21,0,170,388
0.0,22,0,122,388
9.0,2,1,117,389
6.0,5,0,137,389
7.0,3,0,140,389
3.0,7,0,77,389
2.0,8,0,123,389
10.0,1,1,95,389
1.0,10,0,138,389
4.0,6,0,105,389
0.0,11,0,157,389
0.0,14,0,156,389
0.0,12,0,166,389
0.0,17,0,169,389
0.0,19,0,158,389
6.0,4,0,102,389
0.0,13,0,119,389
0.0,21,0,110,389
0.0,16,0,118,389
0.0,18,0,133,389
0.0,22,0,145,389
2.0,9,0,84,389
0.0,20,0,170,389
0.0,25,0,122,389
0.0,15,0,112,389
0.0,23,0,167,389
0.0,24,0,99,389
0.0,26,0,160,389
0.0,27,0,163,389
18.0,1,2,117,390
6.0,5,0,137,390
13.0,2,0,140,390
3.0,9,0,77,390
2.0,12,0,123,390
10.0,3,1,95,390
3.0,10,0,138,390
4.0,6,0,105,390
0.0,14,0,157,390
0.0,20,0,156,390
0.0,16,0,166,390
0.0,19,0,169,390
3.0,8,0,158,390
6.0,4,0,102,390
0.0,18,0,119,390
4.0,7,0,110,390
0.0,21,0,118,390
0.0,22,0,133,390
0.0,25,0,145,390
2.0,11,0,84,390
0.0,23,0,170,390
0.0,24,0,122,390
0.0,17,0,112,390
0.0,26,0,167,390
0.0,27,0,99,390
0.0,15,0,160,390
1.0,13,0,163,390
18.0,1,2,117,391
12.0,4,0,137,391
13.0,3,0,140,391
6.0,7,0,77,391
2.0,13,0,123,391
10.0,5,1,95,391
3.0,10,0,138,391
8.0,6,0,105,391
0.0,16,0,157,391
2.0,12,0,156,391
0.0,18,0,166,391
0.0,22,0,169,391
3.0,9,0,158,391
15.0,2,1,102,391
0.0,21,0,119,391
4.0,8,0,110,391
0.0,23,0,118,391
0.0,24,0,133,391
0.0,25,0,145,391
2.0,11,0,84,391
0.0,20,0,170,391
1.0,15,0,122,391
0.0,19,0,112,391
0.0,26,0,167,391
0.0,27,0,99,391
0.0,17,0,160,391
1.0,14,0,163,391
22.0,2,2,117,392
18.0,3,0,137,392
13.0,4,0,140,392
9.0,6,0,77,392
2.0,13,0,123,392
12.0,5,1,95,392
3.0,10,0,138,392
8.0,7,0,105,392
0.0,16,0,157,392
2.0,12,0,156,392
0.0,18,0,166,392
0.0,22,0,169,392
4.0,9,0,158,392
24.0,1,2,102,392
0.0,21,0,119,392
4.0,8,0,110,392
0.0,23,0,118,392
0.0,24,0,133,392
0.0,25,0,145,392
2.0,11,0,84,392
0.0,20,0,170,392
1.0,15,0,122,392
0.0,19,0,112,392
0.0,26,0,167,392
0.0,27,0,99,392
0.0,17,0,160,392
1.0,14,0,163,392
26.0,2,2,117,393
24.0,3,0,137,393
13.0,5,0,140,393
9.0,6,0,77,393
2.0,14,0,123,393
21.0,4,2,95,393
3.0,10,0,138,393
8.0,7,0,105,393
0.0,18,0,157,393
2.0,11,0,156,393
1.0,15,0,166,393
0.0,22,0,169,393
4.0,9,0,158,393
27.0,1,2,102,393
0.0,21,0,119,393
4.0,8,0,110,393
0.0,23,0,118,393
0.0,24,0,133,393
0.0,26,0,145,393
2.0,12,0,84,393
2.0,13,0,170,393
1.0,17,0,122,393
0.0,20,0,112,393
0.0,25,0,167,393
0.0,27,0,99,393
0.0,19,0,160,393
1.0,16,0,163,393
26.0,4,2,117,394
30.0,3,0,137,394
13.0,5,0,140,394
9.0,6,0,77,394
2.0,14,0,123,394
30.0,2,3,95,394
6.0,8,0,138,394
8.0,7,0,105,394
0.0,19,0,157,394
2.0,12,0,156,394
1.0,16,0,166,394
0.0,22,0,169,394
4.0,10,0,158,394
31.0,1,2,102,394
0.0,23,0,119,394
4.0,9,0,110,394
2.0,15,0,118,394
0.0,24,0,133,394
0.0,26,0,145,394
2.0,13,0,84,394
3.0,11,0,170,394
1.0,18,0,122,394
0.0,21,0,112,394
0.0,25,0,167,394
0.0,27,0,99,394
0.0,20,0,160,394
1.0,17,0,163,394
26.0,4,2,117,395
39.0,1,1,137,395
19.0,5,0,140,395
9.0,6,0,77,395
2.0,15,0,123,395
30.0,3,3,95,395
6.0,8,0,138,395
8.0,7,0,105,395
0.0,20,0,157,395
4.0,12,0,156,395
4.0,10,0,166,395
0.0,22,0,169,395
4.0,11,0,158,395
35.0,2,2,102,395
0.0,23,0,119,395
4.0,9,0,110,395
2.0,16,0,118,395
0.0,24,0,133,395
0.0,26,0,145,395
2.0,14,0,84,395
3.0,13,0,170,395
1.0,19,0,122,395
1.0,17,0,112,395
0.0,25,0,167,395
0.0,27,0,99,395
0.0,21,0,160,395
1.0,18,0,163,395
30.0,4,2,117,396
48.0,1,2,137,396
19.0,5,0,140,396
9.0,6,0,77,396
5.0,9,0,123,396
30.0,3,3,95,396
6.0,8,0,138,396
8.0,7,0,105,396
0.0,21,0,157,396
4.0,13,0,156,396
4.0,11,0,166,396
0.0,23,0,169,396
4.0,12,0,158,396
41.0,2,2,102,396
2.0,17,0,119,396
4.0,10,0,110,396
3.0,15,0,118,396
0.0,25,0,133,396
0.0,24,0,145,396
2.0,16,0,84,396
3.0,14,0,170,396
1.0,20,0,122,396
1.0,18,0,112,396
0.0,26,0,167,396
0.0,27,0,99,396
0.0,22,0,160,396
1.0,19,0,163,396
31.0,4,2,117,397
54.0,1,2,137,397
19.0,5,0,140,397
9.0,6,0,77,397
8.0,8,0,123,397
39.0,3,4,95,397
6.0,10,0,138,397
8.0,7,0,105,397
0.0,21,0,157,397
4.0,14,0,156,397
4.0,12,0,166,397
0.0,23,0,169,397
4.0,13,0,158,397
43.0,2,2,102,397
2.0,17,0,119,397
4.0,11,0,110,397
3.0,15,0,118,397
0.0,25,0,133,397
0.0,24,0,145,397
2.0,16,0,84,397
7.0,9,0,170,397
1.0,20,0,122,397
1.0,18,0,112,397
0.0,26,0,167,397
0.0,27,0,99,397
0.0,22,0,160,397
1.0,19,0,163,397
31.0,4,2,117,398
63.0,1,3,137,398
20.0,5,0,140,398
12.0,6,0,77,398
10.0,7,0,123,398
43.0,3,4,95,398
6.0,10,0,138,398
8.0,8,0,105,398
0.0,22,0,157,398
4.0,14,0,156,398
4.0,12,0,166,398
0.0,23,0,169,398
4.0,13,0,158,398
49.0,2,2,102,398
2.0,17,0,119,398
4.0,11,0,110,398
3.0,15,0,118,398
0.0,25,0,133,398
0.0,24,0,145,398
2.0,16,0,84,398
7.0,9,0,170,398
1.0,20,0,122,398
1.0,18,0,112,398
0.0,26,0,167,398
0.0,27,0,99,398
0.0,21,0,160,398
1.0,19,0,163,398
0.0,28,0,171,398
0.0,29,0,78,398
40.0,4,3,117,399
67.0,1,3,137,399
22.0,5,0,140,399
18.0,6,0,77,399
10.0,8,0,123,399
43.0,3,4,95,399
6.0,10,0,138,399
8.0,9,0,105,399
0.0,22,0,157,399
4.0,14,0,156,399
4.0,13,0,166,399
0.0,23,0,169,399
5.0,11,0,158,399
49.0,2,2,102,399
2.0,17,0,119,399
4.0,12,0,110,399
3.0,15,0,118,399
0.0,25,0,133,399
0.0,24,0,145,399
2.0,16,0,84,399
10.0,7,0,170,399
1.0,19,0,122,399
1.0,18,0,112,399
0.0,26,0,167,399
0.0,28,0,99,399
0.0,21,0,160,399
1.0,20,0,163,399
0.0,27,0,171,399
0.0,29,0,78,399
46.0,4,3,117,400
70.0,1,3,137,400
26.0,5,0,140,400
18.0,6,0,77,400
10.0,8,0,123,400
52.0,2,5,95,400
6.0,10,0,138,400
8.0,9,0,105,400
0.0,22,0,157,400
4.0,14,0,156,400
4.0,13,0,166,400
0.0,23,0,169,400
5.0,11,0,158,400
51.0,3,2,102,400
2.0,17,0,119,400
4.0,12,0,110,400
3.0,15,0,118,400
0.0,25,0,133,400
0.0,24,0,145,400
2.0,16,0,84,400
10.0,7,0,170,400
1.0,19,0,122,400
2.0,18,0,112,400
0.0,26,0,167,400
0.0,28,0,99,400
0.0,21,0,160,400
1.0,20,0,163,400
0.0,27,0,171,400
0.0,29,0,78,400
46.0,4,3,117,401
73.0,1,3,137,401
26.0,5,0,140,401
18.0,6,0,77,401
10.0,8,0,123,401
61.0,2,6,95,401
6.0,12,0,138,401
8.0,9,0,105,401
0.0,22,0,157,401
4.0,15,0,156,401
4.0,14,0,166,401
0.0,23,0,169,401
8.0,10,0,158,401
51.0,3,2,102,401
6.0,11,0,119,401
4.0,13,0,110,401
3.0,16,0,118,401
0.0,26,0,133,401
0.0,25,0,145,401
2.0,18,0,84,401
12.0,7,0,170,401
1.0,19,0,122,401
3.0,17,0,112,401
0.0,27,0,167,401
0.0,29,0,99,401
0.0,21,0,160,401
1.0,20,0,163,401
0.0,28,0,171,401
0.0,30,0,78,401
0.0,24,0,114,401
46.0,4,3,117,402
73.0,1,3,137,402
30.0,5,0,140,402
27.0,6,1,77,402
12.0,8,0,123,402
61.0,2,6,95,402
7.0,11,0,138,402
11.0,9,0,105,402
0.0,22,0,157,402
4.0,15,0,156,402
4.0,14,0,166,402
0.0,23,0,169,402
8.0,10,0,158,402
57.0,3,2,102,402
6.0,12,0,119,402
4.0,13,0,110,402
3.0,16,0,118,402
0.0,26,0,133,402
0.0,25,0,145,402
2.0,18,0,84,402
12.0,7,0,170,402
1.0,19,0,122,402
3.0,17,0,112,402
0.0,27,0,167,402
0.0,30,0,99,402
0.0,21,0,160,402
1.0,20,0,163,402
0.0,28,0,171,402
0.0,31,0,78,402
0.0,24,0,114,402
0.0,29,0,90,402
46.0,4,3,117,403
73.0,1,3,137,403
30.0,6,0,140,403
36.0,5,2,77,403
16.0,8,0,123,403
61.0,2,6,95,403
7.0,12,0,138,403
17.0,7,0,105,403
0.0,23,0,157,403
7.0,11,0,156,403
4.0,15,0,166,403
0.0,25,0,169,403
8.0,10,0,158,403
57.0,3,2,102,403
6.0,13,0,119,403
4.0,14,0,110,403
3.0,16,0,118,403
0.0,27,0,133,403
0.0,26,0,145,403
2.0,18,0,84,403
12.0,9,0,170,403
1.0,19,0,122,403
3.0,17,0,112,403
0.0,28,0,167,403
0.0,31,0,99,403
0.0,24,0,160,403
1.0,20,0,163,403
0.0,29,0,171,403
0.0,32,0,78,403
0.0,22,0,114,403
1.0,21,0,90,403
0.0,30,0,131,403
9.0,1,1,137,404
6.0,2,0,102,404
4.0,3,0,172,404
3.0,4,0,163,404
2.0,5,0,84,404
1.0,6,0,77,404
0.0,7,0,166,404
0.0,8,0,173,404
0.0,9,0,174,404
0.0,10,0,170,404
0.0,11,0,123,404
0.0,12,0,105,404
0.0,13,0,117,404
0.0,14,0,157,404
0.0,15,0,140,404
0.0,16,0,175,404
0.0,17,0,119,404
0.0,18,0,156,404
0.0,19,0,176,404
0.0,20,0,145,404
0.0,21,0,110,404
0.0,22,0,160,404
0.0,23,0,177,404
0.0,24,0,178,404
0.0,25,0,95,404
9.0,2,1,137,405
15.0,1,1,102,405
4.0,4,0,172,405
3.0,6,0,163,405
2.0,9,0,84,405
2.0,10,0,77,405
0.0,12,0,166,405
0.0,13,0,173,405
0.0,15,0,174,405
2.0,8,0,170,405
0.0,11,0,123,405
0.0,16,0,105,405
4.0,5,0,117,405
0.0,18,0,157,405
0.0,19,0,140,405
0.0,14,0,175,405
0.0,20,0,119,405
0.0,21,0,156,405
0.0,17,0,176,405
0.0,23,0,145,405
0.0,24,0,110,405
0.0,22,0,160,405
3.0,7,0,177,405
0.0,25,0,178,405
6.0,3,0,95,405
15.0,1,1,137,406
15.0,2,1,102,406
4.0,7,0,172,406
3.0,8,0,163,406
2.0,10,0,84,406
6.0,5,0,77,406
0.0,14,0,166,406
0.0,15,0,173,406
0.0,17,0,174,406
2.0,11,0,170,406
0.0,13,0,123,406
0.0,19,0,105,406
13.0,3,1,117,406
0.0,21,0,157,406
3.0,9,0,140,406
0.0,16,0,175,406
1.0,12,0,119,406
0.0,22,0,156,406
0.0,18,0,176,406
0.0,25,0,145,406
0.0,24,0,110,406
0.0,20,0,160,406
5.0,6,0,177,406
0.0,23,0,178,406
6.0,4,0,95,406
0.0,26,0,179,406
15.0,3,1,137,407
19.0,2,1,102,407
5.0,7,0,172,407
5.0,8,0,163,407
2.0,10,0,84,407
6.0,6,0,77,407
0.0,14,0,166,407
0.0,16,0,173,407
0.0,18,0,174,407
2.0,11,0,170,407
0.0,13,0,123,407
0.0,19,0,105,407
22.0,1,2,117,407
0.0,22,0,157,407
3.0,9,0,140,407
0.0,15,0,175,407
1.0,12,0,119,407
0.0,20,0,156,407
0.0,17,0,176,407
0.0,25,0,145,407
0.0,24,0,110,407
0.0,21,0,160,407
11.0,4,0,177,407
0.0,23,0,178,407
9.0,5,0,95,407
0.0,26,0,179,407
15.0,4,1,137,408
25.0,1,1,102,408
7.0,7,0,172,408
5.0,9,0,163,408
2.0,12,0,84,408
6.0,8,0,77,408
0.0,15,0,166,408
0.0,17,0,173,408
0.0,19,0,174,408
2.0,11,0,170,408
0.0,14,0,123,408
3.0,10,0,105,408
23.0,2,2,117,408
0.0,23,0,157,408
7.0,6,0,140,408
0.0,16,0,175,408
1.0,13,0,119,408
0.0,21,0,156,408
0.0,18,0,176,408
0.0,26,0,145,408
0.0,24,0,110,408
0.0,22,0,160,408
11.0,5,0,177,408
0.0,20,0,178,408
18.0,3,1,95,408
0.0,25,0,179,408
19.0,4,1,137,409
27.0,3,1,102,409
7.0,7,0,172,409
6.0,9,0,163,409
2.0,12,0,84,409
6.0,8,0,77,409
0.0,15,0,166,409
0.0,17,0,173,409
0.0,19,0,174,409
2.0,11,0,170,409
0.0,14,0,123,409
3.0,10,0,105,409
29.0,1,2,117,409
0.0,25,0,157,409
7.0,6,0,140,409
0.0,16,0,175,409
1.0,13,0,119,409
0.0,21,0,156,409
0.0,18,0,176,409
0.0,26,0,145,409
0.0,24,0,110,409
0.0,23,0,160,409
14.0,5,0,177,409
0.0,20,0,178,409
27.0,2,2,95,409
0.0,22,0,179,409
0.0,27,0,118,409
0.0,28,0,158,410
0.0,23,0,179,410
29.0,3,2,95,410
0.0,25,0,160,410
0.0,26,0,110,410
0.0,20,0,176,410
0.0,17,0,156,410
0.0,18,0,175,410
0.0,24,0,157,410
33.0,2,2,117,410
6.0,9,0,105,410
2.0,11,0,170,410
0.0,19,0,173,410
6.0,8,0,77,410
6.0,10,0,163,410
14.0,5,0,177,410
2.0,12,0,84,410
0.0,16,0,174,410
0.0,27,0,145,410
0.0,21,0,178,410
0.0,22,0,118,410
2.0,13,0,119,410
0.0,29,0,180,410
7.0,7,0,140,410
0.0,15,0,166,410
13.0,6,0,172,410
0.0,14,0,123,410
36.0,1,2,102,410
19.0,4,1,137,410
23.0,4,1,137,411
36.0,3,2,102,411
14.0,6,0,172,411
8.0,7,0,163,411
2.0,12,0,84,411
6.0,9,0,77,411
0.0,15,0,166,411
0.0,19,0,173,411
0.0,16,0,174,411
2.0,11,0,170,411
0.0,14,0,123,411
6.0,10,0,105,411
39.0,1,2,117,411
0.0,23,0,157,411
7.0,8,0,140,411
0.0,18,0,175,411
2.0,13,0,119,411
0.0,17,0,156,411
0.0,20,0,176,411
0.0,27,0,145,411
0.0,26,0,110,411
0.0,25,0,160,411
17.0,5,0,177,411
0.0,22,0,178,411
38.0,2,3,95,411
0.0,24,0,179,411
0.0,21,0,118,411
0.0,29,0,158,411
0.0,28,0,180,411
29.0,4,1,137,412
36.0,3,2,102,412
14.0,6,0,172,412
11.0,7,0,163,412
4.0,11,0,84,412
6.0,9,0,77,412
1.0,14,0,166,412
0.0,20,0,173,412
0.0,16,0,174,412
2.0,12,0,170,412
0.0,15,0,123,412
6.0,10,0,105,412
43.0,2,2,117,412
0.0,23,0,157,412
7.0,8,0,140,412
0.0,19,0,175,412
2.0,13,0,119,412
0.0,18,0,156,412
0.0,21,0,176,412
0.0,26,0,145,412
0.0,27,0,110,412
0.0,25,0,160,412
17.0,5,0,177,412
0.0,22,0,178,412
47.0,1,4,95,412
0.0,24,0,179,412
0.0,17,0,118,412
0.0,29,0,158,412
0.0,28,0,180,412
38.0,4,2,137,413
42.0,3,2,102,413
14.0,6,0,172,413
14.0,7,0,163,413
4.0,11,0,84,413
6.0,9,0,77,413
1.0,14,0,166,413
0.0,20,0,173,413
0.0,16,0,174,413
2.0,12,0,170,413
0.0,15,0,123,413
6.0,10,0,105,413
44.0,2,2,117,413
0.0,23,0,157,413
7.0,8,0,140,413
0.0,18,0,175,413
2.0,13,0,119,413
0.0,19,0,156,413
0.0,21,0,176,413
0.0,27,0,145,413
0.0,28,0,110,413
0.0,26,0,160,413
19.0,5,0,177,413
0.0,22,0,178,413
51.0,1,4,95,413
0.0,24,0,179,413
0.0,17,0,118,413
0.0,29,0,158,413
0.0,25,0,180,413
0.0,30,0,112,413
47.0,3,3,137,414
48.0,2,2,102,414
14.0,6,0,172,414
14.0,7,0,163,414
5.0,11,0,84,414
6.0,9,0,77,414
1.0,15,0,166,414
0.0,20,0,173,414
2.0,12,0,174,414
2.0,13,0,170,414
0.0,16,0,123,414
6.0,10,0,105,414
44.0,4,2,117,414
0.0,24,0,157,414
10.0,8,0,140,414
0.0,17,0,175,414
2.0,14,0,119,414
0.0,19,0,156,414
0.0,21,0,176,414
0.0,28,0,145,414
0.0,29,0,110,414
0.0,27,0,160,414
19.0,5,0,177,414
0.0,22,0,178,414
55.0,1,4,95,414
0.0,25,0,179,414
0.0,18,0,118,414
0.0,30,0,158,414
0.0,26,0,180,414
0.0,23,0,112,414
47.0,4,3,137,415
48.0,3,2,102,415
14.0,6,0,172,415
14.0,8,0,163,415
5.0,11,0,84,415
6.0,10,0,77,415
1.0,17,0,166,415
0.0,23,0,173,415
2.0,13,0,174,415
2.0,15,0,170,415
0.0,19,0,123,415
12.0,9,0,105,415
53.0,2,3,117,415
1.0,18,0,157,415
14.0,7,0,140,415
2.0,14,0,175,415
2.0,16,0,119,415
0.0,21,0,156,415
0.0,24,0,176,415
0.0,28,0,145,415
0.0,29,0,110,415
0.0,26,0,160,415
19.0,5,0,177,415
3.0,12,0,178,415
55.0,1,4,95,415
0.0,22,0,179,415
0.0,20,0,118,415
0.0,30,0,158,415
0.0,27,0,180,415
0.0,25,0,112,415
56.0,2,4,137,416
48.0,4,2,102,416
14.0,7,0,172,416
14.0,8,0,163,416
5.0,11,0,84,416
8.0,10,0,77,416
1.0,17,0,166,416
0.0,23,0,173,416
2.0,13,0,174,416
2.0,15,0,170,416
0.0,19,0,123,416
12.0,9,0,105,416
53.0,3,3,117,416
1.0,18,0,157,416
18.0,6,0,140,416
2.0,14,0,175,416
2.0,16,0,119,416
0.0,21,0,156,416
0.0,24,0,176,416
0.0,29,0,145,416
0.0,30,0,110,416
0.0,26,0,160,416
22.0,5,0,177,416
4.0,12,0,178,416
61.0,1,4,95,416
0.0,22,0,179,416
0.0,20,0,118,416
0.0,32,0,158,416
0.0,27,0,180,416
0.0,25,0,112,416
0.0,28,0,133,416
0.0,31,0,122,416
60.0,2,4,137,417
51.0,4,2,102,417
14.0,7,0,172,417
14.0,9,0,163,417
5.0,11,0,84,417
8.0,10,0,77,417
1.0,17,0,166,417
0.0,23,0,173,417
2.0,13,0,174,417
2.0,15,0,170,417
0.0,19,0,123,417
14.0,8,0,105,417
59.0,3,3,117,417
1.0,18,0,157,417
19.0,6,0,140,417
2.0,14,0,175,417
2.0,16,0,119,417
0.0,21,0,156,417
0.0,24,0,176,417
0.0,29,0,145,417
0.0,30,0,110,417
0.0,26,0,160,417
22.0,5,0,177,417
4.0,12,0,178,417
70.0,1,5,95,417
0.0,22,0,179,417
0.0,20,0,118,417
0.0,32,0,158,417
0.0,27,0,180,417
0.0,25,0,112,417
0.0,28,0,133,417
0.0,31,0,122,417
63.0,3,4,137,418
55.0,4,2,102,418
14.0,8,0,172,418
14.0,10,0,163,418
5.0,11,0,84,418
17.0,7,1,77,418
1.0,17,0,166,418
0.0,25,0,173,418
2.0,13,0,174,418
2.0,15,0,170,418
0.0,20,0,123,418
14.0,9,0,105,418
64.0,2,3,117,418
1.0,18,0,157,418
19.0,6,0,140,418
2.0,14,0,175,418
2.0,16,0,119,418
0.0,22,0,156,418
0.0,26,0,176,418
0.0,29,0,145,418
0.0,24,0,110,418
0.0,27,0,160,418
22.0,5,0,177,418
4.0,12,0,178,418
70.0,1,5,95,418
0.0,23,0,179,418
0.0,21,0,118,418
0.0,32,0,158,418
0.0,28,0,180,418
1.0,19,0,112,418
0.0,30,0,133,418
0.0,31,0,122,418
69.0,3,4,137,419
55.0,4,2,102,419
14.0,8,0,172,419
14.0,10,0,163,419
8.0,11,0,84,419
17.0,7,1,77,419
3.0,14,0,166,419
0.0,25,0,173,419
3.0,13,0,174,419
2.0,16,0,170,419
0.0,20,0,123,419
14.0,9,0,105,419
72.0,1,4,117,419
1.0,18,0,157,419
23.0,5,0,140,419
2.0,15,0,175,419
2.0,17,0,119,419
0.0,22,0,156,419
0.0,26,0,176,419
0.0,29,0,145,419
0.0,24,0,110,419
0.0,27,0,160,419
22.0,6,0,177,419
4.0,12,0,178,419
70.0,2,5,95,419
0.0,23,0,179,419
0.0,21,0,118,419
0.0,32,0,158,419
0.0,28,0,180,419
1.0,19,0,112,419
0.0,30,0,133,419
0.0,31,0,122,419
9.0,1,1,117,420
6.0,2,0,105,420
4.0,3,0,173,420
3.0,4,0,163,420
2.0,5,0,175,420
1.0,6,0,172,420
0.0,7,0,140,420
0.0,8,0,84,420
0.0,9,0,112,420
0.0,10,0,118,420
0.0,11,0,123,420
0.0,12,0,160,420
0.0,13,0,181,420
0.0,14,0,77,420
0.0,15,0,102,420
0.0,16,0,158,420
0.0,17,0,94,420
0.0,18,0,182,420
0.0,19,0,110,420
0.0,20,0,119,420
0.0,21,0,177,420
0.0,22,0,183,420
0.0,23,0,95,420
0.0,24,0,184,420
0.0,25,0,137,420
9.0,2,1,117,421
12.0,1,0,105,421
7.0,4,0,173,421
3.0,6,0,163,421
6.0,5,0,175,421
1.0,8,0,172,421
0.0,10,0,140,421
0.0,12,0,84,421
0.0,14,0,112,421
0.0,11,0,118,421
0.0,15,0,123,421
0.0,13,0,160,421
0.0,16,0,181,421
0.0,20,0,77,421
9.0,3,1,102,421
0.0,18,0,158,421
0.0,22,0,94,421
0.0,17,0,182,421
0.0,19,0,110,421
0.0,25,0,119,421
0.0,24,0,177,421
0.0,26,0,183,421
2.0,7,0,95,421
0.0,23,0,184,421
0.0,21,0,137,421
1.0,9,0,185,421
0.0,27,0,156,421
9.0,5,1,117,422
12.0,2,0,105,422
16.0,1,1,173,422
3.0,9,0,163,422
10.0,3,0,175,422
1.0,11,0,172,422
1.0,10,0,140,422
0.0,14,0,84,422
0.0,17,0,112,422
0.0,13,0,118,422
6.0,6,0,123,422
0.0,16,0,160,422
0.0,18,0,181,422
0.0,21,0,77,422
9.0,4,1,102,422
0.0,19,0,158,422
0.0,23,0,94,422
3.0,8,0,182,422
0.0,20,0,110,422
0.0,25,0,119,422
0.0,22,0,177,422
0.0,26,0,183,422
4.0,7,0,95,422
0.0,24,0,184,422
0.0,15,0,137,422
1.0,12,0,185,422
0.0,27,0,156,422
18.0,2,2,117,423
18.0,3,0,105,423
20.0,1,1,173,423
3.0,10,0,163,423
10.0,4,0,175,423
2.0,12,0,172,423
1.0,13,0,140,423
0.0,15,0,84,423
0.0,19,0,112,423
2.0,11,0,118,423
6.0,6,0,123,423
0.0,18,0,160,423
0.0,21,0,181,423
0.0,24,0,77,423
9.0,5,1,102,423
0.0,22,0,158,423
0.0,26,0,94,423
3.0,8,0,182,423
3.0,9,0,110,423
0.0,23,0,119,423
0.0,17,0,177,423
0.0,28,0,183,423
4.0,7,0,95,423
0.0,27,0,184,423
0.0,16,0,137,423
1.0,14,0,185,423
0.0,20,0,156,423
0.0,25,0,170,423
22.0,2,2,117,424
27.0,1,1,105,424
22.0,3,1,173,424
3.0,12,0,163,424
10.0,4,0,175,424
2.0,14,0,172,424
7.0,6,0,140,424
0.0,16,0,84,424
0.0,19,0,112,424
2.0,13,0,118,424
6.0,7,0,123,424
0.0,18,0,160,424
0.0,22,0,181,424
0.0,23,0,77,424
9.0,5,1,102,424
0.0,25,0,158,424
0.0,27,0,94,424
3.0,11,0,182,424
3.0,10,0,110,424
0.0,20,0,119,424
3.0,9,0,177,424
0.0,29,0,183,424
5.0,8,0,95,424
0.0,28,0,184,424
0.0,17,0,137,424
1.0,15,0,185,424
0.0,21,0,156,424
0.0,26,0,170,424
0.0,24,0,176,424
0.0,18,0,176,425
2.0,14,0,118,425
6.0,8,0,123,425
0.0,22,0,119,425
0.0,26,0,170,425
0.0,24,0,156,425
4.0,10,0,185,425
1.0,16,0,137,425
0.0,28,0,184,425
5.0,9,0,95,425
0.0,29,0,183,425
12.0,5,1,177,425
3.0,11,0,110,425
3.0,12,0,182,425
0.0,23,0,77,425
9.0,7,1,102,425
0.0,20,0,158,425
0.0,27,0,94,425
0.0,25,0,181,425
0.0,19,0,160,425
0.0,21,0,112,425
0.0,17,0,84,425
13.0,4,0,140,425
2.0,15,0,172,425
10.0,6,0,175,425
24.0,2,1,173,425
3.0,13,0,163,425
31.0,1,1,105,425
22.0,3,2,117,425
0.0,17,0,176,426
0.0,26,0,170,426
0.0,24,0,156,426
4.0,11,0,185,426
10.0,7,1,137,426
0.0,28,0,184,426
5.0,10,0,95,426
0.0,29,0,183,426
0.0,22,0,119,426
3.0,12,0,110,426
3.0,13,0,182,426
0.0,19,0,158,426
9.0,8,1,102,426
0.0,23,0,77,426
0.0,20,0,160,426
2.0,15,0,118,426
0.0,18,0,84,426
11.0,6,0,175,426
3.0,14,0,163,426
31.0,1,1,105,426
0.0,21,0,112,426
0.0,25,0,181,426
2.0,16,0,172,426
16.0,5,0,140,426
26.0,2,2,117,426
18.0,4,1,177,426
0.0,27,0,94,426
26.0,3,1,173,426
6.0,9,0,123,426
35.0,2,3,117,427
37.0,1,1,105,427
26.0,3,1,173,427
3.0,16,0,163,427
11.0,7,0,175,427
6.0,10,0,172,427
16.0,5,0,140,427
0.0,18,0,84,427
0.0,23,0,112,427
4.0,13,0,118,427
6.0,9,0,123,427
0.0,22,0,160,427
0.0,25,0,181,427
0.0,19,0,77,427
9.0,8,1,102,427
0.0,21,0,158,427
0.0,27,0,94,427
3.0,15,0,182,427
3.0,14,0,110,427
0.0,20,0,119,427
18.0,4,1,177,427
0.0,29,0,183,427
5.0,11,0,95,427
0.0,28,0,184,427
13.0,6,1,137,427
4.0,12,0,185,427
0.0,24,0,156,427
0.0,26,0,170,427
1.0,17,0,176,427
41.0,2,3,117,428
46.0,1,2,105,428
26.0,3,1,173,428
3.0,16,0,163,428
11.0,7,0,175,428
10.0,8,0,172,428
16.0,5,0,140,428
0.0,18,0,84,428
0.0,23,0,112,428
4.0,14,0,118,428
9.0,10,0,123,428
0.0,22,0,160,428
0.0,26,0,181,428
0.0,19,0,77,428
9.0,9,1,102,428
0.0,21,0,158,428
0.0,24,0,94,428
5.0,12,0,182,428
3.0,15,0,110,428
0.0,20,0,119,428
18.0,4,1,177,428
0.0,30,0,183,428
6.0,11,0,95,428
0.0,29,0,184,428
13.0,6,1,137,428
4.0,13,0,185,428
0.0,25,0,156,428
0.0,27,0,170,428
1.0,17,0,176,428
0.0,28,0,179,428
50.0,1,4,117,429
50.0,2,2,105,429
28.0,3,1,173,429
3.0,16,0,163,429
11.0,8,0,175,429
10.0,9,0,172,429
19.0,4,0,140,429
0.0,18,0,84,429
0.0,23,0,112,429
4.0,14,0,118,429
9.0,10,0,123,429
0.0,22,0,160,429
0.0,27,0,181,429
0.0,19,0,77,429
15.0,6,1,102,429
0.0,21,0,158,429
0.0,25,0,94,429
5.0,12,0,182,429
3.0,15,0,110,429
0.0,20,0,119,429
18.0,5,1,177,429
0.0,31,0,183,429
6.0,11,0,95,429
0.0,30,0,184,429
13.0,7,1,137,429
4.0,13,0,185,429
0.0,26,0,156,429
0.0,28,0,170,429
2.0,17,0,176,429
0.0,24,0,179,429
0.0,29,0,186,429
56.0,1,4,117,430
53.0,2,2,105,430
30.0,3,1,173,430
3.0,16,0,163,430
11.0,9,0,175,430
10.0,10,0,172,430
19.0,5,0,140,430
0.0,18,0,84,430
0.0,24,0,112,430
4.0,14,0,118,430
9.0,11,0,123,430
0.0,22,0,160,430
0.0,27,0,181,430
0.0,19,0,77,430
19.0,4,1,102,430
0.0,21,0,158,430
0.0,25,0,94,430
14.0,7,1,182,430
3.0,15,0,110,430
0.0,20,0,119,430
18.0,6,1,177,430
0.0,31,0,183,430
7.0,12,0,95,430
0.0,30,0,184,430
13.0,8,1,137,430
4.0,13,0,185,430
0.0,26,0,156,430
0.0,28,0,170,430
2.0,17,0,176,430
0.0,23,0,179,430
0.0,29,0,186,430
65.0,1,5,117,431
53.0,2,2,105,431
31.0,3,1,173,431
3.0,17,0,163,431
11.0,9,0,175,431
10.0,10,0,172,431
21.0,5,0,140,431
0.0,18,0,84,431
0.0,24,0,112,431
4.0,15,0,118,431
9.0,11,0,123,431
0.0,22,0,160,431
0.0,28,0,181,431
0.0,19,0,77,431
23.0,4,1,102,431
0.0,21,0,158,431
0.0,26,0,94,431
14.0,8,1,182,431
3.0,16,0,110,431
0.0,20,0,119,431
18.0,7,1,177,431
0.0,32,0,183,431
7.0,12,0,95,431
0.0,31,0,184,431
19.0,6,1,137,431
4.0,14,0,185,431
0.0,27,0,156,431
0.0,29,0,170,431
5.0,13,0,176,431
0.0,23,0,179,431
0.0,30,0,186,431
0.0,25,0,166,431
0.0,33,0,178,431
69.0,1,5,117,432
53.0,2,2,105,432
31.0,4,1,173,432
3.0,17,0,163,432
11.0,10,0,175,432
10.0,11,0,172,432
21.0,7,0,140,432
0.0,18,0,84,432
0.0,25,0,112,432
5.0,14,0,118,432
9.0,12,0,123,432
0.0,23,0,160,432
0.0,28,0,181,432
0.0,19,0,77,432
32.0,3,2,102,432
0.0,21,0,158,432
0.0,26,0,94,432
14.0,8,1,182,432
3.0,16,0,110,432
0.0,20,0,119,432
21.0,5,1,177,432
0.0,33,0,183,432
13.0,9,0,95,432
0.0,31,0,184,432
21.0,6,1,137,432
4.0,15,0,185,432
0.0,27,0,156,432
0.0,29,0,170,432
5.0,13,0,176,432
0.0,24,0,179,432
0.0,30,0,186,432
0.0,22,0,166,432
0.0,34,0,178,432
0.0,32,0,157,432
72.0,1,5,117,433
53.0,2,2,105,433
33.0,4,1,173,433
3.0,17,0,163,433
11.0,10,0,175,433
10.0,12,0,172,433
21.0,8,0,140,433
0.0,18,0,84,433
0.0,26,0,112,433
5.0,14,0,118,433
10.0,11,0,123,433
0.0,24,0,160,433
0.0,29,0,181,433
0.0,19,0,77,433
38.0,3,2,102,433
0.0,23,0,158,433
0.0,27,0,94,433
14.0,9,1,182,433
3.0,16,0,110,433
0.0,22,0,119,433
25.0,5,1,177,433
0.0,35,0,183,433
22.0,6,1,95,433
0.0,34,0,184,433
21.0,7,1,137,433
4.0,15,0,185,433
0.0,28,0,156,433
0.0,30,0,170,433
5.0,13,0,176,433
0.0,25,0,179,433
0.0,32,0,186,433
0.0,21,0,166,433
0.0,36,0,178,433
0.0,31,0,157,433
0.0,20,0,187,433
0.0,33,0,122,433
73.0,1,5,117,434
53.0,2,2,105,434
33.0,4,1,173,434
3.0,17,0,163,434
11.0,11,0,175,434
10.0,12,0,172,434
24.0,7,0,140,434
0.0,19,0,84,434
0.0,26,0,112,434
5.0,14,0,118,434
11.0,10,0,123,434
0.0,24,0,160,434
0.0,29,0,181,434
2.0,18,0,77,434
38.0,3,2,102,434
0.0,23,0,158,434
0.0,27,0,94,434
14.0,9,1,182,434
3.0,16,0,110,434
0.0,22,0,119,434
31.0,6,1,177,434
0.0,36,0,183,434
31.0,5,2,95,434
0.0,34,0,184,434
21.0,8,1,137,434
4.0,15,0,185,434
0.0,28,0,156,434
0.0,30,0,170,434
5.0,13,0,176,434
0.0,25,0,179,434
0.0,32,0,186,434
0.0,21,0,166,434
0.0,35,0,178,434
0.0,31,0,157,434
0.0,20,0,187,434
0.0,33,0,122,434
73.0,1,5,117,435
53.0,2,2,105,435
33.0,5,1,173,435
3.0,19,0,163,435
11.0,12,0,175,435
16.0,9,0,172,435
26.0,7,0,140,435
0.0,21,0,84,435
0.0,28,0,112,435
5.0,14,0,118,435
11.0,11,0,123,435
0.0,27,0,160,435
0.0,30,0,181,435
3.0,20,0,77,435
38.0,4,2,102,435
0.0,26,0,158,435
0.0,24,0,94,435
14.0,10,1,182,435
3.0,17,0,110,435
0.0,25,0,119,435
40.0,3,2,177,435
0.0,36,0,183,435
31.0,6,2,95,435
0.0,34,0,184,435
21.0,8,1,137,435
4.0,16,0,185,435
0.0,29,0,156,435
0.0,31,0,170,435
5.0,13,0,176,435
0.0,22,0,179,435
0.0,33,0,186,435
4.0,15,0,166,435
0.0,35,0,178,435
0.0,32,0,157,435
0.0,23,0,187,435
3.0,18,0,122,435
9.0,1,1,117,436
6.0,2,0,177,436
4.0,3,0,173,436
3.0,4,0,158,436
2.0,5,0,175,436
1.0,6,0,123,436
0.0,7,0,176,436
0.0,8,0,156,436
0.0,9,0,118,436
0.0,10,0,110,436
0.0,11,0,119,436
0.0,12,0,182,436
0.0,13,0,95,436
0.0,14,0,137,436
0.0,15,0,170,436
0.0,16,0,163,436
0.0,17,0,160,436
0.0,18,0,183,436
0.0,19,0,112,436
0.0,20,0,188,436
0.0,21,0,172,436
0.0,22,0,105,436
0.0,23,0,184,436
0.0,24,0,102,436
15.0,1,1,117,437
6.0,3,0,177,437
4.0,4,0,173,437
3.0,7,0,158,437
2.0,9,0,175,437
1.0,10,0,123,437
0.0,12,0,176,437
0.0,14,0,156,437
4.0,5,0,118,437
2.0,8,0,110,437
3.0,6,0,119,437
9.0,2,1,182,437
0.0,18,0,95,437
0.0,19,0,137,437
0.0,22,0,170,437
0.0,23,0,163,437
0.0,25,0,160,437
0.0,15,0,183,437
0.0,26,0,112,437
0.0,27,0,188,437
0.0,21,0,172,437
0.0,16,0,105,437
0.0,13,0,184,437
1.0,11,0,102,437
0.0,17,0,84,437
0.0,20,0,185,437
0.0,24,0,181,437
15.0,1,1,117,438
9.0,5,0,177,438
6.0,6,0,173,438
3.0,9,0,158,438
2.0,10,0,175,438
1.0,13,0,123,438
0.0,14,0,176,438
0.0,15,0,156,438
10.0,2,0,118,438
2.0,11,0,110,438
3.0,8,0,119,438
9.0,4,1,182,438
0.0,20,0,95,438
0.0,17,0,137,438
0.0,21,0,170,438
4.0,7,0,163,438
0.0,25,0,160,438
0.0,18,0,183,438
0.0,26,0,112,438
0.0,27,0,188,438
0.0,24,0,172,438
9.0,3,1,105,438
0.0,16,0,184,438
2.0,12,0,102,438
0.0,19,0,84,438
0.0,22,0,185,438
0.0,23,0,181,438
0.0,27,0,189,439
0.0,24,0,185,439
2.0,13,0,102,439
9.0,5,1,105,439
0.0,26,0,172,439
0.0,19,0,112,439
0.0,28,0,160,439
10.0,3,0,163,439
0.0,23,0,170,439
0.0,22,0,95,439
9.0,6,1,182,439
3.0,9,0,119,439
3.0,11,0,110,439
13.0,2,0,118,439
0.0,14,0,176,439
3.0,10,0,123,439
2.0,12,0,175,439
3.0,8,0,158,439
9.0,7,0,177,439
0.0,25,0,181,439
0.0,15,0,184,439
0.0,21,0,84,439
0.0,16,0,156,439
0.0,20,0,188,439
0.0,17,0,137,439
0.0,18,0,183,439
10.0,4,0,173,439
24.0,1,2,117,439
24.0,1,2,117,440
10.0,6,0,177,440
12.0,5,0,173,440
3.0,10,0,158,440
8.0,8,0,175,440
3.0,13,0,123,440
0.0,15,0,176,440
0.0,17,0,156,440
13.0,3,0,118,440
3.0,12,0,110,440
3.0,11,0,119,440
18.0,2,2,182,440
4.0,9,0,95,440
0.0,19,0,137,440
0.0,20,0,170,440
13.0,4,0,163,440
0.0,22,0,160,440
0.0,21,0,183,440
0.0,23,0,112,440
0.0,24,0,188,440
0.0,18,0,172,440
9.0,7,1,105,440
0.0,16,0,184,440
2.0,14,0,102,440
0.0,25,0,84,440
0.0,26,0,185,440
0.0,27,0,181,440
0.0,28,0,189,440
28.5,1,3,117,441
11.5,6,0,177,441
13.0,5,0,173,441
3.0,11,0,158,441
8.0,8,0,175,441
3.0,14,0,123,441
0.0,15,0,176,441
0.0,19,0,156,441
13.0,4,0,118,441
3.0,13,0,110,441
3.0,12,0,119,441
18.0,2,2,182,441
4.0,10,0,95,441
0.0,20,0,137,441
0.0,21,0,170,441
15.0,3,0,163,441
0.0,16,0,160,441
0.0,22,0,183,441
0.0,24,0,112,441
0.0,25,0,188,441
0.0,18,0,172,441
9.5,7,1,105,441
0.0,17,0,184,441
5.0,9,0,102,441
0.0,26,0,84,441
0.0,27,0,185,441
0.0,23,0,181,441
0.0,29,0,189,441
0.0,28,0,190,441
32.5,1,3,117,442
11.5,6,0,177,442
16.0,4,0,173,442
3.0,12,0,158,442
8.0,9,0,175,442
3.0,15,0,123,442
0.0,16,0,176,442
0.0,20,0,156,442
13.0,5,0,118,442
3.0,14,0,110,442
3.0,13,0,119,442
24.0,2,2,182,442
5.0,11,0,95,442
9.0,8,1,137,442
0.0,23,0,170,442
17.0,3,0,163,442
0.0,17,0,160,442
0.0,25,0,183,442
0.0,24,0,112,442
0.0,22,0,188,442
0.0,19,0,172,442
9.5,7,1,105,442
0.0,18,0,184,442
5.0,10,0,102,442
0.0,26,0,84,442
0.0,27,0,185,442
0.0,21,0,181,442
0.0,30,0,189,442
0.0,29,0,190,442
0.0,28,0,179,442
0.0,31,0,191,442
35.5,1,3,117,443
11.5,7,0,177,443
22.0,3,0,173,443
3.0,13,0,158,443
8.0,9,0,175,443
3.0,16,0,123,443
0.0,18,0,176,443
0.0,21,0,156,443
13.0,6,0,118,443
3.0,15,0,110,443
3.0,14,0,119,443
24.0,2,2,182,443
5.0,11,0,95,443
18.0,4,2,137,443
4.0,12,0,170,443
17.0,5,0,163,443
0.0,19,0,160,443
0.0,25,0,183,443
0.0,24,0,112,443
0.0,23,0,188,443
2.0,17,0,172,443
9.5,8,1,105,443
0.0,20,0,184,443
5.0,10,0,102,443
0.0,26,0,84,443
0.0,28,0,185,443
0.0,22,0,181,443
0.0,30,0,189,443
0.0,29,0,190,443
0.0,27,0,179,443
0.0,31,0,191,443
35.5,1,3,117,444
20.5,5,1,177,444
26.0,2,0,173,444
3.0,14,0,158,444
8.0,9,0,175,444
3.0,17,0,123,444
0.0,19,0,176,444
0.0,23,0,156,444
13.0,7,0,118,444
3.0,16,0,110,444
3.0,15,0,119,444
24.0,3,2,182,444
6.0,10,0,95,444
18.0,6,2,137,444
4.0,13,0,170,444
23.0,4,0,163,444
2.0,18,0,160,444
0.0,26,0,183,444
0.0,25,0,112,444
0.0,24,0,188,444
5.0,12,0,172,444
9.5,8,1,105,444
0.0,21,0,184,444
5.0,11,0,102,444
0.0,27,0,84,444
0.0,29,0,185,444
0.0,22,0,181,444
0.0,30,0,189,444
0.0,20,0,190,444
0.0,28,0,179,444
0.0,31,0,191,444
35.5,1,3,117,445
20.5,5,1,177,445
29.0,3,0,173,445
3.0,14,0,158,445
8.0,10,0,175,445
3.0,17,0,123,445
0.0,19,0,176,445
0.0,23,0,156,445
19.0,6,0,118,445
3.0,16,0,110,445
3.0,15,0,119,445
33.0,2,3,182,445
6.0,11,0,95,445
18.0,7,2,137,445
4.0,13,0,170,445
24.0,4,0,163,445
2.0,18,0,160,445
0.0,26,0,183,445
0.0,25,0,112,445
0.0,24,0,188,445
5.0,12,0,172,445
11.5,8,1,105,445
0.0,21,0,184,445
9.0,9,0,102,445
0.0,27,0,84,445
0.0,29,0,185,445
0.0,22,0,181,445
0.0,30,0,189,445
0.0,20,0,190,445
0.0,28,0,179,445
0.0,31,0,191,445
44.5,1,4,117,446
20.5,6,1,177,446
29.0,3,0,173,446
3.0,14,0,158,446
10.0,9,0,175,446
3.0,17,0,123,446
0.0,19,0,176,446
0.0,23,0,156,446
23.0,5,0,118,446
3.0,16,0,110,446
3.0,15,0,119,446
39.0,2,3,182,446
9.0,11,0,95,446
18.0,7,2,137,446
4.0,13,0,170,446
25.0,4,0,163,446
2.0,18,0,160,446
0.0,24,0,183,446
0.0,27,0,112,446
0.0,25,0,188,446
5.0,12,0,172,446
11.5,8,1,105,446
0.0,22,0,184,446
9.0,10,0,102,446
0.0,28,0,84,446
0.0,29,0,185,446
0.0,21,0,181,446
0.0,30,0,189,446
0.0,20,0,190,446
0.0,26,0,179,446
0.0,31,0,191,446
44.5,2,4,117,447
20.5,7,1,177,447
29.0,3,0,173,447
3.0,15,0,158,447
10.0,9,0,175,447
5.0,14,0,123,447
1.0,19,0,176,447
0.0,24,0,156,447
23.0,6,0,118,447
3.0,17,0,110,447
3.0,16,0,119,447
48.0,1,4,182,447
9.0,11,0,95,447
24.0,5,2,137,447
7.0,12,0,170,447
25.0,4,0,163,447
2.0,18,0,160,447
0.0,21,0,183,447
0.0,27,0,112,447
0.0,25,0,188,447
5.0,13,0,172,447
15.5,8,1,105,447
0.0,23,0,184,447
9.0,10,0,102,447
0.0,29,0,84,447
0.0,30,0,185,447
0.0,22,0,181,447
0.0,31,0,189,447
0.0,20,0,190,447
0.0,26,0,179,447
0.0,32,0,191,447
0.0,28,0,77,447
0.0,33,0,140,447
53.5,2,5,117,448
20.5,7,1,177,448
32.0,3,0,173,448
3.0,15,0,158,448
11.0,10,0,175,448
5.0,14,0,123,448
1.0,19,0,176,448
0.0,24,0,156,448
23.0,6,0,118,448
3.0,17,0,110,448
3.0,16,0,119,448
54.0,1,4,182,448
13.0,9,0,95,448
24.0,5,2,137,448
9.0,12,0,170,448
25.0,4,0,163,448
2.0,18,0,160,448
0.0,20,0,183,448
0.0,27,0,112,448
0.0,25,0,188,448
5.0,13,0,172,448
15.5,8,1,105,448
0.0,23,0,184,448
9.0,11,0,102,448
0.0,30,0,84,448
0.0,31,0,185,448
0.0,22,0,181,448
0.0,28,0,189,448
0.0,21,0,190,448
0.0,26,0,179,448
0.0,32,0,191,448
0.0,29,0,77,448
0.0,33,0,140,448
0.0,34,0,94,449
3.0,17,0,140,449
0.0,22,0,77,449
0.0,33,0,191,449
0.0,28,0,179,449
0.0,24,0,190,449
0.0,21,0,189,449
0.0,32,0,185,449
0.0,31,0,84,449
9.0,11,0,102,449
21.5,7,1,105,449
5.0,14,0,172,449
0.0,29,0,188,449
0.0,30,0,112,449
0.0,23,0,183,449
25.0,4,0,163,449
9.0,12,0,170,449
24.0,5,2,137,449
3.0,18,0,110,449
23.0,6,0,118,449
1.0,20,0,176,449
5.0,15,0,123,449
11.0,10,0,175,449
32.0,3,0,173,449
0.0,26,0,184,449
0.0,25,0,181,449
13.0,9,0,95,449
2.0,19,0,160,449
20.5,8,1,177,449
3.0,16,0,158,449
0.0,27,0,156,449
63.0,1,5,182,449
7.0,13,0,119,449
53.5,2,5,117,449
62.5,2,6,117,450
20.5,8,1,177,450
32.0,3,0,173,450
3.0,16,0,158,450
11.0,10,0,175,450
5.0,15,0,123,450
1.0,20,0,176,450
0.0,27,0,156,450
23.0,7,0,118,450
3.0,18,0,110,450
8.0,13,0,119,450
66.0,1,5,182,450
13.0,9,0,95,450
28.0,4,2,137,450
9.0,12,0,170,450
27.0,6,0,163,450
2.0,19,0,160,450
0.0,23,0,183,450
0.0,30,0,112,450
0.0,29,0,188,450
5.0,14,0,172,450
27.5,5,1,105,450
0.0,25,0,184,450
9.0,11,0,102,450
0.0,31,0,84,450
0.0,32,0,185,450
0.0,26,0,181,450
0.0,21,0,189,450
0.0,24,0,190,450
0.0,28,0,179,450
0.0,33,0,191,450
0.0,22,0,77,450
3.0,17,0,140,450
0.0,34,0,94,450
71.5,2,7,117,451
20.5,8,1,177,451
34.0,3,0,173,451
3.0,16,0,158,451
11.0,11,0,175,451
5.0,15,0,123,451
1.0,20,0,176,451
0.0,27,0,156,451
23.0,7,0,118,451
3.0,18,0,110,451
8.0,13,0,119,451
72.0,1,5,182,451
13.0,10,0,95,451
29.0,5,2,137,451
9.0,12,0,170,451
27.0,6,0,163,451
2.0,19,0,160,451
0.0,23,0,183,451
0.0,30,0,112,451
0.0,29,0,188,451
5.0,14,0,172,451
30.5,4,1,105,451
0.0,25,0,184,451
13.0,9,0,102,451
0.0,31,0,84,451
0.0,32,0,185,451
0.0,26,0,181,451
0.0,21,0,189,451
0.0,24,0,190,451
0.0,28,0,179,451
0.0,34,0,191,451
0.0,22,0,77,451
3.0,17,0,140,451
0.0,35,0,94,451
0.0,33,0,166,451
9.0,1,1,137,452
4.0,2,0,182,452
3.0,3,0,172,452
2.0,4,0,175,452
1.0,5,0,176,452
0.0,6,0,117,452
0.0,7,0,118,452
0.0,8,0,192,452
0.0,9,0,163,452
0.0,10,0,193,452
0.0,11,0,95,452
0.0,12,0,188,452
0.0,13,0,194,452
0.0,14,0,181,452
0.0,15,0,195,452
0.0,16,0,158,452
0.0,17,0,187,452
0.0,18,0,196,452
0.0,19,0,184,452
0.0,20,0,197,452
0.0,21,0,119,452
0.0,22,0,190,452
0.0,23,0,152,452
0.0,24,0,105,452
0.0,25,0,110,452
0.0,26,0,160,452
9.0,2,1,137,453
10.0,1,0,182,453
6.0,4,0,172,453
2.0,7,0,175,453
3.0,6,0,176,453
0.0,9,0,117,453
0.0,12,0,118,453
0.0,14,0,192,453
4.0,5,0,163,453
0.0,11,0,193,453
0.0,16,0,95,453
1.0,8,0,188,453
0.0,18,0,194,453
0.0,19,0,181,453
0.0,22,0,195,453
0.0,17,0,158,453
9.0,3,1,187,453
0.0,10,0,196,453
0.0,26,0,184,453
0.0,24,0,197,453
0.0,15,0,119,453
0.0,28,0,190,453
0.0,25,0,152,453
0.0,13,0,105,453
0.0,21,0,110,453
0.0,29,0,160,453
0.0,20,0,178,453
0.0,23,0,173,453
0.0,27,0,177,453
15.0,1,1,137,454
10.0,2,0,182,454
7.0,5,0,172,454
5.0,6,0,175,454
3.0,9,0,176,454
9.0,3,1,117,454
0.0,15,0,118,454
0.0,17,0,192,454
4.0,7,0,163,454
0.0,14,0,193,454
0.0,19,0,95,454
1.0,11,0,188,454
0.0,22,0,194,454
0.0,23,0,181,454
0.0,26,0,195,454
4.0,8,0,158,454
9.0,4,1,187,454
0.0,12,0,196,454
0.0,28,0,184,454
0.0,16,0,197,454
0.0,18,0,119,454
0.0,25,0,190,454
0.0,21,0,152,454
0.0,13,0,105,454
0.0,20,0,110,454
0.0,29,0,160,454
0.0,24,0,178,454
0.0,27,0,173,454
2.0,10,0,177,454
0.0,30,0,168,454
15.0,2,1,137,455
10.0,5,0,182,455
7.0,7,0,172,455
14.0,3,1,175,455
4.0,10,0,176,455
15.0,1,1,117,455
0.0,16,0,118,455
0.0,13,0,192,455
8.0,6,0,163,455
0.0,15,0,193,455
0.0,21,0,95,455
1.0,11,0,188,455
0.0,24,0,194,455
0.0,20,0,181,455
0.0,28,0,195,455
4.0,9,0,158,455
11.0,4,1,187,455
0.0,12,0,196,455
0.0,19,0,184,455
0.0,17,0,197,455
0.0,18,0,119,455
0.0,27,0,190,455
0.0,23,0,152,455
0.0,14,0,105,455
0.0,22,0,110,455
0.0,29,0,160,455
0.0,25,0,178,455
0.0,26,0,173,455
5.0,8,0,177,455
0.0,30,0,168,455
21.0,1,1,137,456
10.0,6,0,182,456
7.0,8,0,172,456
17.0,3,1,175,456
4.0,10,0,176,456
19.0,2,1,117,456
0.0,17,0,118,456
0.0,14,0,192,456
8.0,7,0,163,456
2.0,11,0,193,456
0.0,21,0,95,456
1.0,13,0,188,456
0.0,24,0,194,456
0.0,20,0,181,456
0.0,28,0,195,456
4.0,9,0,158,456
11.0,5,1,187,456
0.0,15,0,196,456
1.0,12,0,184,456
0.0,18,0,197,456
0.0,19,0,119,456
0.0,27,0,190,456
0.0,23,0,152,456
0.0,16,0,105,456
0.0,22,0,110,456
0.0,29,0,160,456
0.0,26,0,178,456
0.0,25,0,173,456
14.0,4,1,177,456
0.0,30,0,168,456
24.0,2,1,137,457
10.0,6,0,182,457
8.0,9,0,172,457
23.0,3,1,175,457
4.0,10,0,176,457
28.0,1,2,117,457
0.0,15,0,118,457
0.0,14,0,192,457
8.0,7,0,163,457
2.0,11,0,193,457
0.0,23,0,95,457
1.0,12,0,188,457
0.0,25,0,194,457
0.0,22,0,181,457
0.0,28,0,195,457
8.0,8,0,158,457
11.0,5,1,187,457
0.0,16,0,196,457
1.0,13,0,184,457
0.0,20,0,197,457
0.0,21,0,119,457
0.0,27,0,190,457
0.0,18,0,152,457
0.0,17,0,105,457
0.0,24,0,110,457
0.0,30,0,160,457
0.0,26,0,178,457
0.0,19,0,173,457
16.0,4,1,177,457
0.0,31,0,168,457
0.0,29,0,123,457
27.0,2,1,137,458
10.0,6,0,182,458
10.0,7,0,172,458
23.0,3,1,175,458
4.0,11,0,176,458
28.0,1,2,117,458
0.0,17,0,118,458
0.0,16,0,192,458
8.0,9,0,163,458
2.0,12,0,193,458
1.0,15,0,95,458
1.0,13,0,188,458
0.0,26,0,194,458
0.0,24,0,181,458
0.0,27,0,195,458
8.0,10,0,158,458
15.0,5,1,187,458
0.0,18,0,196,458
1.0,14,0,184,458
0.0,22,0,197,458
0.0,23,0,119,458
0.0,29,0,190,458
0.0,20,0,152,458
9.0,8,1,105,458
0.0,25,0,110,458
0.0,30,0,160,458
0.0,28,0,178,458
0.0,21,0,173,458
22.0,4,1,177,458
0.0,31,0,168,458
0.0,19,0,123,458
27.0,2,1,137,459
10.0,8,0,182,459
10.0,9,0,172,459
27.0,3,1,175,459
4.0,11,0,176,459
30.0,1,2,117,459
0.0,18,0,118,459
0.0,17,0,192,459
17.0,5,1,163,459
2.0,12,0,193,459
1.0,15,0,95,459
1.0,14,0,188,459
0.0,26,0,194,459
0.0,21,0,181,459
0.0,27,0,195,459
14.0,7,0,158,459
16.0,6,1,187,459
0.0,19,0,196,459
1.0,13,0,184,459
0.0,23,0,197,459
0.0,24,0,119,459
0.0,29,0,190,459
0.0,20,0,152,459
9.0,10,1,105,459
0.0,25,0,110,459
0.0,30,0,160,459
0.0,28,0,178,459
0.0,22,0,173,459
25.0,4,1,177,459
0.0,32,0,168,459
0.0,16,0,123,459
0.0,31,0,198,459
33.0,2,1,137,460
11.0,8,0,182,460
10.0,9,0,172,460
31.0,3,1,175,460
4.0,12,0,176,460
39.0,1,3,117,460
0.0,18,0,118,460
0.0,17,0,192,460
19.0,5,1,163,460
2.0,13,0,193,460
4.0,11,0,95,460
1.0,15,0,188,460
0.0,26,0,194,460
0.0,23,0,181,460
0.0,27,0,195,460
14.0,7,0,158,460
16.0,6,1,187,460
0.0,19,0,196,460
1.0,14,0,184,460
0.0,22,0,197,460
0.0,25,0,119,460
0.0,29,0,190,460
0.0,20,0,152,460
9.0,10,1,105,460
0.0,21,0,110,460
0.0,30,0,160,460
0.0,28,0,178,460
0.0,24,0,173,460
25.0,4,1,177,460
0.0,34,0,168,460
0.0,16,0,123,460
0.0,32,0,198,460
0.0,31,0,140,460
0.0,33,0,186,460
33.0,2,1,137,461
11.0,8,0,182,461
11.0,9,0,172,461
31.0,3,1,175,461
4.0,14,0,176,461
42.0,1,3,117,461
0.0,20,0,118,461
0.0,19,0,192,461
28.0,4,2,163,461
2.0,15,0,193,461
4.0,13,0,95,461
1.0,17,0,188,461
0.0,26,0,194,461
0.0,24,0,181,461
0.0,27,0,195,461
14.0,7,0,158,461
18.0,6,1,187,461
0.0,21,0,196,461
1.0,16,0,184,461
0.0,22,0,197,461
4.0,12,0,119,461
0.0,29,0,190,461
0.0,23,0,152,461
9.0,10,1,105,461
6.0,11,0,110,461
0.0,30,0,160,461
0.0,28,0,178,461
0.0,25,0,173,461
25.0,5,1,177,461
0.0,34,0,168,461
0.0,18,0,123,461
0.0,33,0,198,461
0.0,31,0,140,461
0.0,32,0,186,461
37.0,2,1,137,462
12.0,8,0,182,462
11.0,9,0,172,462
31.0,4,1,175,462
4.0,14,0,176,462
51.0,1,4,117,462
0.0,21,0,118,462
0.0,20,0,192,462
34.0,3,2,163,462
2.0,15,0,193,462
6.0,12,0,95,462
1.0,17,0,188,462
0.0,29,0,194,462
0.0,24,0,181,462
0.0,30,0,195,462
17.0,7,0,158,462
18.0,6,1,187,462
0.0,22,0,196,462
1.0,16,0,184,462
0.0,19,0,197,462
4.0,13,0,119,462
0.0,26,0,190,462
0.0,23,0,152,462
9.0,10,1,105,462
6.0,11,0,110,462
0.0,27,0,160,462
0.0,31,0,178,462
0.0,25,0,173,462
25.0,5,1,177,462
0.0,34,0,168,462
0.0,18,0,123,462
0.0,33,0,198,462
0.0,28,0,140,462
0.0,32,0,186,462
37.0,3,1,137,463
12.0,8,0,182,463
11.0,9,0,172,463
37.0,4,1,175,463
4.0,14,0,176,463
51.0,1,4,117,463
3.0,15,0,118,463
0.0,21,0,192,463
43.0,2,3,163,463
2.0,17,0,193,463
6.0,12,0,95,463
1.0,18,0,188,463
0.0,30,0,194,463
0.0,25,0,181,463
0.0,29,0,195,463
17.0,7,0,158,463
22.0,6,1,187,463
0.0,22,0,196,463
3.0,16,0,184,463
0.0,20,0,197,463
4.0,13,0,119,463
0.0,27,0,190,463
0.0,24,0,152,463
10.0,10,1,105,463
6.0,11,0,110,463
0.0,28,0,160,463
0.0,31,0,178,463
0.0,26,0,173,463
25.0,5,1,177,463
0.0,34,0,168,463
0.0,19,0,123,463
0.0,33,0,198,463
0.0,23,0,140,463
0.0,32,0,186,463
46.0,3,2,137,464
12.0,8,0,182,464
11.0,9,0,172,464
40.0,4,1,175,464
4.0,15,0,176,464
51.0,1,4,117,464
4.0,14,0,118,464
0.0,23,0,192,464
49.0,2,3,163,464
2.0,17,0,193,464
6.0,12,0,95,464
1.0,19,0,188,464
0.0,30,0,194,464
0.0,26,0,181,464
0.0,29,0,195,464
21.0,7,0,158,464
22.0,6,1,187,464
0.0,24,0,196,464
3.0,16,0,184,464
0.0,21,0,197,464
4.0,13,0,119,464
0.0,27,0,190,464
0.0,22,0,152,464
10.0,10,1,105,464
6.0,11,0,110,464
0.0,28,0,160,464
0.0,31,0,178,464
2.0,18,0,173,464
25.0,5,1,177,464
0.0,34,0,168,464
0.0,20,0,123,464
0.0,33,0,198,464
0.0,25,0,140,464
0.0,32,0,186,464
0.0,30,0,156,465
0.0,33,0,186,465
0.0,25,0,140,465
0.0,34,0,198,465
0.0,21,0,123,465
0.0,35,0,168,465
25.0,5,1,177,465
0.0,32,0,178,465
0.0,28,0,160,465
9.0,12,0,110,465
1.0,19,0,152,465
0.0,27,0,190,465
4.0,14,0,119,465
0.0,24,0,196,465
22.0,6,1,187,465
6.0,13,0,118,465
4.0,15,0,176,465
40.0,4,1,175,465
12.0,8,0,182,465
0.0,23,0,192,465
49.0,3,3,163,465
2.0,17,0,193,465
10.0,11,0,95,465
1.0,20,0,188,465
0.0,31,0,194,465
0.0,26,0,181,465
0.0,29,0,195,465
21.0,7,0,158,465
57.0,1,4,117,465
2.0,18,0,173,465
10.0,10,1,105,465
0.0,22,0,197,465
55.0,2,3,137,465
3.0,16,0,184,465
11.0,9,0,172,465
59.0,1,3,137,466
12.0,10,0,182,466
11.0,11,0,172,466
40.0,4,1,175,466
4.0,15,0,176,466
57.0,2,4,117,466
9.0,14,0,118,466
0.0,23,0,192,466
49.0,3,3,163,466
2.0,17,0,193,466
10.0,13,0,95,466
1.0,20,0,188,466
0.0,32,0,194,466
0.0,26,0,181,466
0.0,29,0,195,466
22.0,7,0,158,466
22.0,6,1,187,466
0.0,24,0,196,466
3.0,16,0,184,466
0.0,22,0,197,466
13.0,9,1,119,466
0.0,27,0,190,466
1.0,19,0,152,466
10.0,12,1,105,466
15.0,8,0,110,466
0.0,28,0,160,466
0.0,33,0,178,466
2.0,18,0,173,466
27.0,5,1,177,466
0.0,35,0,168,466
0.0,21,0,123,466
0.0,34,0,198,466
0.0,25,0,140,466
0.0,30,0,186,466
0.0,31,0,156,466
9.0,1,1,117,467
6.0,2,0,199,467
4.0,3,0,163,467
3.0,4,0,182,467
2.0,5,0,177,467
1.0,6,0,187,467
0.0,7,0,105,467
0.0,8,0,173,467
0.0,9,0,194,467
0.0,10,0,181,467
0.0,11,0,152,467
0.0,12,0,200,467
0.0,13,0,110,467
0.0,14,0,206,467
0.0,15,0,196,467
0.0,16,0,201,467
0.0,17,0,192,467
0.0,18,0,202,467
0.0,19,0,172,467
0.0,20,0,118,467
0.0,21,0,119,467
0.0,22,0,158,467
0.0,23,0,203,467
0.0,24,0,137,467
0.0,25,0,95,467
0.0,26,0,197,467
0.0,27,0,184,467
0.0,28,0,204,467
0.0,29,0,205,467
0.0,30,0,195,467
0.0,31,0,170,467
18.0,1,2,117,468
6.0,3,0,199,468
4.0,4,0,163,468
3.0,7,0,182,468
2.0,9,0,177,468
7.0,2,0,187,468
3.0,6,0,105,468
0.0,13,0,173,468
0.0,14,0,194,468
2.0,8,0,181,468
0.0,17,0,152,468
0.0,12,0,200,468
0.0,18,0,110,468
0.0,19,0,206,468
0.0,20,0,196,468
0.0,11,0,201,468
0.0,21,0,192,468
1.0,10,0,202,468
0.0,24,0,172,468
0.0,25,0,118,468
0.0,22,0,119,468
0.0,26,0,158,468
0.0,23,0,203,468
0.0,27,0,137,468
4.0,5,0,95,468
0.0,15,0,197,468
0.0,16,0,184,468
0.0,30,0,204,468
0.0,29,0,205,468
0.0,31,0,195,468
0.0,28,0,170,468
18.0,1,2,117,469
6.0,5,0,199,469
4.0,9,0,163,469
12.0,2,1,182,469
8.0,3,0,177,469
8.0,4,0,187,469
6.0,6,0,105,469
2.0,10,0,173,469
0.0,16,0,194,469
2.0,11,0,181,469
0.0,19,0,152,469
0.0,14,0,200,469
0.0,20,0,110,469
0.0,21,0,206,469
0.0,15,0,196,469
0.0,13,0,201,469
0.0,22,0,192,469
1.0,12,0,202,469
0.0,26,0,172,469
0.0,29,0,118,469
4.0,8,0,119,469
0.0,23,0,158,469
0.0,27,0,203,469
0.0,28,0,137,469
4.0,7,0,95,469
0.0,17,0,197,469
0.0,18,0,184,469
0.0,32,0,204,469
0.0,24,0,205,469
0.0,25,0,195,469
0.0,31,0,170,469
0.0,30,0,207,469
18.0,1,2,117,470
6.0,8,0,199,470
4.0,10,0,163,470
12.0,2,1,182,470
8.0,5,0,177,470
8.0,6,0,187,470
10.0,4,0,105,470
2.0,13,0,173,470
2.0,14,0,194,470
2.0,15,0,181,470
0.0,20,0,152,470
0.0,17,0,200,470
0.0,21,0,110,470
0.0,22,0,206,470
0.0,18,0,196,470
0.0,16,0,201,470
0.0,23,0,192,470
10.0,3,1,202,470
0.0,30,0,172,470
0.0,28,0,118,470
4.0,11,0,119,470
0.0,26,0,158,470
6.0,7,0,203,470
0.0,31,0,137,470
4.0,9,0,95,470
3.0,12,0,197,470
0.0,19,0,184,470
0.0,25,0,204,470
0.0,27,0,205,470
0.0,29,0,195,470
0.0,24,0,170,470
0.0,32,0,207,470
18.0,1,2,117,471
6.0,8,0,199,471
4.0,11,0,163,471
12.0,4,1,182,471
14.0,3,0,177,471
17.0,2,1,187,471
10.0,6,0,105,471
5.0,9,0,173,471
2.0,15,0,194,471
2.0,16,0,181,471
0.0,25,0,152,471
0.0,21,0,200,471
0.0,26,0,110,471
0.0,27,0,206,471
0.0,22,0,196,471
0.0,19,0,201,471
1.0,18,0,192,471
10.0,5,1,202,471
0.0,23,0,172,471
0.0,31,0,118,471
4.0,13,0,119,471
4.0,12,0,158,471
6.0,7,0,203,471
2.0,17,0,137,471
4.0,10,0,95,471
3.0,14,0,197,471
0.0,24,0,184,471
0.0,29,0,204,471
0.0,30,0,205,471
0.0,32,0,195,471
0.0,28,0,170,471
0.0,33,0,207,471
0.0,20,0,176,471
0.0,34,0,136,471
0.0,35,0,208,471
18.0,1,2,117,472
6.0,11,0,199,472
4.0,13,0,163,472
12.0,6,1,182,472
14.0,4,0,177,472
17.0,2,1,187,472
10.0,7,0,105,472
7.0,9,0,173,472
2.0,16,0,194,472
2.0,17,0,181,472
0.0,28,0,152,472
0.0,23,0,200,472
4.0,12,0,110,472
1.0,19,0,206,472
0.0,24,0,196,472
0.0,22,0,201,472
1.0,20,0,192,472
16.0,3,1,202,472
0.0,26,0,172,472
0.0,31,0,118,472
13.0,5,1,119,472
4.0,14,0,158,472
6.0,10,0,203,472
2.0,18,0,137,472
7.0,8,0,95,472
3.0,15,0,197,472
0.0,27,0,184,472
0.0,30,0,204,472
0.0,25,0,205,472
0.0,32,0,195,472
0.0,29,0,170,472
0.0,33,0,207,472
0.0,21,0,176,472
0.0,34,0,136,472
0.0,35,0,208,472
18.0,3,2,117,473
6.0,12,0,199,473
4.0,13,0,163,473
12.0,6,1,182,473
17.0,4,0,177,473
26.0,1,2,187,473
10.0,8,0,105,473
7.0,10,0,173,473
2.0,17,0,194,473
2.0,18,0,181,473
0.0,28,0,152,473
0.0,22,0,200,473
4.0,14,0,110,473
3.0,16,0,206,473
0.0,25,0,196,473
0.0,24,0,201,473
1.0,21,0,192,473
20.0,2,1,202,473
1.0,20,0,172,473
0.0,31,0,118,473
13.0,5,1,119,473
10.0,7,0,158,473
6.0,11,0,203,473
2.0,19,0,137,473
7.0,9,0,95,473
3.0,15,0,197,473
0.0,27,0,184,473
0.0,30,0,204,473
0.0,26,0,205,473
0.0,32,0,195,473
0.0,29,0,170,473
0.0,33,0,207,473
0.0,23,0,176,473
0.0,34,0,136,473
0.0,35,0,208,473
18.0,4,2,117,474
6.0,13,0,199,474
4.0,15,0,163,474
12.0,6,1,182,474
17.0,5,0,177,474
30.0,1,2,187,474
10.0,9,0,105,474
10.0,10,0,173,474
2.0,19,0,194,474
2.0,20,0,181,474
0.0,28,0,152,474
0.0,23,0,200,474
5.0,14,0,110,474
3.0,17,0,206,474
0.0,25,0,196,474
0.0,24,0,201,474
1.0,22,0,192,474
20.0,2,1,202,474
1.0,21,0,172,474
0.0,31,0,118,474
19.0,3,1,119,474
10.0,8,0,158,474
6.0,12,0,203,474
11.0,7,1,137,474
7.0,11,0,95,474
3.0,16,0,197,474
0.0,27,0,184,474
0.0,30,0,204,474
0.0,26,0,205,474
0.0,32,0,195,474
0.0,29,0,170,474
0.0,33,0,207,474
2.0,18,0,176,474
0.0,34,0,136,474
0.0,36,0,208,474
0.0,35,0,209,474
18.0,5,2,117,475
6.0,13,0,199,475
4.0,16,0,163,475
15.0,7,1,182,475
21.0,3,0,177,475
30.0,1,2,187,475
10.0,9,0,105,475
10.0,10,0,173,475
2.0,19,0,194,475
2.0,20,0,181,475
0.0,29,0,152,475
0.0,24,0,200,475
5.0,14,0,110,475
5.0,15,0,206,475
0.0,26,0,196,475
0.0,25,0,201,475
1.0,23,0,192,475
29.0,2,2,202,475
1.0,22,0,172,475
0.0,32,0,118,475
19.0,4,1,119,475
10.0,8,0,158,475
6.0,12,0,203,475
17.0,6,1,137,475
7.0,11,0,95,475
3.0,17,0,197,475
1.0,21,0,184,475
0.0,31,0,204,475
0.0,27,0,205,475
0.0,33,0,195,475
0.0,30,0,170,475
0.0,35,0,207,475
2.0,18,0,176,475
0.0,34,0,136,475
0.0,37,0,208,475
0.0,36,0,209,475
0.0,28,0,175,475
0.0,38,0,90,475
19.0,5,2,117,476
6.0,14,0,199,476
4.0,17,0,163,476
24.0,3,2,182,476
21.0,4,0,177,476
30.0,2,2,187,476
10.0,10,0,105,476
13.0,8,0,173,476
2.0,20,0,194,476
2.0,21,0,181,476
0.0,27,0,152,476
0.0,25,0,200,476
5.0,15,0,110,476
7.0,12,0,206,476
0.0,29,0,196,476
0.0,26,0,201,476
1.0,24,0,192,476
35.0,1,2,202,476
1.0,23,0,172,476
0.0,32,0,118,476
19.0,6,1,119,476
10.0,9,0,158,476
6.0,13,0,203,476
17.0,7,1,137,476
7.0,11,0,95,476
3.0,18,0,197,476
1.0,22,0,184,476
0.0,31,0,204,476
0.0,28,0,205,476
0.0,33,0,195,476
0.0,30,0,170,476
0.0,35,0,207,476
2.0,19,0,176,476
0.0,34,0,136,476
0.0,37,0,208,476
0.0,36,0,209,476
4.0,16,0,175,476
0.0,38,0,90,476
25.0,3,2,117,477
6.0,16,0,199,477
13.0,8,1,163,477
24.0,4,2,182,477
23.0,5,0,177,477
30.0,2,2,187,477
11.0,10,0,105,477
13.0,9,0,173,477
2.0,20,0,194,477
2.0,21,0,181,477
0.0,26,0,152,477
0.0,25,0,200,477
5.0,17,0,110,477
7.0,14,0,206,477
0.0,29,0,196,477
0.0,27,0,201,477
1.0,24,0,192,477
39.0,1,2,202,477
1.0,23,0,172,477
0.0,31,0,118,477
19.0,6,1,119,477
10.0,11,0,158,477
6.0,15,0,203,477
17.0,7,1,137,477
7.0,12,0,95,477
3.0,18,0,197,477
1.0,22,0,184,477
0.0,33,0,204,477
0.0,28,0,205,477
0.0,34,0,195,477
0.0,32,0,170,477
0.0,36,0,207,477
2.0,19,0,176,477
0.0,35,0,136,477
0.0,37,0,208,477
0.0,30,0,209,477
7.0,13,0,175,477
0.0,38,0,90,477
25.0,4,2,117,478
6.0,16,0,199,478
19.0,6,1,163,478
24.0,5,2,182,478
27.0,3,0,177,478
30.0,2,2,187,478
14.0,10,0,105,478
13.0,11,0,173,478
2.0,21,0,194,478
2.0,22,0,181,478
2.0,20,0,152,478
0.0,27,0,200,478
5.0,17,0,110,478
7.0,14,0,206,478
0.0,29,0,196,478
0.0,28,0,201,478
1.0,25,0,192,478
39.0,1,2,202,478
1.0,24,0,172,478
0.0,31,0,118,478
19.0,7,1,119,478
10.0,12,0,158,478
6.0,15,0,203,478
17.0,8,1,137,478
7.0,13,0,95,478
3.0,18,0,197,478
1.0,23,0,184,478
0.0,34,0,204,478
0.0,26,0,205,478
0.0,30,0,195,478
0.0,33,0,170,478
0.0,36,0,207,478
3.0,19,0,176,478
0.0,35,0,136,478
0.0,37,0,208,478
0.0,32,0,209,478
16.0,9,1,175,478
0.0,40,0,90,478
0.0,38,0,210,478
0.0,39,0,211,478
25.0,5,2,117,479
6.0,16,0,199,479
19.0,7,1,163,479
26.0,4,2,182,479
33.0,2,0,177,479
30.0,3,2,187,479
14.0,11,0,105,479
22.0,6,1,173,479
2.0,22,0,194,479
2.0,23,0,181,479
2.0,21,0,152,479
0.0,27,0,200,479
5.0,18,0,110,479
7.0,14,0,206,479
0.0,29,0,196,479
0.0,28,0,201,479
1.0,25,0,192,479
39.0,1,2,202,479
5.0,17,0,172,479
0.0,31,0,118,479
19.0,8,1,119,479
10.0,12,0,158,479
6.0,15,0,203,479
17.0,10,1,137,479
7.0,13,0,95,479
3.0,19,0,197,479
2.0,24,0,184,479
0.0,34,0,204,479
0.0,26,0,205,479
0.0,30,0,195,479
0.0,33,0,170,479
0.0,37,0,207,479
3.0,20,0,176,479
0.0,36,0,136,479
0.0,39,0,208,479
0.0,32,0,209,479
19.0,9,1,175,479
0.0,40,0,90,479
0.0,35,0,210,479
0.0,38,0,211,479
31.0,3,2,117,480
6.0,16,0,199,480
19.0,9,1,163,480
30.0,5,2,182,480
42.0,1,1,177,480
30.0,4,2,187,480
14.0,11,0,105,480
23.0,6,1,173,480
2.0,22,0,194,480
2.0,23,0,181,480
2.0,21,0,152,480
0.0,27,0,200,480
5.0,18,0,110,480
7.0,14,0,206,480
0.0,29,0,196,480
0.0,28,0,201,480
1.0,25,0,192,480
39.0,2,2,202,480
5.0,17,0,172,480
0.0,31,0,118,480
21.0,7,1,119,480
10.0,12,0,158,480
6.0,15,0,203,480
20.0,8,1,137,480
7.0,13,0,95,480
3.0,19,0,197,480
2.0,24,0,184,480
0.0,34,0,204,480
0.0,26,0,205,480
0.0,30,0,195,480
0.0,33,0,170,480
0.0,37,0,207,480
3.0,20,0,176,480
0.0,36,0,136,480
0.0,39,0,208,480
0.0,32,0,209,480
19.0,10,1,175,480
0.0,40,0,90,480
0.0,35,0,210,480
0.0,38,0,211,480
31.0,4,2,117,481
6.0,16,0,199,481
28.0,6,2,163,481
30.0,5,2,182,481
42.0,1,1,177,481
33.0,3,2,187,481
16.0,11,0,105,481
23.0,8,1,173,481
2.0,23,0,194,481
2.0,24,0,181,481
2.0,22,0,152,481
0.0,28,0,200,481
5.0,18,0,110,481
7.0,14,0,206,481
0.0,30,0,196,481
0.0,29,0,201,481
1.0,26,0,192,481
39.0,2,2,202,481
5.0,17,0,172,481
0.0,32,0,118,481
21.0,9,1,119,481
11.0,12,0,158,481
6.0,15,0,203,481
20.0,10,1,137,481
7.0,13,0,95,481
3.0,20,0,197,481
2.0,25,0,184,481
0.0,35,0,204,481
0.0,27,0,205,481
0.0,31,0,195,481
0.0,34,0,170,481
4.0,19,0,207,481
3.0,21,0,176,481
0.0,37,0,136,481
0.0,39,0,208,481
0.0,33,0,209,481
25.0,7,1,175,481
0.0,40,0,90,481
0.0,36,0,210,481
0.0,38,0,211,481
9.0,1,1,178,483
39.0,2,2,202,482
5.0,18,0,172,482
0.0,37,0,210,482
3.0,21,0,176,482
0.0,38,0,136,482
3.0,20,0,197,482
1.0,6,0,175,483
2.0,5,0,158,483
3.0,4,0,207,483
4.0,3,0,137,483
6.0,2,0,199,483
0.0,33,0,211,482
0.0,40,0,90,482
25.0,7,1,175,482
0.0,34,0,209,482
0.0,39,0,208,482
4.0,19,0,207,482
0.0,35,0,170,482
0.0,31,0,195,482
0.0,27,0,205,482
0.0,36,0,204,482
2.0,25,0,184,482
7.0,14,0,95,482
21.0,10,1,119,482
15.0,12,0,158,482
6.0,15,0,203,482
20.0,11,1,137,482
0.0,32,0,118,482
1.0,26,0,192,482
0.0,29,0,201,482
0.0,30,0,196,482
8.0,13,0,206,482
2.0,22,0,152,482
0.0,28,0,200,482
5.0,17,0,110,482
2.0,24,0,181,482
2.0,23,0,194,482
25.0,8,1,105,482
23.0,9,1,173,482
39.0,3,2,187,482
44.0,1,1,177,482
30.0,5,2,182,482
34.0,4,2,117,482
6.0,16,0,199,482
28.0,6,2,163,482
0.0,7,0,192,483
0.0,8,0,163,483
0.0,9,0,176,483
0.0,10,0,202,483
0.0,11,0,197,483
0.0,12,0,212,483
0.0,13,0,152,483
0.0,14,0,172,483
0.0,15,0,177,483
0.0,16,0,136,483
0.0,17,0,119,483
0.0,18,0,213,483
0.0,19,0,95,483
0.0,20,0,203,483
0.0,21,0,187,483
0.0,22,0,173,483
0.0,23,0,117,483
0.0,24,0,110,483
0.0,25,0,214,483
0.0,26,0,206,483
0.0,27,0,215,483
0.0,28,0,216,483
0.0,29,0,194,483
15.0,1,1,178,484
15.0,2,1,199,484
4.0,3,0,137,484
3.0,6,0,207,484
2.0,7,0,158,484
1.0,9,0,175,484
0.0,12,0,192,484
0.0,14,0,163,484
3.0,5,0,176,484
0.0,18,0,202,484
0.0,11,0,197,484
0.0,19,0,212,484
0.0,20,0,152,484
1.0,10,0,172,484
0.0,15,0,177,484
0.0,22,0,136,484
4.0,4,0,119,484
0.0,24,0,213,484
0.0,16,0,95,484
0.0,21,0,203,484
0.0,13,0,187,484
2.0,8,0,173,484
0.0,23,0,117,484
0.0,26,0,110,484
0.0,27,0,214,484
0.0,28,0,206,484
0.0,29,0,215,484
0.0,25,0,216,484
0.0,30,0,194,484
0.0,17,0,217,484
0.0,31,0,218,484
18.0,2,1,178,485
21.0,1,1,199,485
13.0,3,1,137,485
3.0,6,0,207,485
2.0,10,0,158,485
1.0,11,0,175,485
0.0,14,0,192,485
2.0,9,0,163,485
3.0,7,0,176,485
0.0,23,0,202,485
0.0,13,0,197,485
0.0,24,0,212,485
0.0,18,0,152,485
1.0,12,0,172,485
0.0,16,0,177,485
0.0,21,0,136,485
4.0,4,0,119,485
0.0,26,0,213,485
0.0,19,0,95,485
0.0,25,0,203,485
0.0,15,0,187,485
3.0,8,0,173,485
4.0,5,0,117,485
0.0,20,0,110,485
0.0,28,0,214,485
0.0,29,0,206,485
0.0,27,0,215,485
0.0,17,0,216,485
0.0,30,0,194,485
0.0,22,0,217,485
0.0,32,0,218,485
0.0,31,0,219,485
18.0,3,1,178,486
25.0,1,1,199,486
22.0,2,2,137,486
3.0,6,0,207,486
2.0,12,0,158,486
1.0,13,0,175,486
0.0,18,0,192,486
2.0,10,0,163,486
3.0,7,0,176,486
2.0,11,0,202,486
0.0,16,0,197,486
3.0,8,0,212,486
0.0,22,0,152,486
1.0,15,0,172,486
0.0,20,0,177,486
0.0,24,0,136,486
10.0,4,0,119,486
0.0,30,0,213,486
0.0,23,0,95,486
0.0,17,0,203,486
0.0,19,0,187,486
3.0,9,0,173,486
4.0,5,0,117,486
1.0,14,0,110,486
0.0,32,0,214,486
0.0,33,0,206,486
0.0,31,0,215,486
0.0,21,0,216,486
0.0,28,0,194,486
0.0,25,0,217,486
0.0,36,0,218,486
0.0,27,0,219,486
0.0,26,0,201,486
0.0,29,0,105,486
0.0,34,0,118,486
0.0,35,0,205,486
18.0,3,1,178,487
34.0,1,2,199,487
22.0,2,2,137,487
3.0,10,0,207,487
3.0,13,0,158,487
1.0,16,0,175,487
0.0,20,0,192,487
2.0,14,0,163,487
3.0,11,0,176,487
2.0,15,0,202,487
0.0,19,0,197,487
3.0,12,0,212,487
0.0,21,0,152,487
7.0,5,0,172,487
0.0,22,0,177,487
0.0,24,0,136,487
10.0,4,0,119,487
0.0,31,0,213,487
4.0,7,0,95,487
3.0,9,0,203,487
0.0,18,0,187,487
5.0,6,0,173,487
4.0,8,0,117,487
1.0,17,0,110,487
0.0,34,0,214,487
0.0,33,0,206,487
0.0,32,0,215,487
0.0,23,0,216,487
0.0,30,0,194,487
0.0,26,0,217,487
0.0,37,0,218,487
0.0,29,0,219,487
0.0,27,0,201,487
0.0,25,0,105,487
0.0,35,0,118,487
0.0,36,0,205,487
0.0,28,0,160,487
24.0,2,1,178,488
34.0,1,2,199,488
22.0,3,2,137,488
3.0,13,0,207,488
5.0,8,0,158,488
1.0,16,0,175,488
0.0,20,0,192,488
2.0,15,0,163,488
4.0,12,0,176,488
5.0,7,0,202,488
0.0,19,0,197,488
3.0,14,0,212,488
0.0,21,0,152,488
11.0,5,0,172,488
0.0,22,0,177,488
0.0,25,0,136,488
10.0,6,0,119,488
0.0,31,0,213,488
4.0,10,0,95,488
12.0,4,1,203,488
0.0,18,0,187,488
5.0,9,0,173,488
4.0,11,0,117,488
1.0,17,0,110,488
0.0,34,0,214,488
0.0,33,0,206,488
0.0,32,0,215,488
0.0,23,0,216,488
0.0,30,0,194,488
0.0,26,0,217,488
0.0,37,0,218,488
0.0,29,0,219,488
0.0,28,0,201,488
0.0,24,0,105,488
0.0,35,0,118,488
0.0,36,0,205,488
0.0,27,0,160,488
24.0,2,1,178,489
37.0,1,2,199,489
22.0,3,2,137,489
3.0,14,0,207,489
5.0,10,0,158,489
1.0,17,0,175,489
0.0,19,0,192,489
2.0,16,0,163,489
4.0,13,0,176,489
5.0,9,0,202,489
0.0,20,0,197,489
3.0,15,0,212,489
0.0,21,0,152,489
17.0,5,0,172,489
0.0,22,0,177,489
0.0,25,0,136,489
10.0,6,0,119,489
0.0,32,0,213,489
5.0,8,0,95,489
21.0,4,2,203,489
4.0,11,0,187,489
7.0,7,0,173,489
4.0,12,0,117,489
1.0,18,0,110,489
0.0,34,0,214,489
0.0,30,0,206,489
0.0,33,0,215,489
0.0,23,0,216,489
0.0,29,0,194,489
0.0,26,0,217,489
0.0,38,0,218,489
0.0,31,0,219,489
0.0,28,0,201,489
0.0,24,0,105,489
0.0,36,0,118,489
0.0,35,0,205,489
0.0,27,0,160,489
0.0,37,0,220,489
24.0,3,1,178,490
37.0,1,2,199,490
26.0,2,2,137,490
3.0,15,0,207,490
5.0,13,0,158,490
1.0,17,0,175,490
0.0,19,0,192,490
5.0,12,0,163,490
4.0,14,0,176,490
7.0,10,0,202,490
0.0,20,0,197,490
3.0,16,0,212,490
0.0,21,0,152,490
17.0,5,0,172,490
0.0,22,0,177,490
0.0,25,0,136,490
10.0,8,0,119,490
0.0,32,0,213,490
5.0,11,0,95,490
21.0,4,2,203,490
10.0,7,0,187,490
8.0,9,0,173,490
13.0,6,1,117,490
1.0,18,0,110,490
0.0,34,0,214,490
0.0,30,0,206,490
0.0,33,0,215,490
0.0,23,0,216,490
0.0,29,0,194,490
0.0,26,0,217,490
0.0,38,0,218,490
0.0,31,0,219,490
0.0,28,0,201,490
0.0,24,0,105,490
0.0,36,0,118,490
0.0,35,0,205,490
0.0,27,0,160,490
0.0,37,0,220,490
24.0,3,1,178,491
43.0,1,2,199,491
26.0,2,2,137,491
3.0,16,0,207,491
8.0,9,0,158,491
1.0,17,0,175,491
0.0,21,0,192,491
5.0,13,0,163,491
4.0,15,0,176,491
7.0,11,0,202,491
0.0,20,0,197,491
5.0,14,0,212,491
0.0,23,0,152,491
21.0,5,0,172,491
0.0,24,0,177,491
0.0,27,0,136,491
10.0,8,0,119,491
0.0,32,0,213,491
5.0,12,0,95,491
21.0,4,2,203,491
19.0,6,1,187,491
8.0,10,0,173,491
13.0,7,1,117,491
1.0,18,0,110,491
0.0,34,0,214,491
0.0,22,0,206,491
0.0,33,0,215,491
0.0,25,0,216,491
0.0,30,0,194,491
0.0,28,0,217,491
0.0,38,0,218,491
0.0,31,0,219,491
1.0,19,0,201,491
0.0,26,0,105,491
0.0,36,0,118,491
0.0,35,0,205,491
0.0,29,0,160,491
0.0,37,0,220,491
0.0,29,0,160,492
0.0,35,0,205,492
0.0,26,0,105,492
1.0,19,0,201,492
0.0,31,0,219,492
0.0,38,0,218,492
0.0,28,0,217,492
0.0,25,0,216,492
0.0,22,0,206,492
1.0,18,0,110,492
8.0,11,0,173,492
21.0,5,2,203,492
5.0,13,0,95,492
0.0,32,0,213,492
10.0,8,0,119,492
0.0,24,0,177,492
25.0,3,0,172,492
0.0,23,0,152,492
8.0,10,0,212,492
0.0,20,0,197,492
4.0,15,0,176,492
0.0,21,0,192,492
10.0,9,0,158,492
3.0,16,0,207,492
43.0,1,2,199,492
0.0,36,0,118,492
0.0,33,0,215,492
0.0,34,0,214,492
20.0,6,1,187,492
0.0,37,0,220,492
19.0,7,1,117,492
0.0,30,0,194,492
5.0,14,0,163,492
1.0,17,0,175,492
35.0,2,3,137,492
7.0,12,0,202,492
0.0,27,0,136,492
24.0,4,1,178,492
27.0,4,1,178,493
45.0,1,2,199,493
39.0,2,3,137,493
3.0,16,0,207,493
10.0,10,0,158,493
1.0,17,0,175,493
0.0,22,0,192,493
11.0,8,0,163,493
4.0,15,0,176,493
7.0,13,0,202,493
0.0,20,0,197,493
8.0,11,0,212,493
0.0,23,0,152,493
34.0,3,1,172,493
0.0,24,0,177,493
0.0,27,0,136,493
10.0,9,0,119,493
0.0,32,0,213,493
5.0,14,0,95,493
21.0,5,2,203,493
21.0,6,1,187,493
8.0,12,0,173,493
19.0,7,1,117,493
1.0,18,0,110,493
0.0,34,0,214,493
0.0,21,0,206,493
0.0,33,0,215,493
0.0,25,0,216,493
0.0,30,0,194,493
0.0,28,0,217,493
0.0,38,0,218,493
0.0,31,0,219,493
1.0,19,0,201,493
0.0,26,0,105,493
0.0,36,0,118,493
0.0,35,0,205,493
0.0,29,0,160,493
0.0,37,0,220,493
31.0,4,1,178,494
45.0,2,2,199,494
45.0,1,3,137,494
3.0,16,0,207,494
10.0,11,0,158,494
1.0,17,0,175,494
0.0,24,0,192,494
11.0,8,0,163,494
4.0,15,0,176,494
7.0,13,0,202,494
0.0,21,0,197,494
11.0,9,0,212,494
0.0,25,0,152,494
34.0,3,1,172,494
0.0,27,0,177,494
0.0,28,0,136,494
10.0,10,0,119,494
0.0,32,0,213,494
5.0,14,0,95,494
21.0,6,2,203,494
21.0,7,1,187,494
10.0,12,0,173,494
28.0,5,2,117,494
1.0,18,0,110,494
0.0,34,0,214,494
0.0,23,0,206,494
0.0,33,0,215,494
0.0,22,0,216,494
1.0,20,0,194,494
0.0,29,0,217,494
0.0,38,0,218,494
0.0,31,0,219,494
1.0,19,0,201,494
0.0,26,0,105,494
0.0,36,0,118,494
0.0,35,0,205,494
0.0,30,0,160,494
0.0,37,0,220,494
37.0,4,1,178,495
49.0,1,2,199,495
46.0,2,3,137,495
3.0,16,0,207,495
10.0,12,0,158,495
1.0,18,0,175,495
0.0,24,0,192,495
11.0,9,0,163,495
4.0,15,0,176,495
9.0,13,0,202,495
0.0,21,0,197,495
11.0,10,0,212,495
0.0,25,0,152,495
34.0,5,1,172,495
0.0,27,0,177,495
0.0,29,0,136,495
10.0,11,0,119,495
0.0,33,0,213,495
5.0,14,0,95,495
21.0,6,2,203,495
21.0,7,1,187,495
13.0,8,0,173,495
37.0,3,3,117,495
1.0,17,0,110,495
0.0,35,0,214,495
0.0,23,0,206,495
0.0,34,0,215,495
0.0,22,0,216,495
1.0,20,0,194,495
0.0,30,0,217,495
0.0,38,0,218,495
0.0,32,0,219,495
1.0,19,0,201,495
0.0,26,0,105,495
0.0,36,0,118,495
0.0,28,0,205,495
0.0,31,0,160,495
0.0,37,0,220,495
37.0,5,1,178,496
49.0,1,2,199,496
48.0,2,3,137,496
3.0,16,0,207,496
10.0,12,0,158,496
1.0,19,0,175,496
0.0,25,0,192,496
11.0,9,0,163,496
4.0,15,0,176,496
9.0,13,0,202,496
0.0,22,0,197,496
11.0,10,0,212,496
3.0,17,0,152,496
43.0,3,2,172,496
0.0,27,0,177,496
0.0,29,0,136,496
10.0,11,0,119,496
0.0,33,0,213,496
5.0,14,0,95,496
25.0,7,2,203,496
27.0,6,1,187,496
14.0,8,0,173,496
37.0,4,3,117,496
1.0,18,0,110,496
0.0,35,0,214,496
0.0,23,0,206,496
0.0,34,0,215,496
0.0,24,0,216,496
1.0,21,0,194,496
0.0,30,0,217,496
0.0,39,0,218,496
0.0,32,0,219,496
1.0,20,0,201,496
0.0,26,0,105,496
0.0,36,0,118,496
0.0,28,0,205,496
0.0,31,0,160,496
0.0,38,0,220,496
0.0,37,0,198,496
46.0,3,2,178,497
49.0,2,2,199,497
50.0,1,3,137,497
3.0,17,0,207,497
10.0,12,0,158,497
1.0,19,0,175,497
0.0,25,0,192,497
11.0,9,0,163,497
4.0,16,0,176,497
9.0,13,0,202,497
0.0,22,0,197,497
11.0,10,0,212,497
7.0,15,0,152,497
44.0,4,2,172,497
0.0,26,0,177,497
0.0,29,0,136,497
10.0,11,0,119,497
0.0,34,0,213,497
8.0,14,0,95,497
25.0,7,2,203,497
27.0,6,1,187,497
14.0,8,0,173,497
43.0,5,3,117,497
1.0,18,0,110,497
0.0,36,0,214,497
0.0,23,0,206,497
0.0,35,0,215,497
0.0,24,0,216,497
1.0,21,0,194,497
0.0,30,0,217,497
0.0,39,0,218,497
0.0,32,0,219,497
1.0,20,0,201,497
0.0,27,0,105,497
0.0,33,0,118,497
0.0,28,0,205,497
0.0,31,0,160,497
0.0,38,0,220,497
0.0,37,0,198,497
0.0,28,0,158,498
0.0,27,0,136,498
0.0,26,0,140,498
0.0,25,0,225,498
0.0,24,0,197,498
0.0,23,0,202,498
0.0,22,0,163,498
0.0,21,0,219,498
0.0,20,0,187,498
0.0,19,0,173,498
0.0,18,0,199,498
0.0,17,0,200,498
0.0,16,0,207,498
0.0,15,0,176,498
0.0,14,0,119,498
0.0,13,0,172,498
0.0,12,0,203,498
0.0,11,0,224,498
0.0,10,0,223,498
0.0,9,0,222,498
0.0,8,0,221,498
0.0,7,0,217,498
1.0,6,0,117,498
2.0,5,0,152,498
3.0,4,0,206,498
4.0,3,0,177,498
6.0,2,0,137,498
9.0,1,1,178,498
0.0,28,0,158,499
0.0,26,0,136,499
0.0,27,0,140,499
0.0,25,0,225,499
0.0,15,0,197,499
3.0,7,0,202,499
9.0,2,1,163,499
0.0,23,0,219,499
0.0,14,0,187,499
6.0,3,0,173,499
0.0,24,0,199,499
0.0,13,0,200,499
0.0,22,0,207,499
0.0,12,0,176,499
1.0,10,0,119,499
0.0,21,0,172,499
0.0,17,0,203,499
0.0,16,0,224,499
0.0,20,0,223,499
0.0,19,0,222,499
0.0,18,0,221,499
0.0,11,0,217,499
3.0,8,0,117,499
2.0,9,0,152,499
3.0,6,0,206,499
4.0,5,0,177,499
6.0,4,0,137,499
13.0,1,1,178,499
0.0,21,0,209,500
0.0,26,0,158,500
0.0,28,0,136,500
0.0,29,0,140,500
0.0,27,0,225,500
0.0,15,0,197,500
7.0,4,0,202,500
18.0,1,2,163,500
0.0,25,0,219,500
0.0,19,0,187,500
6.0,6,0,173,500
2.0,11,0,199,500
1.0,12,0,200,500
0.0,20,0,207,500
0.0,16,0,176,500
1.0,13,0,119,500
6.0,5,0,172,500
0.0,22,0,203,500
0.0,17,0,224,500
0.0,18,0,223,500
0.0,24,0,222,500
0.0,23,0,221,500
0.0,14,0,217,500
3.0,9,0,117,500
2.0,10,0,152,500
3.0,8,0,206,500
4.0,7,0,177,500
9.0,3,0,137,500
13.0,2,1,178,500
0.0,30,0,226,501
0.0,23,0,209,501
0.0,26,0,158,501
0.0,27,0,136,501
0.0,29,0,140,501
0.0,28,0,225,501
0.0,18,0,197,501
8.0,4,0,202,501
18.0,1,2,163,501
0.0,21,0,219,501
3.0,11,0,187,501
6.0,7,0,173,501
2.0,15,0,199,501
1.0,16,0,200,501
0.0,22,0,207,501
0.0,19,0,176,501
7.0,5,0,119,501
6.0,6,0,172,501
0.0,24,0,203,501
4.0,8,0,224,501
0.0,20,0,223,501
2.0,14,0,222,501
0.0,25,0,221,501
0.0,17,0,217,501
3.0,12,0,117,501
2.0,13,0,152,501
3.0,10,0,206,501
4.0,9,0,177,501
18.0,2,1,137,501
13.0,3,1,178,501
0.0,28,0,227,502
0.0,31,0,226,502
0.0,25,0,209,502
0.0,27,0,158,502
0.0,24,0,136,502
0.0,30,0,140,502
0.0,29,0,225,502
2.0,14,0,197,502
17.0,4,1,202,502
21.0,1,2,163,502
0.0,22,0,219,502
3.0,12,0,187,502
6.0,6,0,173,502
6.0,8,0,199,502
1.0,17,0,200,502
0.0,23,0,207,502
0.0,20,0,176,502
7.0,5,0,119,502
6.0,7,0,172,502
1.0,18,0,203,502
4.0,10,0,224,502
0.0,21,0,223,502
2.0,15,0,222,502
0.0,26,0,221,502
0.0,19,0,217,502
3.0,13,0,117,502
2.0,16,0,152,502
3.0,11,0,206,502
4.0,9,0,177,502
18.0,3,1,137,502
19.0,2,1,178,502
0.0,28,0,227,503
0.0,31,0,226,503
0.0,25,0,209,503
0.0,27,0,158,503
0.0,24,0,136,503
0.0,30,0,140,503
0.0,29,0,225,503
2.0,16,0,197,503
17.0,4,1,202,503
21.0,2,2,163,503
0.0,23,0,219,503
3.0,13,0,187,503
6.0,8,0,173,503
15.0,5,1,199,503
4.0,11,0,200,503
0.0,20,0,207,503
0.0,21,0,176,503
7.0,7,0,119,503
12.0,6,0,172,503
3.0,14,0,203,503
5.0,9,0,224,503
0.0,22,0,223,503
2.0,17,0,222,503
0.0,26,0,221,503
0.0,19,0,217,503
3.0,15,0,117,503
2.0,18,0,152,503
3.0,12,0,206,503
4.0,10,0,177,503
22.0,1,1,137,503
19.0,3,1,178,503
0.0,28,0,227,504
0.0,31,0,226,504
0.0,25,0,209,504
0.0,27,0,158,504
0.0,24,0,136,504
0.0,30,0,140,504
0.0,29,0,225,504
2.0,16,0,197,504
23.0,4,1,202,504
23.0,3,2,163,504
0.0,23,0,219,504
3.0,12,0,187,504
6.0,8,0,173,504
16.0,5,1,199,504
4.0,11,0,200,504
0.0,20,0,207,504
0.0,21,0,176,504
7.0,7,0,119,504
16.0,6,0,172,504
3.0,14,0,203,504
5.0,9,0,224,504
0.0,22,0,223,504
2.0,17,0,222,504
0.0,26,0,221,504
0.0,19,0,217,504
3.0,15,0,117,504
2.0,18,0,152,504
3.0,13,0,206,504
4.0,10,0,177,504
25.0,2,1,137,504
28.0,1,2,178,504
0.0,34,0,228,505
0.0,25,0,211,505
0.0,22,0,212,505
0.0,30,0,227,505
0.0,33,0,226,505
0.0,27,0,209,505
0.0,29,0,158,505
0.0,26,0,136,505
0.0,32,0,140,505
0.0,31,0,225,505
4.0,13,0,197,505
23.0,4,1,202,505
23.0,3,2,163,505
0.0,24,0,219,505
3.0,15,0,187,505
6.0,8,0,173,505
20.0,5,1,199,505
4.0,12,0,200,505
0.0,20,0,207,505
0.0,21,0,176,505
7.0,7,0,119,505
16.0,6,0,172,505
3.0,16,0,203,505
5.0,10,0,224,505
0.0,23,0,223,505
2.0,17,0,222,505
0.0,28,0,221,505
0.0,19,0,217,505
4.0,14,0,117,505
2.0,18,0,152,505
6.0,9,0,206,505
4.0,11,0,177,505
31.0,2,1,137,505
37.0,1,3,178,505
0.0,33,0,229,506
0.0,35,0,228,506
0.0,25,0,211,506
0.0,22,0,212,506
0.0,30,0,227,506
0.0,34,0,226,506
0.0,27,0,209,506
0.0,29,0,158,506
0.0,26,0,136,506
0.0,32,0,140,506
0.0,31,0,225,506
4.0,13,0,197,506
23.0,6,1,202,506
23.0,5,2,163,506
0.0,24,0,219,506
3.0,17,0,187,506
6.0,8,0,173,506
26.0,3,1,199,506
4.0,12,0,200,506
0.0,19,0,207,506
0.0,21,0,176,506
7.0,7,0,119,506
25.0,4,1,172,506
4.0,15,0,203,506
5.0,10,0,224,506
0.0,23,0,223,506
2.0,18,0,222,506
0.0,28,0,221,506
0.0,20,0,217,506
4.0,16,0,117,506
4.0,14,0,152,506
6.0,9,0,206,506
4.0,11,0,177,506
34.0,2,1,137,506
41.0,1,3,178,506
0.0,30,0,95,507
0.0,34,0,229,507
0.0,36,0,228,507
0.0,25,0,211,507
0.0,22,0,212,507
0.0,31,0,227,507
0.0,35,0,226,507
0.0,27,0,209,507
0.0,29,0,158,507
0.0,26,0,136,507
0.0,33,0,140,507
0.0,32,0,225,507
4.0,14,0,197,507
23.0,6,1,202,507
23.0,5,2,163,507
9.0,7,1,219,507
3.0,18,0,187,507
7.0,9,0,173,507
30.0,3,1,199,507
4.0,13,0,200,507
0.0,20,0,207,507
0.0,23,0,176,507
7.0,8,0,119,507
28.0,4,1,172,507
4.0,17,0,203,507
5.0,11,0,224,507
0.0,24,0,223,507
2.0,19,0,222,507
0.0,28,0,221,507
0.0,21,0,217,507
4.0,16,0,117,507
4.0,15,0,152,507
6.0,10,0,206,507
4.0,12,0,177,507
36.0,2,1,137,507
47.0,1,3,178,507
0.0,37,0,191,508
0.0,31,0,230,508
0.0,30,0,95,508
0.0,35,0,229,508
0.0,38,0,228,508
0.0,25,0,211,508
0.0,23,0,212,508
0.0,32,0,227,508
0.0,36,0,226,508
0.0,27,0,209,508
0.0,29,0,158,508
0.0,26,0,136,508
0.0,34,0,140,508
0.0,33,0,225,508
6.0,11,0,197,508
23.0,6,1,202,508
29.0,5,2,163,508
9.0,7,1,219,508
3.0,18,0,187,508
7.0,9,0,173,508
33.0,3,1,199,508
4.0,15,0,200,508
0.0,20,0,207,508
0.0,22,0,176,508
7.0,8,0,119,508
32.0,4,1,172,508
4.0,17,0,203,508
5.0,12,0,224,508
0.0,24,0,223,508
2.0,19,0,222,508
0.0,28,0,221,508
0.0,21,0,217,508
5.0,13,0,117,508
4.0,16,0,152,508
6.0,10,0,206,508
4.0,14,0,177,508
45.0,2,2,137,508
47.0,1,3,178,508
0.0,36,0,181,509
0.0,38,0,191,509
0.0,31,0,230,509
0.0,30,0,95,509
0.0,35,0,229,509
0.0,39,0,228,509
0.0,25,0,211,509
0.0,23,0,212,509
0.0,32,0,227,509
0.0,37,0,226,509
0.0,28,0,209,509
0.0,27,0,158,509
0.0,26,0,136,509
0.0,34,0,140,509
0.0,33,0,225,509
6.0,12,0,197,509
24.0,6,1,202,509
29.0,5,2,163,509
9.0,8,1,219,509
3.0,18,0,187,509
10.0,7,0,173,509
37.0,3,1,199,509
4.0,15,0,200,509
0.0,20,0,207,509
0.0,22,0,176,509
7.0,9,0,119,509
32.0,4,1,172,509
4.0,17,0,203,509
5.0,13,0,224,509
0.0,24,0,223,509
2.0,19,0,222,509
0.0,29,0,221,509
0.0,21,0,217,509
5.0,14,0,117,509
4.0,16,0,152,509
6.0,11,0,206,509
6.0,10,0,177,509
54.0,1,3,137,509
53.0,2,3,178,509
0.0,41,0,214,510
0.0,32,0,110,510
0.0,38,0,181,510
0.0,34,0,191,510
0.0,31,0,230,510
0.0,30,0,95,510
0.0,37,0,229,510
0.0,40,0,228,510
0.0,25,0,211,510
1.0,20,0,212,510
0.0,33,0,227,510
0.0,39,0,226,510
0.0,28,0,209,510
0.0,27,0,158,510
0.0,26,0,136,510
0.0,36,0,140,510
0.0,35,0,225,510
6.0,13,0,197,510
28.0,6,1,202,510
29.0,5,2,163,510
9.0,8,1,219,510
6.0,11,0,187,510
10.0,7,0,173,510
40.0,3,1,199,510
4.0,17,0,200,510
0.0,21,0,207,510
0.0,23,0,176,510
7.0,9,0,119,510
32.0,4,1,172,510
6.0,14,0,203,510
5.0,15,0,224,510
0.0,24,0,223,510
2.0,19,0,222,510
0.0,29,0,221,510
0.0,22,0,217,510
5.0,16,0,117,510
4.0,18,0,152,510
6.0,12,0,206,510
6.0,10,0,177,510
54.0,2,3,137,510
62.0,1,4,178,510
0.0,41,0,214,511
0.0,32,0,110,511
0.0,38,0,181,511
0.0,34,0,191,511
0.0,31,0,230,511
0.0,30,0,95,511
0.0,37,0,229,511
0.0,40,0,228,511
0.0,24,0,211,511
1.0,21,0,212,511
0.0,33,0,227,511
0.0,39,0,226,511
0.0,28,0,209,511
0.0,27,0,158,511
0.0,26,0,136,511
0.0,36,0,140,511
0.0,35,0,225,511
6.0,13,0,197,511
32.0,5,1,202,511
29.0,6,2,163,511
9.0,8,1,219,511
6.0,11,0,187,511
13.0,7,0,173,511
42.0,3,1,199,511
4.0,17,0,200,511
1.0,20,0,207,511
0.0,22,0,176,511
7.0,9,0,119,511
34.0,4,1,172,511
6.0,14,0,203,511
5.0,15,0,224,511
0.0,25,0,223,511
2.0,19,0,222,511
0.0,29,0,221,511
0.0,23,0,217,511
5.0,16,0,117,511
4.0,18,0,152,511
6.0,12,0,206,511
6.0,10,0,177,511
54.0,2,3,137,511
67.0,1,5,178,511
0.0,26,0,233,512
0.0,25,0,119,512
0.0,24,0,232,512
0.0,23,0,137,512
0.0,22,0,175,512
0.0,21,0,202,512
0.0,20,0,222,512
0.0,19,0,163,512
0.0,18,0,182,512
0.0,17,0,219,512
0.0,16,0,197,512
0.0,15,0,231,512
0.0,14,0,136,512
0.0,13,0,212,512
0.0,12,0,203,512
0.0,11,0,206,512
0.0,10,0,223,512
0.0,9,0,178,512
0.0,8,0,200,512
0.0,7,0,173,512
1.0,6,0,224,512
2.0,5,0,207,512
3.0,4,0,221,512
4.0,3,0,187,512
6.0,2,0,199,512
9.0,1,1,172,512
0.0,21,0,233,513
0.0,13,0,119,513
0.0,26,0,232,513
0.0,25,0,137,513
0.0,24,0,175,513
3.0,5,0,202,513
1.0,9,0,222,513
0.0,22,0,163,513
0.0,23,0,182,513
0.0,15,0,219,513
0.0,20,0,197,513
0.0,19,0,231,513
0.0,17,0,136,513
0.0,18,0,212,513
2.0,6,0,203,513
0.0,16,0,206,513
0.0,14,0,223,513
0.0,12,0,178,513
0.0,10,0,200,513
0.0,11,0,173,513
1.0,8,0,224,513
2.0,7,0,207,513
9.0,3,0,221,513
4.0,4,0,187,513
10.0,2,0,199,513
18.0,1,2,172,513
0.0,25,0,233,514
0.0,17,0,119,514
0.0,26,0,232,514
0.0,14,0,137,514
0.0,20,0,175,514
3.0,9,0,202,514
7.0,5,0,222,514
0.0,24,0,163,514
1.0,11,0,182,514
0.0,19,0,219,514
4.0,8,0,197,514
0.0,15,0,231,514
0.0,22,0,136,514
0.0,23,0,212,514
11.0,3,1,203,514
0.0,21,0,206,514
0.0,16,0,223,514
0.0,18,0,178,514
0.0,12,0,200,514
0.0,13,0,173,514
1.0,10,0,224,514
5.0,6,0,207,514
9.0,4,0,221,514
4.0,7,0,187,514
12.0,2,0,199,514
18.0,1,2,172,514
0.0,25,0,233,515
0.0,18,0,119,515
0.0,26,0,232,515
0.0,15,0,137,515
0.0,20,0,175,515
3.0,10,0,202,515
13.0,3,0,222,515
0.0,24,0,163,515
1.0,12,0,182,515
0.0,19,0,219,515
5.0,7,0,197,515
0.0,16,0,231,515
0.0,22,0,136,515
0.0,23,0,212,515
20.0,1,2,203,515
0.0,21,0,206,515
0.0,17,0,223,515
4.0,9,0,178,515
0.0,14,0,200,515
0.0,13,0,173,515
1.0,11,0,224,515
8.0,6,0,207,515
11.0,5,0,221,515
4.0,8,0,187,515
12.0,4,0,199,515
18.0,2,2,172,515
0.0,27,0,234,516
0.0,24,0,233,516
0.0,17,0,119,516
0.0,26,0,232,516
0.0,15,0,137,516
0.0,20,0,175,516
4.0,10,0,202,516
16.0,5,0,222,516
0.0,19,0,163,516
1.0,12,0,182,516
0.0,21,0,219,516
7.0,7,0,197,516
0.0,16,0,231,516
0.0,23,0,136,516
0.0,25,0,212,516
20.0,1,2,203,516
0.0,22,0,206,516
0.0,18,0,223,516
4.0,9,0,178,516
0.0,14,0,200,516
0.0,13,0,173,516
1.0,11,0,224,516
12.0,6,0,207,516
20.0,2,1,221,516
4.0,8,0,187,516
18.0,4,0,199,516
18.0,3,2,172,516
0.0,26,0,152,517
0.0,28,0,234,517
0.0,17,0,233,517
2.0,11,0,119,517
0.0,27,0,232,517
0.0,16,0,137,517
0.0,22,0,175,517
8.0,7,0,202,517
24.0,2,1,222,517
0.0,20,0,163,517
1.0,13,0,182,517
0.0,23,0,219,517
7.0,8,0,197,517
0.0,18,0,231,517
0.0,21,0,136,517
0.0,25,0,212,517
20.0,3,2,203,517
0.0,24,0,206,517
0.0,19,0,223,517
4.0,10,0,178,517
0.0,15,0,200,517
0.0,14,0,173,517
1.0,12,0,224,517
12.0,6,0,207,517
20.0,4,1,221,517
5.0,9,0,187,517
19.0,5,0,199,517
24.0,1,2,172,517
0.0,26,0,152,518
0.0,28,0,234,518
0.0,18,0,233,518
2.0,12,0,119,518
0.0,27,0,232,518
0.0,17,0,137,518
0.0,22,0,175,518
8.0,8,0,202,518
30.0,1,2,222,518
0.0,20,0,163,518
1.0,15,0,182,518
0.0,23,0,219,518
7.0,9,0,197,518
0.0,19,0,231,518
0.0,21,0,136,518
0.0,25,0,212,518
20.0,3,2,203,518
0.0,24,0,206,518
6.0,10,0,223,518
4.0,11,0,178,518
1.0,13,0,200,518
0.0,16,0,173,518
1.0,14,0,224,518
12.0,6,0,207,518
20.0,4,1,221,518
8.0,7,0,187,518
20.0,5,0,199,518
24.0,2,2,172,518
0.0,31,0,236,519
0.0,29,0,235,519
0.0,22,0,177,519
0.0,27,0,152,519
0.0,30,0,234,519
0.0,20,0,233,519
2.0,14,0,119,519
0.0,28,0,232,519
0.0,19,0,137,519
0.0,23,0,175,519
8.0,10,0,202,519
30.0,1,2,222,519
4.0,13,0,163,519
1.0,17,0,182,519
9.0,7,1,219,519
9.0,8,0,197,519
0.0,21,0,231,519
0.0,24,0,136,519
0.0,26,0,212,519
26.0,2,2,203,519
0.0,25,0,206,519
7.0,11,0,223,519
7.0,12,0,178,519
1.0,15,0,200,519
0.0,18,0,173,519
1.0,16,0,224,519
12.0,6,0,207,519
20.0,4,1,221,519
8.0,9,0,187,519
20.0,5,0,199,519
24.0,3,2,172,519
0.0,28,0,236,520
1.0,18,0,235,520
0.0,25,0,177,520
0.0,29,0,152,520
0.0,31,0,234,520
0.0,22,0,233,520
2.0,14,0,119,520
0.0,30,0,232,520
0.0,20,0,137,520
0.0,21,0,175,520
8.0,12,0,202,520
32.0,1,2,222,520
10.0,10,0,163,520
1.0,17,0,182,520
9.0,11,1,219,520
13.0,7,0,197,520
0.0,23,0,231,520
0.0,26,0,136,520
0.0,24,0,212,520
26.0,2,2,203,520
0.0,27,0,206,520
16.0,6,1,223,520
7.0,13,0,178,520
1.0,15,0,200,520
0.0,19,0,173,520
1.0,16,0,224,520
12.0,8,0,207,520
20.0,4,1,221,520
11.0,9,0,187,520
20.0,5,0,199,520
24.0,3,2,172,520
0.0,22,0,209,521
0.0,29,0,236,521
1.0,18,0,235,521
0.0,26,0,177,521
0.0,30,0,152,521
0.0,32,0,234,521
0.0,23,0,233,521
2.0,14,0,119,521
0.0,31,0,232,521
0.0,20,0,137,521
0.0,21,0,175,521
8.0,13,0,202,521
35.0,1,2,222,521
10.0,11,0,163,521
1.0,17,0,182,521
9.0,12,1,219,521
13.0,8,0,197,521
0.0,24,0,231,521
0.0,27,0,136,521
0.0,25,0,212,521
26.0,3,2,203,521
0.0,28,0,206,521
22.0,4,1,223,521
16.0,7,1,178,521
2.0,15,0,200,521
0.0,19,0,173,521
1.0,16,0,224,521
12.0,10,0,207,521
20.0,5,1,221,521
13.0,9,0,187,521
20.0,6,0,199,521
28.0,2,2,172,521
0.0,22,0,209,522
0.0,29,0,236,522
1.0,18,0,235,522
0.0,27,0,177,522
0.0,30,0,152,522
0.0,32,0,234,522
0.0,24,0,233,522
2.0,14,0,119,522
0.0,31,0,232,522
0.0,20,0,137,522
0.0,21,0,175,522
8.0,13,0,202,522
38.0,1,2,222,522
11.0,11,0,163,522
1.0,17,0,182,522
9.0,12,1,219,522
13.0,8,0,197,522
0.0,25,0,231,522
0.0,28,0,136,522
0.0,26,0,212,522
32.0,2,2,203,522
0.0,23,0,206,522
24.0,5,1,223,522
25.0,4,2,178,522
2.0,15,0,200,522
0.0,19,0,173,522
1.0,16,0,224,522
12.0,10,0,207,522
20.0,6,1,221,522
13.0,9,0,187,522
20.0,7,0,199,522
32.0,3,2,172,522
0.0,23,0,209,523
0.0,29,0,236,523
3.0,15,0,235,523
0.0,27,0,177,523
0.0,30,0,152,523
0.0,32,0,234,523
0.0,25,0,233,523
2.0,17,0,119,523
0.0,31,0,232,523
3.0,14,0,137,523
0.0,22,0,175,523
8.0,13,0,202,523
44.0,1,2,222,523
11.0,11,0,163,523
1.0,19,0,182,523
9.0,12,1,219,523
13.0,8,0,197,523
0.0,26,0,231,523
0.0,28,0,136,523
0.0,21,0,212,523
32.0,4,2,203,523
0.0,24,0,206,523
24.0,5,1,223,523
34.0,3,3,178,523
3.0,16,0,200,523
0.0,20,0,173,523
1.0,18,0,224,523
12.0,10,0,207,523
20.0,6,1,221,523
13.0,9,0,187,523
20.0,7,0,199,523
36.0,2,2,172,523
0.0,34,0,176,524
0.0,29,0,230,524
0.0,23,0,209,524
0.0,30,0,236,524
3.0,16,0,235,524
0.0,27,0,177,524
0.0,31,0,152,524
0.0,33,0,234,524
0.0,25,0,233,524
2.0,18,0,119,524
0.0,32,0,232,524
3.0,15,0,137,524
0.0,22,0,175,524
8.0,13,0,202,524
51.0,1,3,222,524
11.0,11,0,163,524
4.0,14,0,182,524
9.0,12,1,219,524
14.0,8,0,197,524
0.0,26,0,231,524
0.0,28,0,136,524
0.0,21,0,212,524
38.0,2,2,203,524
0.0,24,0,206,524
27.0,5,1,223,524
34.0,4,3,178,524
3.0,17,0,200,524
0.0,20,0,173,524
1.0,19,0,224,524
14.0,9,0,207,524
20.0,6,1,221,524
13.0,10,0,187,524
20.0,7,0,199,524
36.0,3,2,172,524
0.0,36,0,237,525
0.0,24,0,217,525
0.0,35,0,176,525
0.0,30,0,230,525
0.0,23,0,209,525
0.0,31,0,236,525
3.0,16,0,235,525
0.0,29,0,177,525
0.0,32,0,152,525
0.0,34,0,234,525
0.0,26,0,233,525
2.0,18,0,119,525
0.0,33,0,232,525
3.0,15,0,137,525
0.0,22,0,175,525
10.0,12,0,202,525
51.0,1,3,222,525
11.0,11,0,163,525
4.0,14,0,182,525
9.0,13,1,219,525
14.0,8,0,197,525
0.0,27,0,231,525
0.0,28,0,136,525
0.0,21,0,212,525
44.0,2,2,203,525
0.0,25,0,206,525
29.0,5,1,223,525
40.0,3,4,178,525
3.0,17,0,200,525
0.0,20,0,173,525
1.0,19,0,224,525
14.0,9,0,207,525
20.0,6,1,221,525
14.0,10,0,187,525
20.0,7,0,199,525
36.0,4,2,172,525
0.0,36,0,237,526
0.0,24,0,217,526
0.0,33,0,176,526
0.0,30,0,230,526
0.0,25,0,209,526
0.0,31,0,236,526
3.0,17,0,235,526
0.0,29,0,177,526
0.0,32,0,152,526
0.0,35,0,234,526
2.0,19,0,233,526
2.0,20,0,119,526
0.0,34,0,232,526
3.0,16,0,137,526
0.0,23,0,175,526
14.0,10,0,202,526
51.0,1,3,222,526
17.0,8,0,163,526
4.0,14,0,182,526
9.0,13,1,219,526
14.0,11,0,197,526
0.0,27,0,231,526
0.0,28,0,136,526
0.0,22,0,212,526
47.0,2,3,203,526
0.0,26,0,206,526
29.0,5,1,223,526
40.0,3,4,178,526
3.0,18,0,200,526
3.0,15,0,173,526
1.0,21,0,224,526
14.0,12,0,207,526
20.0,6,1,221,526
15.0,9,0,187,526
20.0,7,0,199,526
36.0,4,2,172,526
0.0,27,0,242,527
0.0,26,0,158,527
0.0,25,0,212,527
0.0,24,0,211,527
0.0,23,0,232,527
0.0,22,0,241,527
0.0,21,0,240,527
0.0,20,0,178,527
0.0,19,0,187,527
0.0,18,0,230,527
0.0,17,0,233,527
0.0,16,0,172,527
0.0,15,0,223,527
0.0,14,0,202,527
0.0,13,0,239,527
0.0,12,0,197,527
0.0,11,0,200,527
0.0,10,0,222,527
0.0,9,0,224,527
0.0,8,0,203,527
0.0,7,0,199,527
1.0,6,0,175,527
2.0,5,0,238,527
3.0,4,0,231,527
4.0,3,0,221,527
6.0,2,0,182,527
9.0,1,1,207,527
0.0,16,0,119,528
0.0,28,0,242,528
0.0,27,0,158,528
0.0,22,0,212,528
0.0,25,0,211,528
0.0,26,0,232,528
0.0,24,0,241,528
0.0,23,0,240,528
0.0,17,0,178,528
0.0,13,0,187,528
0.0,21,0,230,528
0.0,20,0,233,528
0.0,14,0,172,528
2.0,7,0,223,528
1.0,9,0,202,528
0.0,19,0,239,528
0.0,18,0,197,528
0.0,11,0,200,528
0.0,15,0,222,528
6.0,4,0,224,528
0.0,12,0,203,528
9.0,3,1,199,528
1.0,10,0,175,528
2.0,8,0,238,528
3.0,6,0,231,528
4.0,5,0,221,528
10.0,2,0,182,528
12.0,1,1,207,528
0.0,32,0,163,529
0.0,29,0,177,529
0.0,28,0,219,529
0.0,17,0,243,529
0.0,19,0,119,529
0.0,31,0,242,529
0.0,30,0,158,529
0.0,18,0,212,529
0.0,25,0,211,529
0.0,26,0,232,529
0.0,27,0,241,529
0.0,24,0,240,529
3.0,8,0,178,529
4.0,7,0,187,529
0.0,22,0,230,529
0.0,23,0,233,529
2.0,10,0,172,529
2.0,11,0,223,529
2.0,12,0,202,529
0.0,21,0,239,529
0.0,15,0,197,529
0.0,14,0,200,529
0.0,20,0,222,529
6.0,6,0,224,529
0.0,16,0,203,529
9.0,5,1,199,529
1.0,13,0,175,529
11.0,2,1,238,529
3.0,9,0,231,529
10.0,4,0,221,529
10.0,3,0,182,529
12.0,1,1,207,529
0.0,33,0,206,530
0.0,32,0,163,530
0.0,29,0,177,530
0.0,24,0,219,530
0.0,18,0,243,530
1.0,13,0,119,530
0.0,31,0,242,530
0.0,30,0,158,530
0.0,19,0,212,530
0.0,27,0,211,530
0.0,25,0,232,530
0.0,28,0,241,530
0.0,26,0,240,530
3.0,9,0,178,530
4.0,7,0,187,530
0.0,22,0,230,530
0.0,23,0,233,530
4.0,8,0,172,530
2.0,11,0,223,530
2.0,12,0,202,530
0.0,21,0,239,530
0.0,16,0,197,530
0.0,15,0,200,530
0.0,20,0,222,530
6.0,6,0,224,530
0.0,17,0,203,530
18.0,1,2,199,530
1.0,14,0,175,530
14.0,3,1,238,530
3.0,10,0,231,530
14.0,4,0,221,530
10.0,5,0,182,530
18.0,2,1,207,530
0.0,25,0,235,531
0.0,32,0,206,531
0.0,33,0,163,531
0.0,30,0,177,531
0.0,21,0,219,531
0.0,19,0,243,531
2.0,14,0,119,531
0.0,34,0,242,531
0.0,31,0,158,531
0.0,20,0,212,531
0.0,26,0,211,531
0.0,27,0,232,531
0.0,29,0,241,531
0.0,28,0,240,531
3.0,11,0,178,531
7.0,6,0,187,531
0.0,23,0,230,531
0.0,24,0,233,531
4.0,9,0,172,531
2.0,13,0,223,531
4.0,10,0,202,531
0.0,22,0,239,531
0.0,17,0,197,531
0.0,16,0,200,531
4.0,8,0,222,531
6.0,7,0,224,531
0.0,18,0,203,531
18.0,2,2,199,531
1.0,15,0,175,531
14.0,5,1,238,531
3.0,12,0,231,531
23.0,1,1,221,531
16.0,4,0,182,531
18.0,3,1,207,531
0.0,36,0,244,532
0.0,20,0,152,532
0.0,26,0,235,532
0.0,34,0,206,532
0.0,22,0,163,532
0.0,32,0,177,532
0.0,24,0,219,532
0.0,21,0,243,532
2.0,15,0,119,532
0.0,35,0,242,532
0.0,33,0,158,532
0.0,23,0,212,532
0.0,28,0,211,532
0.0,29,0,232,532
0.0,31,0,241,532
0.0,30,0,240,532
3.0,11,0,178,532
7.0,6,0,187,532
0.0,25,0,230,532
0.0,27,0,233,532
6.0,8,0,172,532
2.0,14,0,223,532
5.0,9,0,202,532
0.0,18,0,239,532
0.0,19,0,197,532
0.0,17,0,200,532
4.0,10,0,222,532
6.0,7,0,224,532
3.0,12,0,203,532
22.0,3,2,199,532
1.0,16,0,175,532
20.0,4,1,238,532
3.0,13,0,231,532
23.0,2,1,221,532
16.0,5,0,182,532
27.0,1,2,207,532
0.0,36,0,208,533
0.0,37,0,244,533
0.0,21,0,152,533
0.0,27,0,235,533
0.0,34,0,206,533
0.0,23,0,163,533
0.0,32,0,177,533
0.0,24,0,219,533
0.0,22,0,243,533
2.0,15,0,119,533
0.0,35,0,242,533
0.0,33,0,158,533
0.0,25,0,212,533
0.0,26,0,211,533
0.0,29,0,232,533
0.0,31,0,241,533
0.0,30,0,240,533
3.0,12,0,178,533
9.0,7,0,187,533
0.0,19,0,230,533
0.0,28,0,233,533
10.0,6,0,172,533
2.0,14,0,223,533
5.0,10,0,202,533
0.0,18,0,239,533
0.0,20,0,197,533
0.0,17,0,200,533
7.0,8,0,222,533
6.0,9,0,224,533
3.0,13,0,203,533
22.0,4,2,199,533
1.0,16,0,175,533
26.0,2,1,238,533
4.0,11,0,231,533
23.0,3,1,221,533
16.0,5,0,182,533
36.0,1,3,207,533
0.0,36,0,208,534
0.0,37,0,244,534
0.0,21,0,152,534
0.0,28,0,235,534
0.0,34,0,206,534
0.0,23,0,163,534
0.0,29,0,177,534
0.0,25,0,219,534
0.0,22,0,243,534
8.0,8,0,119,534
0.0,35,0,242,534
0.0,33,0,158,534
0.0,24,0,212,534
0.0,27,0,211,534
0.0,30,0,232,534
0.0,32,0,241,534
0.0,31,0,240,534
3.0,15,0,178,534
9.0,7,0,187,534
0.0,19,0,230,534
0.0,26,0,233,534
10.0,6,0,172,534
4.0,14,0,223,534
5.0,11,0,202,534
0.0,18,0,239,534
0.0,20,0,197,534
0.0,17,0,200,534
7.0,10,0,222,534
7.0,9,0,224,534
3.0,16,0,203,534
22.0,5,2,199,534
4.0,12,0,175,534
30.0,2,1,238,534
4.0,13,0,231,534
23.0,4,1,221,534
25.0,3,1,182,534
36.0,1,3,207,534
0.0,36,0,208,535
0.0,37,0,244,535
0.0,21,0,152,535
0.0,28,0,235,535
0.0,34,0,206,535
0.0,23,0,163,535
0.0,29,0,177,535
0.0,25,0,219,535
0.0,22,0,243,535
8.0,8,0,119,535
0.0,35,0,242,535
0.0,33,0,158,535
0.0,24,0,212,535
0.0,27,0,211,535
0.0,30,0,232,535
0.0,32,0,241,535
0.0,31,0,240,535
5.0,12,0,178,535
12.0,6,0,187,535
0.0,19,0,230,535
0.0,26,0,233,535
10.0,7,0,172,535
4.0,15,0,223,535
5.0,13,0,202,535
0.0,18,0,239,535
0.0,20,0,197,535
0.0,17,0,200,535
8.0,10,0,222,535
7.0,11,0,224,535
3.0,16,0,203,535
22.0,5,2,199,535
4.0,14,0,175,535
36.0,2,1,238,535
8.0,9,0,231,535
23.0,4,1,221,535
25.0,3,1,182,535
45.0,1,4,207,535
0.0,39,0,245,536
0.0,38,0,209,536
0.0,36,0,208,536
0.0,37,0,244,536
0.0,19,0,152,536
0.0,28,0,235,536
0.0,32,0,206,536
0.0,24,0,163,536
0.0,29,0,177,536
0.0,26,0,219,536
0.0,23,0,243,536
8.0,8,0,119,536
0.0,35,0,242,536
0.0,34,0,158,536
0.0,25,0,212,536
0.0,27,0,211,536
0.0,30,0,232,536
0.0,33,0,241,536
0.0,31,0,240,536
5.0,12,0,178,536
16.0,6,0,187,536
0.0,21,0,230,536
2.0,17,0,233,536
10.0,7,0,172,536
4.0,15,0,223,536
5.0,14,0,202,536
0.0,18,0,239,536
0.0,22,0,197,536
0.0,20,0,200,536
8.0,10,0,222,536
7.0,11,0,224,536
3.0,16,0,203,536
31.0,3,3,199,536
5.0,13,0,175,536
36.0,2,1,238,536
8.0,9,0,231,536
26.0,5,1,221,536
31.0,4,1,182,536
45.0,1,4,207,536
0.0,32,0,137,537
0.0,29,0,229,537
0.0,41,0,245,537
0.0,40,0,209,537
0.0,38,0,208,537
0.0,39,0,244,537
0.0,20,0,152,537
0.0,30,0,235,537
0.0,34,0,206,537
0.0,25,0,163,537
0.0,27,0,177,537
0.0,26,0,219,537
0.0,24,0,243,537
8.0,10,0,119,537
0.0,37,0,242,537
0.0,36,0,158,537
1.0,18,0,212,537
0.0,28,0,211,537
0.0,31,0,232,537
0.0,35,0,241,537
0.0,33,0,240,537
5.0,13,0,178,537
16.0,6,0,187,537
0.0,22,0,230,537
2.0,17,0,233,537
14.0,8,0,172,537
4.0,15,0,223,537
7.0,12,0,202,537
0.0,19,0,239,537
0.0,23,0,197,537
0.0,21,0,200,537
14.0,7,0,222,537
10.0,9,0,224,537
3.0,16,0,203,537
31.0,3,3,199,537
5.0,14,0,175,537
36.0,2,1,238,537
8.0,11,0,231,537
26.0,5,1,221,537
31.0,4,1,182,537
54.0,1,5,207,537
0.0,41,0,246,538
0.0,32,0,137,538
0.0,29,0,229,538
0.0,42,0,245,538
0.0,40,0,209,538
0.0,38,0,208,538
0.0,39,0,244,538
0.0,21,0,152,538
0.0,30,0,235,538
0.0,34,0,206,538
0.0,25,0,163,538
0.0,27,0,177,538
0.0,26,0,219,538
0.0,24,0,243,538
8.0,10,0,119,538
0.0,37,0,242,538
0.0,36,0,158,538
1.0,19,0,212,538
0.0,28,0,211,538
0.0,31,0,232,538
0.0,35,0,241,538
0.0,33,0,240,538
5.0,14,0,178,538
16.0,6,0,187,538
1.0,18,0,230,538
2.0,17,0,233,538
16.0,7,0,172,538
4.0,16,0,223,538
7.0,13,0,202,538
0.0,20,0,239,538
0.0,23,0,197,538
0.0,22,0,200,538
14.0,8,0,222,538
13.0,9,0,224,538
7.0,12,0,203,538
31.0,4,3,199,538
5.0,15,0,175,538
45.0,2,2,238,538
8.0,11,0,231,538
32.0,3,1,221,538
31.0,5,1,182,538
54.0,1,5,207,538
0.0,40,0,247,539
0.0,42,0,246,539
0.0,32,0,137,539
0.0,29,0,229,539
0.0,43,0,245,539
0.0,41,0,209,539
0.0,38,0,208,539
0.0,39,0,244,539
0.0,21,0,152,539
0.0,30,0,235,539
0.0,34,0,206,539
0.0,25,0,163,539
0.0,27,0,177,539
0.0,26,0,219,539
0.0,24,0,243,539
8.0,10,0,119,539
0.0,37,0,242,539
0.0,36,0,158,539
1.0,19,0,212,539
0.0,28,0,211,539
0.0,31,0,232,539
0.0,35,0,241,539
0.0,33,0,240,539
5.0,14,0,178,539
19.0,6,0,187,539
1.0,18,0,230,539
2.0,17,0,233,539
16.0,7,0,172,539
4.0,16,0,223,539
7.0,13,0,202,539
0.0,20,0,239,539
0.0,23,0,197,539
0.0,22,0,200,539
14.0,9,0,222,539
15.0,8,0,224,539
8.0,11,0,203,539
31.0,5,3,199,539
5.0,15,0,175,539
51.0,2,2,238,539
8.0,12,0,231,539
32.0,4,1,221,539
35.0,3,1,182,539
63.0,1,6,207,539
0.0,41,0,248,540
0.0,38,0,247,540
0.0,43,0,246,540
0.0,26,0,137,540
0.0,31,0,229,540
0.0,44,0,245,540
0.0,42,0,209,540
0.0,39,0,208,540
0.0,40,0,244,540
0.0,21,0,152,540
0.0,32,0,235,540
0.0,29,0,206,540
0.0,25,0,163,540
0.0,28,0,177,540
0.0,27,0,219,540
0.0,24,0,243,540
8.0,10,0,119,540
0.0,37,0,242,540
0.0,36,0,158,540
1.0,19,0,212,540
0.0,30,0,211,540
0.0,33,0,232,540
0.0,35,0,241,540
0.0,34,0,240,540
5.0,15,0,178,540
25.0,6,0,187,540
1.0,18,0,230,540
2.0,17,0,233,540
19.0,7,0,172,540
4.0,16,0,223,540
7.0,14,0,202,540
0.0,20,0,239,540
0.0,23,0,197,540
0.0,22,0,200,540
14.0,9,0,222,540
15.0,8,0,224,540
8.0,11,0,203,540
35.0,4,3,199,540
7.0,13,0,175,540
51.0,2,2,238,540
8.0,12,0,231,540
32.0,5,1,221,540
44.0,3,2,182,540
64.0,1,6,207,540
0.0,41,0,213,541
0.0,33,0,249,541
0.0,43,0,248,541
0.0,35,0,247,541
0.0,45,0,246,541
0.0,28,0,137,541
0.0,31,0,229,541
0.0,46,0,245,541
0.0,44,0,209,541
0.0,40,0,208,541
0.0,42,0,244,541
0.0,22,0,152,541
0.0,32,0,235,541
0.0,24,0,206,541
0.0,26,0,163,541
0.0,29,0,177,541
3.0,17,0,219,541
0.0,27,0,243,541
8.0,11,0,119,541
0.0,39,0,242,541
0.0,38,0,158,541
1.0,20,0,212,541
0.0,30,0,211,541
0.0,34,0,232,541
0.0,37,0,241,541
0.0,36,0,240,541
11.0,10,0,178,541
25.0,6,0,187,541
1.0,19,0,230,541
2.0,18,0,233,541
19.0,7,0,172,541
4.0,16,0,223,541
7.0,15,0,202,541
0.0,21,0,239,541
0.0,25,0,197,541
0.0,23,0,200,541
18.0,8,0,222,541
17.0,9,0,224,541
8.0,12,0,203,541
44.0,3,4,199,541
8.0,14,0,175,541
51.0,2,2,238,541
8.0,13,0,231,541
32.0,5,1,221,541
44.0,4,2,182,541
64.0,1,6,207,541
0.0,38,0,213,542
0.0,33,0,249,542
0.0,43,0,248,542
0.0,35,0,247,542
0.0,45,0,246,542
0.0,28,0,137,542
0.0,31,0,229,542
0.0,46,0,245,542
0.0,44,0,209,542
0.0,41,0,208,542
0.0,42,0,244,542
0.0,23,0,152,542
0.0,32,0,235,542
1.0,20,0,206,542
0.0,26,0,163,542
0.0,29,0,177,542
3.0,17,0,219,542
0.0,27,0,243,542
11.0,12,0,119,542
0.0,40,0,242,542
0.0,39,0,158,542
1.0,21,0,212,542
0.0,30,0,211,542
0.0,34,0,232,542
0.0,37,0,241,542
0.0,36,0,240,542
11.0,11,0,178,542
25.0,6,0,187,542
1.0,19,0,230,542
2.0,18,0,233,542
19.0,8,0,172,542
4.0,16,0,223,542
7.0,15,0,202,542
0.0,22,0,239,542
0.0,25,0,197,542
0.0,24,0,200,542
24.0,7,0,222,542
17.0,10,0,224,542
17.0,9,1,203,542
48.0,3,4,199,542
8.0,14,0,175,542
51.0,2,2,238,542
8.0,13,0,231,542
34.0,5,1,221,542
44.0,4,2,182,542
64.0,1,6,207,542
0.0,21,0,255,543
0.0,20,0,254,543
0.0,19,0,246,543
0.0,18,0,182,543
0.0,17,0,253,543
0.0,16,0,238,543
0.0,15,0,200,543
0.0,14,0,231,543
0.0,13,0,221,543
0.0,12,0,172,543
0.0,11,0,237,543
0.0,10,0,187,543
0.0,9,0,252,543
0.0,8,0,251,543
0.0,7,0,230,543
1.0,6,0,223,543
2.0,5,0,207,543
3.0,4,0,224,543
4.0,3,0,199,543
6.0,2,0,250,543
9.0,1,1,222,543
0.0,22,0,256,544
2.0,8,0,255,544
1.0,10,0,254,544
0.0,16,0,246,544
4.0,6,0,182,544
0.0,11,0,253,544
0.0,21,0,238,544
0.0,20,0,200,544
6.0,4,0,231,544
0.0,19,0,221,544
0.0,18,0,172,544
0.0,17,0,237,544
0.0,15,0,187,544
0.0,14,0,252,544
0.0,13,0,251,544
0.0,12,0,230,544
1.0,9,0,223,544
2.0,7,0,207,544
6.0,5,0,224,544
13.0,1,1,199,544
6.0,3,0,250,544
9.0,2,1,222,544
0.0,25,0,257,545
0.0,24,0,233,545
0.0,17,0,239,545
0.0,18,0,256,545
2.0,8,0,255,545
1.0,13,0,254,545
0.0,16,0,246,545
13.0,3,1,182,545
0.0,15,0,253,545
0.0,23,0,238,545
2.0,10,0,200,545
9.0,4,0,231,545
4.0,7,0,221,545
0.0,22,0,172,545
0.0,21,0,237,545
1.0,12,0,187,545
0.0,20,0,252,545
0.0,19,0,251,545
0.0,14,0,230,545
1.0,11,0,223,545
2.0,9,0,207,545
6.0,6,0,224,545
13.0,2,1,199,545
6.0,5,0,250,545
15.0,1,1,222,545
0.0,27,0,178,546
0.0,18,0,205,546
1.0,14,0,197,546
0.0,28,0,257,546
0.0,26,0,233,546
0.0,20,0,239,546
0.0,21,0,256,546
2.0,9,0,255,546
1.0,13,0,254,546
0.0,19,0,246,546
19.0,1,1,182,546
0.0,16,0,253,546
0.0,25,0,238,546
2.0,10,0,200,546
9.0,5,0,231,546
7.0,7,0,221,546
0.0,17,0,172,546
0.0,24,0,237,546
1.0,12,0,187,546
0.0,23,0,252,546
0.0,22,0,251,546
0.0,15,0,230,546
1.0,11,0,223,546
11.0,4,1,207,546
8.0,6,0,224,546
13.0,3,1,199,546
6.0,8,0,250,546
19.0,2,1,222,546
0.0,35,0,260,547
0.0,34,0,259,547
0.0,33,0,232,547
0.0,31,0,229,547
0.0,30,0,211,547
0.0,25,0,208,547
0.0,24,0,258,547
0.0,29,0,178,547
0.0,22,0,205,547
1.0,15,0,197,547
0.0,32,0,257,547
1.0,13,0,233,547
0.0,21,0,239,547
0.0,26,0,256,547
4.0,10,0,255,547
1.0,14,0,254,547
0.0,20,0,246,547
19.0,4,1,182,547
0.0,18,0,253,547
0.0,19,0,238,547
5.0,9,0,200,547
9.0,5,0,231,547
7.0,7,0,221,547
0.0,17,0,172,547
0.0,28,0,237,547
1.0,12,0,187,547
0.0,27,0,252,547
0.0,23,0,251,547
0.0,16,0,230,547
1.0,11,0,223,547
20.0,2,2,207,547
8.0,6,0,224,547
19.0,3,1,199,547
6.0,8,0,250,547
23.0,1,1,222,547
0.0,25,0,235,548
0.0,22,0,119,548
0.0,37,0,260,548
0.0,36,0,259,548
0.0,35,0,232,548
0.0,33,0,229,548
0.0,27,0,211,548
0.0,29,0,208,548
0.0,28,0,258,548
1.0,15,0,178,548
0.0,24,0,205,548
1.0,12,0,197,548
0.0,34,0,257,548
1.0,14,0,233,548
0.0,23,0,239,548
0.0,30,0,256,548
4.0,10,0,255,548
1.0,16,0,254,548
0.0,21,0,246,548
25.0,2,1,182,548
0.0,19,0,253,548
0.0,20,0,238,548
8.0,7,0,200,548
9.0,5,0,231,548
7.0,8,0,221,548
0.0,18,0,172,548
0.0,32,0,237,548
1.0,13,0,187,548
0.0,31,0,252,548
0.0,26,0,251,548
0.0,17,0,230,548
1.0,11,0,223,548
22.0,4,2,207,548
8.0,6,0,224,548
23.0,3,1,199,548
6.0,9,0,250,548
32.0,1,2,222,548
0.0,39,0,212,549
0.0,38,0,261,549
0.0,27,0,235,549
0.0,23,0,119,549
0.0,37,0,260,549
0.0,32,0,259,549
0.0,33,0,232,549
0.0,22,0,229,549
0.0,30,0,211,549
0.0,31,0,208,549
0.0,24,0,258,549
3.0,13,0,178,549
0.0,26,0,205,549
1.0,16,0,197,549
0.0,36,0,257,549
2.0,14,0,233,549
0.0,25,0,239,549
0.0,29,0,256,549
13.0,5,1,255,549
1.0,18,0,254,549
0.0,21,0,246,549
31.0,2,1,182,549
0.0,20,0,253,549
4.0,11,0,238,549
8.0,8,0,200,549
9.0,6,0,231,549
7.0,9,0,221,549
0.0,19,0,172,549
0.0,35,0,237,549
1.0,17,0,187,549
0.0,34,0,252,549
0.0,28,0,251,549
3.0,12,0,230,549
1.0,15,0,223,549
22.0,4,2,207,549
8.0,7,0,224,549
23.0,3,1,199,549
6.0,10,0,250,549
32.0,1,2,222,549
0.0,41,0,263,550
0.0,24,0,262,550
0.0,39,0,212,550
0.0,40,0,261,550
0.0,28,0,235,550
0.0,23,0,119,550
0.0,38,0,260,550
0.0,32,0,259,550
0.0,34,0,232,550
0.0,22,0,229,550
0.0,30,0,211,550
0.0,33,0,208,550
0.0,26,0,258,550
3.0,14,0,178,550
0.0,27,0,205,550
1.0,18,0,197,550
0.0,37,0,257,550
2.0,16,0,233,550
0.0,25,0,239,550
0.0,31,0,256,550
13.0,6,1,255,550
1.0,19,0,254,550
0.0,21,0,246,550
31.0,2,1,182,550
0.0,20,0,253,550
4.0,12,0,238,550
14.0,5,0,200,550
9.0,9,0,231,550
10.0,7,0,221,550
9.0,8,1,172,550
0.0,36,0,237,550
3.0,15,0,187,550
0.0,35,0,252,550
0.0,29,0,251,550
3.0,13,0,230,550
1.0,17,0,223,550
23.0,4,2,207,550
8.0,10,0,224,550
27.0,3,1,199,550
6.0,11,0,250,550
32.0,1,2,222,550
0.0,40,0,175,551
0.0,42,0,263,551
0.0,24,0,262,551
0.0,38,0,212,551
0.0,41,0,261,551
0.0,29,0,235,551
0.0,23,0,119,551
0.0,39,0,260,551
0.0,32,0,259,551
0.0,34,0,232,551
0.0,22,0,229,551
0.0,26,0,211,551
0.0,33,0,208,551
0.0,27,0,258,551
3.0,15,0,178,551
0.0,28,0,205,551
1.0,18,0,197,551
0.0,37,0,257,551
2.0,16,0,233,551
0.0,25,0,239,551
0.0,31,0,256,551
16.0,5,1,255,551
1.0,19,0,254,551
0.0,21,0,246,551
33.0,1,1,182,551
0.0,20,0,253,551
4.0,13,0,238,551
14.0,6,0,200,551
13.0,7,0,231,551
10.0,8,0,221,551
9.0,9,1,172,551
0.0,36,0,237,551
9.0,10,0,187,551
0.0,35,0,252,551
0.0,30,0,251,551
3.0,14,0,230,551
1.0,17,0,223,551
32.0,2,3,207,551
8.0,11,0,224,551
28.0,4,1,199,551
6.0,12,0,250,551
32.0,3,2,222,551
0.0,49,0,266,552
0.0,48,0,245,552
0.0,47,0,265,552
0.0,46,0,264,552
0.0,40,0,219,552
0.0,33,0,267,552
0.0,31,0,203,552
0.0,41,0,175,552
0.0,45,0,263,552
0.0,24,0,262,552
0.0,42,0,212,552
0.0,44,0,261,552
0.0,29,0,235,552
0.0,23,0,119,552
0.0,43,0,260,552
0.0,34,0,259,552
0.0,36,0,232,552
0.0,22,0,229,552
0.0,27,0,211,552
0.0,35,0,208,552
0.0,25,0,258,552
3.0,16,0,178,552
0.0,28,0,205,552
1.0,18,0,197,552
0.0,39,0,257,552
4.0,14,0,233,552
0.0,26,0,239,552
0.0,32,0,256,552
20.0,6,1,255,552
1.0,19,0,254,552
0.0,21,0,246,552
39.0,1,1,182,552
0.0,20,0,253,552
4.0,13,0,238,552
17.0,7,0,200,552
22.0,5,1,231,552
10.0,9,0,221,552
10.0,8,1,172,552
0.0,38,0,237,552
9.0,10,0,187,552
0.0,37,0,252,552
0.0,30,0,251,552
3.0,15,0,230,552
1.0,17,0,223,552
32.0,2,3,207,552
8.0,11,0,224,552
28.0,4,1,199,552
6.0,12,0,250,552
32.0,3,2,222,552
0.0,45,0,269,553
0.0,43,0,268,553
0.0,51,0,266,553
0.0,50,0,245,553
0.0,49,0,265,553
0.0,48,0,264,553
0.0,42,0,219,553
0.0,21,0,267,553
0.0,34,0,203,553
1.0,20,0,175,553
0.0,47,0,263,553
0.0,27,0,262,553
0.0,41,0,212,553
0.0,46,0,261,553
0.0,32,0,235,553
0.0,24,0,119,553
0.0,44,0,260,553
0.0,36,0,259,553
0.0,38,0,232,553
0.0,26,0,229,553
0.0,30,0,211,553
0.0,37,0,208,553
0.0,28,0,258,553
3.0,16,0,178,553
0.0,31,0,205,553
1.0,18,0,197,553
0.0,40,0,257,553
8.0,11,0,233,553
0.0,29,0,239,553
0.0,35,0,256,553
20.0,6,1,255,553
1.0,19,0,254,553
0.0,25,0,246,553
48.0,1,2,182,553
0.0,22,0,253,553
4.0,15,0,238,553
17.0,7,0,200,553
22.0,5,1,231,553
10.0,9,0,221,553
10.0,8,1,172,553
0.0,23,0,237,553
9.0,10,0,187,553
0.0,39,0,252,553
0.0,33,0,251,553
5.0,14,0,230,553
1.0,17,0,223,553
32.0,3,3,207,553
8.0,12,0,224,553
31.0,4,1,199,553
6.0,13,0,250,553
38.0,2,2,222,553
0.0,44,0,270,554
0.0,46,0,269,554
0.0,43,0,268,554
0.0,52,0,266,554
0.0,51,0,245,554
0.0,50,0,265,554
0.0,49,0,264,554
0.0,42,0,219,554
0.0,22,0,267,554
0.0,34,0,203,554
1.0,20,0,175,554
0.0,48,0,263,554
0.0,29,0,262,554
0.0,41,0,212,554
0.0,47,0,261,554
0.0,32,0,235,554
0.0,26,0,119,554
0.0,45,0,260,554
0.0,36,0,259,554
0.0,38,0,232,554
0.0,28,0,229,554
0.0,21,0,211,554
0.0,37,0,208,554
0.0,25,0,258,554
12.0,8,1,178,554
0.0,31,0,205,554
1.0,18,0,197,554
0.0,40,0,257,554
12.0,9,0,233,554
0.0,30,0,239,554
0.0,35,0,256,554
20.0,6,1,255,554
1.0,19,0,254,554
0.0,27,0,246,554
54.0,1,2,182,554
0.0,23,0,253,554
6.0,15,0,238,554
18.0,7,0,200,554
22.0,5,1,231,554
10.0,11,0,221,554
10.0,10,1,172,554
0.0,24,0,237,554
9.0,12,0,187,554
0.0,39,0,252,554
0.0,33,0,251,554
5.0,16,0,230,554
1.0,17,0,223,554
32.0,4,3,207,554
8.0,13,0,224,554
34.0,3,1,199,554
6.0,14,0,250,554
38.0,2,2,222,554
0.0,51,0,247,555
0.0,44,0,270,555
0.0,46,0,269,555
0.0,43,0,268,555
0.0,53,0,266,555
0.0,52,0,245,555
0.0,50,0,265,555
0.0,49,0,264,555
0.0,41,0,219,555
0.0,22,0,267,555
0.0,34,0,203,555
3.0,17,0,175,555
0.0,48,0,263,555
0.0,30,0,262,555
0.0,42,0,212,555
0.0,47,0,261,555
0.0,33,0,235,555
0.0,28,0,119,555
0.0,45,0,260,555
0.0,36,0,259,555
0.0,38,0,232,555
0.0,29,0,229,555
0.0,21,0,211,555
0.0,37,0,208,555
0.0,27,0,258,555
12.0,9,1,178,555
0.0,32,0,205,555
1.0,19,0,197,555
0.0,40,0,257,555
12.0,10,0,233,555
0.0,26,0,239,555
0.0,35,0,256,555
20.0,6,1,255,555
1.0,20,0,254,555
0.0,24,0,246,555
63.0,1,3,182,555
0.0,23,0,253,555
6.0,15,0,238,555
18.0,7,0,200,555
22.0,5,1,231,555
10.0,12,0,221,555
16.0,8,1,172,555
0.0,25,0,237,555
9.0,13,0,187,555
0.0,39,0,252,555
0.0,31,0,251,555
5.0,16,0,230,555
1.0,18,0,223,555
32.0,4,3,207,555
11.0,11,0,224,555
35.0,3,1,199,555
6.0,14,0,250,555
42.0,2,2,222,555
0.0,55,0,220,556
0.0,53,0,271,556
0.0,45,0,241,556
0.0,40,0,152,556
0.0,54,0,247,556
0.0,46,0,270,556
0.0,48,0,269,556
0.0,44,0,268,556
0.0,57,0,266,556
0.0,56,0,245,556
0.0,52,0,265,556
0.0,51,0,264,556
0.0,41,0,219,556
0.0,23,0,267,556
0.0,34,0,203,556
3.0,18,0,175,556
0.0,50,0,263,556
0.0,30,0,262,556
0.0,43,0,212,556
0.0,49,0,261,556
0.0,33,0,235,556
0.0,28,0,119,556
0.0,47,0,260,556
0.0,36,0,259,556
0.0,38,0,232,556
0.0,29,0,229,556
0.0,22,0,211,556
0.0,37,0,208,556
0.0,21,0,258,556
16.0,9,1,178,556
0.0,32,0,205,556
1.0,19,0,197,556
0.0,42,0,257,556
12.0,10,0,233,556
0.0,27,0,239,556
0.0,35,0,256,556
20.0,7,1,255,556
1.0,20,0,254,556
0.0,25,0,246,556
69.0,1,3,182,556
0.0,24,0,253,556
7.0,14,0,238,556
21.0,6,0,200,556
22.0,5,1,231,556
10.0,12,0,221,556
16.0,8,1,172,556
0.0,26,0,237,556
9.0,13,0,187,556
0.0,39,0,252,556
0.0,31,0,251,556
5.0,16,0,230,556
0.0,46,0,240,557
0.0,56,0,220,557
0.0,54,0,271,557
0.0,47,0,241,557
0.0,41,0,152,557
0.0,55,0,247,557
0.0,39,0,270,557
0.0,49,0,269,557
0.0,45,0,268,557
0.0,58,0,266,557
0.0,57,0,245,557
0.0,53,0,265,557
0.0,52,0,264,557
0.0,42,0,219,557
0.0,23,0,267,557
0.0,34,0,203,557
3.0,18,0,175,557
0.0,51,0,263,557
0.0,30,0,262,557
0.0,44,0,212,557
0.0,50,0,261,557
0.0,33,0,235,557
0.0,28,0,119,557
0.0,48,0,260,557
0.0,36,0,259,557
0.0,38,0,232,557
0.0,29,0,229,557
0.0,21,0,211,557
0.0,37,0,208,557
0.0,22,0,258,557
16.0,9,1,178,557
0.0,32,0,205,557
1.0,19,0,197,557
0.0,43,0,257,557
12.0,10,0,233,557
0.0,27,0,239,557
0.0,35,0,256,557
20.0,7,1,255,557
1.0,20,0,254,557
0.0,25,0,246,557
72.0,1,3,182,557
0.0,24,0,253,557
7.0,14,0,238,557
21.0,6,0,200,557
31.0,5,2,231,557
10.0,12,0,221,557
16.0,8,1,172,557
0.0,26,0,237,557
9.0,13,0,187,557
0.0,40,0,252,557
0.0,31,0,251,557
5.0,16,0,230,557
5.0,17,0,223,557
47.0,2,4,207,557
11.0,11,0,224,557
36.0,4,1,199,557
6.0,15,0,250,557
46.0,3,2,222,557
0.0,25,0,240,558
0.0,56,0,220,558
0.0,54,0,271,558
0.0,47,0,241,558
0.0,42,0,152,558
0.0,55,0,247,558
0.0,40,0,270,558
0.0,49,0,269,558
0.0,46,0,268,558
0.0,58,0,266,558
0.0,57,0,245,558
0.0,53,0,265,558
0.0,52,0,264,558
0.0,43,0,219,558
0.0,23,0,267,558
0.0,35,0,203,558
5.0,18,0,175,558
0.0,51,0,263,558
0.0,31,0,262,558
0.0,45,0,212,558
0.0,50,0,261,558
0.0,34,0,235,558
0.0,29,0,119,558
0.0,48,0,260,558
0.0,37,0,259,558
0.0,39,0,232,558
0.0,30,0,229,558
0.0,21,0,211,558
0.0,38,0,208,558
0.0,22,0,258,558
19.0,8,1,178,558
0.0,33,0,205,558
1.0,19,0,197,558
0.0,44,0,257,558
12.0,11,0,233,558
0.0,28,0,239,558
0.0,36,0,256,558
20.0,7,1,255,558
1.0,20,0,254,558
0.0,27,0,246,558
72.0,1,3,182,558
0.0,24,0,253,558
7.0,14,0,238,558
25.0,6,0,200,558
31.0,5,2,231,558
16.0,10,0,221,558
16.0,9,1,172,558
0.0,26,0,237,558
9.0,13,0,187,558
0.0,41,0,252,558
0.0,32,0,251,558
6.0,16,0,230,558
5.0,17,0,223,558
47.0,3,4,207,558
11.0,12,0,224,558
36.0,4,1,199,558
6.0,15,0,250,558
55.0,2,3,222,558
0.0,48,0,274,559
0.0,37,0,273,559
0.0,32,0,272,559
0.0,26,0,240,559
0.0,59,0,220,559
0.0,57,0,271,559
0.0,50,0,241,559
0.0,44,0,152,559
0.0,58,0,247,559
0.0,42,0,270,559
0.0,52,0,269,559
0.0,49,0,268,559
0.0,61,0,266,559
0.0,60,0,245,559
0.0,56,0,265,559
0.0,55,0,264,559
0.0,45,0,219,559
0.0,24,0,267,559
0.0,36,0,203,559
5.0,18,0,175,559
0.0,54,0,263,559
0.0,31,0,262,559
0.0,47,0,212,559
0.0,53,0,261,559
0.0,35,0,235,559
1.0,20,0,119,559
0.0,51,0,260,559
0.0,39,0,259,559
0.0,41,0,232,559
0.0,30,0,229,559
0.0,22,0,211,559
0.0,40,0,208,559
0.0,23,0,258,559
22.0,7,1,178,559
0.0,34,0,205,559
1.0,19,0,197,559
0.0,46,0,257,559
12.0,11,0,233,559
0.0,29,0,239,559
0.0,38,0,256,559
20.0,8,1,255,559
1.0,21,0,254,559
0.0,28,0,246,559
72.0,1,3,182,559
0.0,25,0,253,559
7.0,14,0,238,559
25.0,6,0,200,559
40.0,5,3,231,559
20.0,9,0,221,559
18.0,10,1,172,559
0.0,27,0,237,559
9.0,13,0,187,559
0.0,43,0,252,559
0.0,33,0,251,559
6.0,16,0,230,559
5.0,17,0,223,559
47.0,3,4,207,559
11.0,12,0,224,559
42.0,4,1,199,559
6.0,15,0,250,559
55.0,2,3,222,559
3.0,17,0,223,556
41.0,3,4,207,556
11.0,11,0,224,556
35.0,4,1,199,556
6.0,15,0,250,556
42.0,2,2,222,556
0.0,22,0,270,560
0.0,21,0,187,560
0.0,20,0,207,560
0.0,19,0,238,560
0.0,18,0,172,560
0.0,17,0,230,560
0.0,16,0,231,560
0.0,15,0,197,560
0.0,14,0,275,560
0.0,13,0,224,560
0.0,12,0,199,560
0.0,11,0,253,560
0.0,10,0,250,560
0.0,9,0,254,560
0.0,8,0,235,560
0.0,7,0,223,560
1.0,6,0,200,560
2.0,5,0,222,560
3.0,4,0,233,560
4.0,3,0,252,560
6.0,2,0,221,560
9.0,1,1,182,560
0.0,29,0,251,561
0.0,28,0,255,561
0.0,23,0,229,561
0.0,21,0,278,561
0.0,20,0,277,561
0.0,17,0,239,561
0.0,15,0,276,561
0.0,27,0,270,561
2.0,8,0,187,561
1.0,9,0,207,561
0.0,26,0,238,561
0.0,25,0,172,561
0.0,12,0,230,561
6.0,3,0,231,561
0.0,24,0,197,561
0.0,22,0,275,561
0.0,19,0,224,561
0.0,18,0,199,561
0.0,16,0,253,561
0.0,14,0,250,561
0.0,13,0,254,561
0.0,11,0,235,561
0.0,10,0,223,561
5.0,4,0,200,561
5.0,5,0,222,561
3.0,7,0,233,561
4.0,6,0,252,561
6.0,2,0,221,561
18.0,1,2,182,561
0.0,30,0,232,562
0.0,27,0,178,562
0.0,31,0,251,562
0.0,28,0,255,562
0.0,26,0,229,562
0.0,14,0,278,562
0.0,24,0,277,562
0.0,22,0,239,562
0.0,20,0,276,562
0.0,29,0,270,562
2.0,10,0,187,562
1.0,12,0,207,562
0.0,19,0,238,562
3.0,9,0,172,562
0.0,16,0,230,562
6.0,5,0,231,562
0.0,13,0,197,562
0.0,25,0,275,562
1.0,11,0,224,562
0.0,23,0,199,562
0.0,21,0,253,562
0.0,17,0,250,562
0.0,18,0,254,562
0.0,15,0,235,562
9.0,3,1,223,562
7.0,4,0,200,562
5.0,6,0,222,562
3.0,8,0,233,562
4.0,7,0,252,562
10.0,2,0,221,562
24.0,1,2,182,562
0.0,35,0,208,563
0.0,34,0,279,563
0.0,33,0,271,563
0.0,27,0,256,563
0.0,30,0,232,563
0.0,20,0,178,563
0.0,32,0,251,563
4.0,8,0,255,563
0.0,29,0,229,563
2.0,12,0,278,563
0.0,22,0,277,563
0.0,26,0,239,563
0.0,24,0,276,563
0.0,31,0,270,563
2.0,13,0,187,563
1.0,16,0,207,563
0.0,23,0,238,563
3.0,10,0,172,563
0.0,19,0,230,563
15.0,2,1,231,563
0.0,18,0,197,563
0.0,28,0,275,563
1.0,15,0,224,563
3.0,11,0,199,563
0.0,25,0,253,563
1.0,14,0,250,563
0.0,21,0,254,563
0.0,17,0,235,563
9.0,4,1,223,563
7.0,5,0,200,563
5.0,6,0,222,563
3.0,9,0,233,563
4.0,7,0,252,563
10.0,3,0,221,563
30.0,1,2,182,563
0.0,37,0,265,564
0.0,32,0,258,564
0.0,36,0,208,564
0.0,35,0,279,564
0.0,28,0,271,564
0.0,20,0,256,564
0.0,31,0,232,564
2.0,14,0,178,564
0.0,34,0,251,564
4.0,9,0,255,564
0.0,30,0,229,564
2.0,13,0,278,564
0.0,23,0,277,564
0.0,26,0,239,564
0.0,25,0,276,564
0.0,33,0,270,564
2.0,12,0,187,564
1.0,17,0,207,564
0.0,24,0,238,564
7.0,7,0,172,564
0.0,21,0,230,564
15.0,3,1,231,564
0.0,19,0,197,564
0.0,29,0,275,564
1.0,16,0,224,564
3.0,11,0,199,564
0.0,27,0,253,564
1.0,15,0,250,564
0.0,22,0,254,564
0.0,18,0,235,564
15.0,2,1,223,564
8.0,5,0,200,564
8.0,6,0,222,564
3.0,10,0,233,564
4.0,8,0,252,564
10.0,4,0,221,564
39.0,1,3,182,564
0.0,34,0,280,565
0.0,38,0,265,565
0.0,32,0,258,565
0.0,37,0,208,565
0.0,36,0,279,565
0.0,28,0,271,565
0.0,20,0,256,565
0.0,31,0,232,565
2.0,14,0,178,565
0.0,35,0,251,565
4.0,10,0,255,565
0.0,30,0,229,565
2.0,13,0,278,565
0.0,23,0,277,565
0.0,26,0,239,565
0.0,25,0,276,565
0.0,33,0,270,565
2.0,12,0,187,565
1.0,17,0,207,565
0.0,24,0,238,565
7.0,7,0,172,565
0.0,21,0,230,565
15.0,3,1,231,565
0.0,18,0,197,565
0.0,29,0,275,565
2.0,15,0,224,565
3.0,11,0,199,565
0.0,27,0,253,565
1.0,16,0,250,565
0.0,22,0,254,565
0.0,19,0,235,565
15.0,2,1,223,565
10.0,6,0,200,565
14.0,5,0,222,565
6.0,8,0,233,565
4.0,9,0,252,565
14.0,4,0,221,565
48.0,1,4,182,565
0.0,36,0,281,566
0.0,34,0,280,566
0.0,39,0,265,566
0.0,32,0,258,566
0.0,38,0,208,566
0.0,37,0,279,566
0.0,28,0,271,566
0.0,22,0,256,566
0.0,29,0,232,566
2.0,14,0,178,566
0.0,35,0,251,566
4.0,10,0,255,566
0.0,31,0,229,566
2.0,13,0,278,566
0.0,24,0,277,566
0.0,26,0,239,566
0.0,25,0,276,566
0.0,33,0,270,566
2.0,12,0,187,566
1.0,17,0,207,566
0.0,20,0,238,566
10.0,6,0,172,566
0.0,21,0,230,566
17.0,4,1,231,566
0.0,18,0,197,566
0.0,30,0,275,566
2.0,15,0,224,566
3.0,11,0,199,566
0.0,27,0,253,566
1.0,16,0,250,566
0.0,23,0,254,566
0.0,19,0,235,566
16.0,5,1,223,566
10.0,7,0,200,566
23.0,2,1,222,566
6.0,8,0,233,566
4.0,9,0,252,566
20.0,3,0,221,566
52.0,1,4,182,566
0.0,40,0,282,567
0.0,37,0,281,567
0.0,34,0,280,567
0.0,32,0,265,567
0.0,33,0,258,567
0.0,39,0,208,567
0.0,38,0,279,567
0.0,29,0,271,567
0.0,22,0,256,567
0.0,23,0,232,567
2.0,16,0,178,567
0.0,36,0,251,567
4.0,11,0,255,567
0.0,31,0,229,567
2.0,15,0,278,567
0.0,25,0,277,567
0.0,27,0,239,567
0.0,26,0,276,567
0.0,35,0,270,567
6.0,8,0,187,567
3.0,14,0,207,567
0.0,20,0,238,567
10.0,6,0,172,567
0.0,21,0,230,567
26.0,2,2,231,567
0.0,18,0,197,567
0.0,30,0,275,567
2.0,17,0,224,567
3.0,13,0,199,567
0.0,28,0,253,567
4.0,12,0,250,567
0.0,24,0,254,567
0.0,19,0,235,567
16.0,5,1,223,567
10.0,7,0,200,567
24.0,4,1,222,567
6.0,9,0,233,567
4.0,10,0,252,567
26.0,3,0,221,567
52.0,1,4,182,567
0.0,42,0,283,568
0.0,40,0,242,568
0.0,41,0,282,568
0.0,37,0,281,568
0.0,34,0,280,568
0.0,32,0,265,568
0.0,33,0,258,568
0.0,39,0,208,568
0.0,38,0,279,568
0.0,30,0,271,568
0.0,23,0,256,568
0.0,24,0,232,568
4.0,13,0,178,568
0.0,36,0,251,568
4.0,11,0,255,568
0.0,21,0,229,568
2.0,17,0,278,568
0.0,26,0,277,568
0.0,28,0,239,568
0.0,27,0,276,568
0.0,35,0,270,568
10.0,6,0,187,568
3.0,15,0,207,568
0.0,20,0,238,568
10.0,7,0,172,568
0.0,22,0,230,568
26.0,3,2,231,568
0.0,18,0,197,568
0.0,31,0,275,568
3.0,16,0,224,568
3.0,14,0,199,568
0.0,29,0,253,568
4.0,12,0,250,568
0.0,25,0,254,568
0.0,19,0,235,568
16.0,5,1,223,568
10.0,8,0,200,568
30.0,2,1,222,568
6.0,10,0,233,568
7.0,9,0,252,568
26.0,4,0,221,568
61.0,1,5,182,568
0.0,33,0,284,569
1.0,18,0,243,569
0.0,44,0,283,569
0.0,42,0,242,569
0.0,43,0,282,569
0.0,39,0,281,569
0.0,36,0,280,569
0.0,34,0,265,569
0.0,35,0,258,569
0.0,41,0,208,569
0.0,40,0,279,569
0.0,31,0,271,569
0.0,24,0,256,569
0.0,25,0,232,569
4.0,13,0,178,569
0.0,38,0,251,569
6.0,11,0,255,569
0.0,22,0,229,569
2.0,17,0,278,569
0.0,27,0,277,569
0.0,29,0,239,569
0.0,28,0,276,569
0.0,37,0,270,569
10.0,7,0,187,569
3.0,15,0,207,569
0.0,21,0,238,569
10.0,8,0,172,569
0.0,23,0,230,569
35.0,3,3,231,569
0.0,19,0,197,569
0.0,32,0,275,569
3.0,16,0,224,569
3.0,14,0,199,569
0.0,30,0,253,569
7.0,10,0,250,569
0.0,26,0,254,569
0.0,20,0,235,569
16.0,5,1,223,569
14.0,6,0,200,569
36.0,2,1,222,569
6.0,12,0,233,569
7.0,9,0,252,569
26.0,4,0,221,569
61.0,1,5,182,569
0.0,37,0,246,570
0.0,31,0,284,570
1.0,19,0,243,570
0.0,45,0,283,570
0.0,43,0,242,570
0.0,44,0,282,570
0.0,40,0,281,570
0.0,26,0,280,570
0.0,35,0,265,570
0.0,36,0,258,570
0.0,42,0,208,570
0.0,41,0,279,570
0.0,34,0,271,570
0.0,24,0,256,570
0.0,25,0,232,570
4.0,14,0,178,570
0.0,39,0,251,570
10.0,9,0,255,570
0.0,22,0,229,570
2.0,17,0,278,570
0.0,28,0,277,570
0.0,29,0,239,570
0.0,30,0,276,570
0.0,38,0,270,570
19.0,5,1,187,570
5.0,13,0,207,570
1.0,18,0,238,570
16.0,7,0,172,570
0.0,23,0,230,570
38.0,2,3,231,570
0.0,20,0,197,570
0.0,33,0,275,570
3.0,16,0,224,570
3.0,15,0,199,570
0.0,32,0,253,570
7.0,11,0,250,570
0.0,27,0,254,570
0.0,21,0,235,570
16.0,6,1,223,570
14.0,8,0,200,570
36.0,3,1,222,570
6.0,12,0,233,570
7.0,10,0,252,570
26.0,4,0,221,570
61.0,1,5,182,570
0.0,40,0,260,571
0.0,38,0,257,571
0.0,37,0,246,571
0.0,31,0,284,571
1.0,20,0,243,571
0.0,47,0,283,571
0.0,45,0,242,571
0.0,46,0,282,571
0.0,42,0,281,571
0.0,25,0,280,571
0.0,35,0,265,571
0.0,36,0,258,571
0.0,44,0,208,571
0.0,43,0,279,571
0.0,34,0,271,571
0.0,24,0,256,571
0.0,26,0,232,571
4.0,14,0,178,571
0.0,41,0,251,571
10.0,9,0,255,571
0.0,23,0,229,571
2.0,17,0,278,571
0.0,28,0,277,571
0.0,29,0,239,571
0.0,30,0,276,571
0.0,39,0,270,571
19.0,6,1,187,571
9.0,11,0,207,571
1.0,18,0,238,571
16.0,7,0,172,571
1.0,19,0,230,571
47.0,2,4,231,571
0.0,21,0,197,571
0.0,33,0,275,571
3.0,16,0,224,571
3.0,15,0,199,571
0.0,32,0,253,571
7.0,12,0,250,571
0.0,27,0,254,571
0.0,22,0,235,571
22.0,5,1,223,571
14.0,8,0,200,571
38.0,3,1,222,571
6.0,13,0,233,571
10.0,10,0,252,571
26.0,4,0,221,571
61.0,1,5,182,571
0.0,47,0,285,572
0.0,40,0,260,572
0.0,38,0,257,572
0.0,37,0,246,572
0.0,31,0,284,572
1.0,20,0,243,572
0.0,48,0,283,572
0.0,45,0,242,572
0.0,46,0,282,572
0.0,42,0,281,572
0.0,25,0,280,572
0.0,35,0,265,572
0.0,36,0,258,572
0.0,44,0,208,572
0.0,43,0,279,572
0.0,34,0,271,572
0.0,24,0,256,572
0.0,26,0,232,572
4.0,15,0,178,572
0.0,41,0,251,572
10.0,10,0,255,572
0.0,23,0,229,572
2.0,18,0,278,572
0.0,28,0,277,572
0.0,29,0,239,572
0.0,30,0,276,572
0.0,39,0,270,572
19.0,7,1,187,572
9.0,12,0,207,572
10.0,9,1,238,572
20.0,6,0,172,572
1.0,19,0,230,572
47.0,2,4,231,572
0.0,21,0,197,572
0.0,33,0,275,572
3.0,17,0,224,572
3.0,16,0,199,572
0.0,32,0,253,572
7.0,13,0,250,572
0.0,27,0,254,572
0.0,22,0,235,572
28.0,4,1,223,572
14.0,8,0,200,572
40.0,3,1,222,572
6.0,14,0,233,572
10.0,11,0,252,572
27.0,5,0,221,572
64.0,1,5,182,572
0.0,42,0,285,573
0.0,40,0,260,573
0.0,38,0,257,573
0.0,37,0,246,573
0.0,31,0,284,573
1.0,20,0,243,573
0.0,48,0,283,573
0.0,46,0,242,573
0.0,47,0,282,573
0.0,43,0,281,573
0.0,25,0,280,573
0.0,35,0,265,573
0.0,36,0,258,573
0.0,45,0,208,573
0.0,44,0,279,573
0.0,34,0,271,573
0.0,24,0,256,573
0.0,26,0,232,573
4.0,15,0,178,573
0.0,41,0,251,573
10.0,11,0,255,573
0.0,23,0,229,573
2.0,18,0,278,573
0.0,28,0,277,573
0.0,29,0,239,573
0.0,30,0,276,573
0.0,39,0,270,573
19.0,7,1,187,573
13.0,9,0,207,573
10.0,10,1,238,573
20.0,6,0,172,573
1.0,19,0,230,573
56.0,2,5,231,573
0.0,21,0,197,573
0.0,33,0,275,573
3.0,17,0,224,573
3.0,16,0,199,573
0.0,32,0,253,573
7.0,13,0,250,573
0.0,27,0,254,573
0.0,22,0,235,573
29.0,5,1,223,573
16.0,8,0,200,573
43.0,3,1,222,573
6.0,14,0,233,573
10.0,12,0,252,573
33.0,4,0,221,573
64.0,1,5,182,573
0.0,36,0,286,574
0.0,35,0,237,574
0.0,44,0,285,574
0.0,42,0,260,574
0.0,40,0,257,574
0.0,39,0,246,574
0.0,31,0,284,574
1.0,20,0,243,574
0.0,50,0,283,574
0.0,48,0,242,574
0.0,49,0,282,574
0.0,45,0,281,574
0.0,25,0,280,574
0.0,37,0,265,574
0.0,38,0,258,574
0.0,47,0,208,574
0.0,46,0,279,574
0.0,34,0,271,574
0.0,24,0,256,574
0.0,26,0,232,574
4.0,15,0,178,574
0.0,43,0,251,574
10.0,11,0,255,574
0.0,23,0,229,574
2.0,18,0,278,574
0.0,28,0,277,574
0.0,29,0,239,574
0.0,30,0,276,574
0.0,41,0,270,574
20.0,6,1,187,574
13.0,9,0,207,574
10.0,10,1,238,574
20.0,7,0,172,574
1.0,19,0,230,574
65.0,2,6,231,574
0.0,21,0,197,574
0.0,33,0,275,574
3.0,17,0,224,574
3.0,16,0,199,574
0.0,32,0,253,574
7.0,14,0,250,574
0.0,27,0,254,574
0.0,22,0,235,574
29.0,5,1,223,574
19.0,8,0,200,574
49.0,3,1,222,574
8.0,13,0,233,574
10.0,12,0,252,574
33.0,4,0,221,574
68.0,1,5,182,574
0.0,47,0,245,575
0.0,43,0,273,575
0.0,34,0,287,575
0.0,27,0,274,575
0.0,38,0,286,575
0.0,37,0,237,575
0.0,48,0,285,575
0.0,45,0,260,575
0.0,42,0,257,575
0.0,41,0,246,575
0.0,32,0,284,575
1.0,20,0,243,575
0.0,54,0,283,575
0.0,52,0,242,575
0.0,53,0,282,575
0.0,49,0,281,575
0.0,25,0,280,575
0.0,39,0,265,575
0.0,40,0,258,575
0.0,51,0,208,575
0.0,50,0,279,575
0.0,36,0,271,575
0.0,24,0,256,575
0.0,26,0,232,575
7.0,15,0,178,575
0.0,46,0,251,575
11.0,10,0,255,575
0.0,21,0,229,575
2.0,18,0,278,575
0.0,29,0,277,575
0.0,30,0,239,575
0.0,31,0,276,575
0.0,44,0,270,575
20.0,7,1,187,575
22.0,6,1,207,575
10.0,11,1,238,575
20.0,8,0,172,575
1.0,19,0,230,575
69.0,1,6,231,575
0.0,22,0,197,575
0.0,35,0,275,575
3.0,17,0,224,575
3.0,16,0,199,575
0.0,33,0,253,575
7.0,14,0,250,575
0.0,28,0,254,575
0.0,23,0,235,575
31.0,5,1,223,575
19.0,9,0,200,575
49.0,3,1,222,575
8.0,13,0,233,575
10.0,12,0,252,575
39.0,4,0,221,575
68.0,2,5,182,575
0.0,22,0,197,576
0.0,21,0,290,576
0.0,20,0,172,576
0.0,19,0,238,576
0.0,18,0,283,576
0.0,17,0,207,576
0.0,16,0,232,576
0.0,15,0,250,576
0.0,14,0,200,576
0.0,13,0,243,576
0.0,12,0,252,576
0.0,11,0,222,576
0.0,10,0,289,576
0.0,9,0,230,576
0.0,8,0,235,576
0.0,7,0,288,576
1.0,6,0,182,576
2.0,5,0,221,576
3.0,4,0,223,576
4.0,3,0,199,576
6.0,2,0,231,576
9.0,1,1,224,576
0.0,14,0,187,577
0.0,22,0,197,577
0.0,19,0,290,577
0.0,15,0,172,577
0.0,20,0,238,577
0.0,23,0,283,577
0.0,9,0,207,577
0.0,21,0,232,577
9.0,2,1,250,577
4.0,6,0,200,577
0.0,18,0,243,577
0.0,17,0,252,577
0.0,16,0,222,577
0.0,13,0,289,577
0.0,12,0,230,577
0.0,11,0,235,577
0.0,10,0,288,577
3.0,7,0,182,577
2.0,8,0,221,577
6.0,4,0,223,577
4.0,5,0,199,577
7.0,3,0,231,577
15.0,1,1,224,577
0.0,29,0,275,578
0.0,28,0,251,578
0.0,24,0,276,578
0.0,23,0,293,578
0.0,22,0,292,578
0.0,20,0,291,578
0.0,18,0,187,578
0.0,26,0,197,578
0.0,21,0,290,578
0.0,19,0,172,578
0.0,17,0,238,578
0.0,27,0,283,578
0.0,12,0,207,578
0.0,25,0,232,578
12.0,2,1,250,578
5.0,8,0,200,578
0.0,11,0,243,578
0.0,14,0,252,578
9.0,4,1,222,578
0.0,16,0,289,578
0.0,15,0,230,578
0.0,13,0,235,578
0.0,10,0,288,578
5.0,9,0,182,578
6.0,6,0,221,578
6.0,7,0,223,578
10.0,3,0,199,578
7.0,5,0,231,578
15.0,1,1,224,578
0.0,33,0,178,579
0.0,29,0,296,579
0.0,28,0,295,579
0.0,17,0,294,579
0.5,13,0,275,579
0.0,32,0,251,579
0.0,27,0,276,579
0.0,26,0,293,579
0.0,25,0,292,579
0.0,23,0,291,579
0.0,18,0,187,579
1.5,11,0,197,579
0.0,24,0,290,579
0.0,22,0,172,579
0.0,21,0,238,579
0.0,31,0,283,579
0.0,16,0,207,579
0.0,30,0,232,579
12.0,2,1,250,579
9.5,4,1,200,579
0.0,15,0,243,579
0.0,19,0,252,579
9.0,5,1,222,579
0.0,20,0,289,579
1.0,12,0,230,579
3.0,10,0,235,579
0.0,14,0,288,579
5.0,9,0,182,579
6.0,7,0,221,579
6.0,8,0,223,579
12.0,3,0,199,579
7.0,6,0,231,579
15.0,1,1,224,579
0.0,34,0,297,580
0.0,28,0,178,580
0.0,30,0,296,580
0.0,29,0,295,580
0.0,18,0,294,580
0.5,14,0,275,580
0.0,33,0,251,580
0.0,27,0,276,580
0.0,26,0,293,580
0.0,25,0,292,580
0.0,23,0,291,580
0.0,19,0,187,580
1.5,12,0,197,580
0.0,24,0,290,580
0.0,22,0,172,580
3.0,11,0,238,580
0.0,32,0,283,580
0.0,17,0,207,580
0.0,31,0,232,580
16.0,2,1,250,580
10.5,5,1,200,580
0.0,16,0,243,580
0.0,20,0,252,580
9.0,6,1,222,580
0.0,21,0,289,580
1.0,13,0,230,580
3.0,10,0,235,580
0.0,15,0,288,580
14.0,3,1,182,580
8.0,7,0,221,580
6.0,9,0,223,580
12.0,4,0,199,580
7.0,8,0,231,580
21.0,1,1,224,580
0.0,34,0,297,581
0.0,28,0,178,581
0.0,29,0,296,581
0.0,30,0,295,581
0.0,19,0,294,581
0.5,15,0,275,581
0.0,33,0,251,581
0.0,21,0,276,581
0.0,27,0,293,581
0.0,26,0,292,581
0.0,24,0,291,581
0.0,20,0,187,581
1.5,12,0,197,581
0.0,25,0,290,581
0.0,23,0,172,581
3.0,11,0,238,581
0.0,32,0,283,581
0.0,18,0,207,581
0.0,31,0,232,581
16.0,3,1,250,581
10.5,7,1,200,581
0.0,17,0,243,581
1.0,14,0,252,581
15.0,5,1,222,581
0.0,22,0,289,581
1.0,13,0,230,581
3.0,10,0,235,581
0.0,16,0,288,581
23.0,1,2,182,581
11.0,6,0,221,581
8.0,8,0,223,581
16.0,4,0,199,581
7.0,9,0,231,581
21.0,2,1,224,581
0.0,36,0,267,582
0.0,30,0,282,582
0.0,23,0,297,582
0.0,24,0,178,582
0.0,31,0,296,582
0.0,32,0,295,582
1.0,16,0,294,582
0.5,18,0,275,582
0.0,35,0,251,582
0.0,21,0,276,582
0.0,29,0,293,582
0.0,28,0,292,582
0.0,26,0,291,582
0.0,20,0,187,582
1.5,14,0,197,582
0.0,27,0,290,582
0.0,25,0,172,582
3.0,12,0,238,582
0.0,34,0,283,582
3.0,11,0,207,582
0.0,33,0,232,582
16.0,4,1,250,582
10.5,8,1,200,582
0.0,19,0,243,582
1.0,17,0,252,582
15.0,5,1,222,582
0.0,22,0,289,582
1.0,15,0,230,582
3.0,10,0,235,582
2.0,13,0,288,582
32.0,1,3,182,582
11.0,7,0,221,582
12.0,6,0,223,582
22.0,2,0,199,582
7.0,9,0,231,582
21.0,3,1,224,582
0.0,38,0,299,583
0.0,24,0,298,583
0.0,37,0,267,583
0.0,32,0,282,583
0.0,23,0,297,583
0.0,26,0,178,583
0.0,33,0,296,583
0.0,34,0,295,583
1.0,17,0,294,583
0.5,18,0,275,583
0.0,29,0,251,583
0.0,21,0,276,583
0.0,31,0,293,583
0.0,30,0,292,583
0.0,28,0,291,583
0.0,20,0,187,583
1.5,15,0,197,583
0.0,25,0,290,583
0.0,27,0,172,583
3.0,12,0,238,583
0.0,36,0,283,583
3.0,11,0,207,583
0.0,35,0,232,583
18.0,4,1,250,583
10.5,9,1,200,583
0.0,19,0,243,583
2.0,14,0,252,583
15.0,7,1,222,583
0.0,22,0,289,583
1.0,16,0,230,583
3.0,10,0,235,583
2.0,13,0,288,583
38.0,1,3,182,583
11.0,8,0,221,583
16.0,6,0,223,583
25.0,2,0,199,583
16.0,5,1,231,583
21.0,3,1,224,583
0.0,30,0,219,584
0.0,39,0,299,584
0.0,23,0,298,584
0.0,38,0,267,584
0.0,33,0,282,584
0.0,24,0,297,584
0.0,27,0,178,584
0.0,34,0,296,584
0.0,35,0,295,584
1.0,17,0,294,584
0.5,18,0,275,584
0.0,29,0,251,584
0.0,21,0,276,584
0.0,32,0,293,584
0.0,31,0,292,584
0.0,28,0,291,584
0.0,20,0,187,584
1.5,15,0,197,584
0.0,26,0,290,584
0.0,25,0,172,584
3.0,12,0,238,584
0.0,37,0,283,584
5.0,10,0,207,584
0.0,36,0,232,584
18.0,5,1,250,584
14.5,8,1,200,584
0.0,19,0,243,584
2.0,14,0,252,584
15.0,7,1,222,584
0.0,22,0,289,584
1.0,16,0,230,584
3.0,11,0,235,584
2.0,13,0,288,584
47.0,1,4,182,584
12.0,9,0,221,584
16.0,6,0,223,584
25.0,2,0,199,584
22.0,4,1,231,584
24.0,3,1,224,584
0.0,43,0,302,585
0.0,42,0,233,585
0.0,36,0,301,585
0.0,35,0,300,585
0.0,34,0,205,585
0.0,30,0,219,585
0.0,44,0,299,585
0.0,24,0,298,585
0.0,41,0,267,585
0.0,33,0,282,585
0.0,25,0,297,585
0.0,22,0,178,585
0.0,37,0,296,585
0.0,38,0,295,585
1.0,17,0,294,585
0.5,18,0,275,585
0.0,29,0,251,585
0.0,21,0,276,585
0.0,32,0,293,585
0.0,31,0,292,585
0.0,28,0,291,585
0.0,20,0,187,585
1.5,16,0,197,585
0.0,27,0,290,585
0.0,26,0,172,585
3.0,13,0,238,585
0.0,40,0,283,585
5.0,10,0,207,585
0.0,39,0,232,585
24.0,5,1,250,585
14.5,8,1,200,585
0.0,19,0,243,585
2.0,15,0,252,585
19.0,6,1,222,585
0.0,23,0,289,585
2.0,14,0,230,585
3.0,12,0,235,585
4.0,11,0,288,585
47.0,1,4,182,585
12.0,9,0,221,585
16.0,7,0,223,585
25.0,4,0,199,585
25.0,3,1,231,585
33.0,2,2,224,585
0.0,47,0,245,586
0.0,46,0,270,586
0.0,24,0,229,586
0.0,44,0,302,586
0.0,41,0,233,586
0.0,37,0,301,586
0.0,36,0,300,586
0.0,35,0,205,586
0.0,31,0,219,586
0.0,45,0,299,586
1.0,20,0,298,586
0.0,43,0,267,586
0.0,34,0,282,586
0.0,27,0,297,586
2.0,17,0,178,586
0.0,38,0,296,586
0.0,39,0,295,586
1.0,19,0,294,586
0.5,21,0,275,586
0.0,30,0,251,586
0.0,25,0,276,586
0.0,33,0,293,586
0.0,32,0,292,586
0.0,29,0,291,586
0.0,23,0,187,586
1.5,18,0,197,586
0.0,28,0,290,586
6.0,10,0,172,586
3.0,15,0,238,586
0.0,42,0,283,586
5.0,11,0,207,586
0.0,40,0,232,586
24.0,5,1,250,586
14.5,8,1,200,586
0.0,22,0,243,586
5.0,12,0,252,586
19.0,6,1,222,586
0.0,26,0,289,586
2.0,16,0,230,586
3.0,14,0,235,586
4.0,13,0,288,586
51.0,1,4,182,586
12.0,9,0,221,586
16.0,7,0,223,586
34.0,2,1,199,586
25.0,4,1,231,586
33.0,3,2,224,586
0.0,47,0,303,587
0.0,34,0,239,587
0.0,31,0,278,587
0.0,50,0,245,587
0.0,49,0,270,587
0.0,24,0,229,587
0.0,46,0,302,587
0.0,43,0,233,587
0.0,39,0,301,587
0.0,38,0,300,587
0.0,37,0,205,587
0.0,32,0,219,587
0.0,48,0,299,587
1.0,20,0,298,587
0.0,45,0,267,587
0.0,36,0,282,587
0.0,27,0,297,587
2.0,17,0,178,587
0.0,40,0,296,587
0.0,41,0,295,587
1.0,19,0,294,587
0.5,21,0,275,587
0.0,30,0,251,587
0.0,25,0,276,587
0.0,35,0,293,587
0.0,33,0,292,587
0.0,29,0,291,587
0.0,23,0,187,587
1.5,18,0,197,587
0.0,28,0,290,587
6.0,12,0,172,587
4.0,14,0,238,587
0.0,44,0,283,587
5.0,13,0,207,587
0.0,42,0,232,587
24.0,5,1,250,587
16.0,7,1,200,587
0.0,22,0,243,587
7.0,10,0,252,587
19.0,6,1,222,587
0.0,26,0,289,587
6.5,11,1,230,587
3.0,16,0,235,587
4.0,15,0,288,587
51.5,1,4,182,587
12.0,9,0,221,587
16.0,8,0,223,587
34.0,2,1,199,587
28.0,4,1,231,587
33.0,3,2,224,587
0.0,39,0,254,588
0.0,48,0,303,588
0.0,27,0,239,588
0.0,32,0,278,588
0.0,51,0,245,588
0.0,50,0,270,588
0.0,23,0,229,588
0.0,35,0,302,588
0.0,45,0,233,588
0.0,42,0,301,588
0.0,41,0,300,588
0.0,40,0,205,588
0.0,34,0,219,588
0.0,49,0,299,588
1.0,20,0,298,588
0.0,47,0,267,588
0.0,38,0,282,588
0.0,28,0,297,588
2.0,17,0,178,588
0.0,43,0,296,588
0.0,44,0,295,588
1.0,19,0,294,588
0.5,21,0,275,588
0.0,33,0,251,588
0.0,25,0,276,588
0.0,37,0,293,588
0.0,36,0,292,588
0.0,31,0,291,588
0.0,24,0,187,588
1.5,18,0,197,588
0.0,29,0,290,588
6.0,12,0,172,588
4.0,14,0,238,588
0.0,46,0,283,588
5.0,13,0,207,588
0.0,30,0,232,588
24.0,6,1,250,588
16.0,8,1,200,588
0.0,22,0,243,588
8.0,10,0,252,588
19.0,7,1,222,588
0.0,26,0,289,588
6.5,11,1,230,588
3.0,16,0,235,588
4.0,15,0,288,588
55.5,1,4,182,588
12.0,9,0,221,588
25.0,5,1,223,588
37.0,3,1,199,588
30.0,4,1,231,588
39.0,2,2,224,588
0.0,47,0,277,589
0.0,40,0,254,589
0.0,49,0,303,589
0.0,29,0,239,589
0.0,33,0,278,589
0.0,52,0,245,589
0.0,51,0,270,589
0.0,24,0,229,589
0.0,36,0,302,589
0.0,25,0,233,589
0.0,43,0,301,589
0.0,42,0,300,589
0.0,41,0,205,589
0.0,35,0,219,589
0.0,50,0,299,589
1.0,20,0,298,589
0.0,48,0,267,589
0.0,39,0,282,589
0.0,30,0,297,589
2.0,17,0,178,589
0.0,44,0,296,589
0.0,45,0,295,589
1.0,19,0,294,589
0.5,21,0,275,589
0.0,34,0,251,589
0.0,26,0,276,589
0.0,38,0,293,589
0.0,37,0,292,589
0.0,32,0,291,589
0.0,23,0,187,589
1.5,18,0,197,589
0.0,27,0,290,589
6.0,12,0,172,589
6.0,13,0,238,589
0.0,46,0,283,589
5.0,14,0,207,589
0.0,31,0,232,589
24.0,6,1,250,589
20.0,8,1,200,589
0.0,22,0,243,589
8.0,10,0,252,589
20.0,7,1,222,589
0.0,28,0,289,589
6.5,11,1,230,589
3.0,16,0,235,589
4.0,15,0,288,589
64.5,1,5,182,589
12.0,9,0,221,589
25.0,5,1,223,589
37.0,3,1,199,589
33.0,4,1,231,589
45.0,2,2,224,589
0.0,25,0,197,590
0.0,24,0,309,590
0.0,23,0,200,590
0.0,22,0,231,590
0.0,21,0,232,590
0.0,20,0,250,590
0.0,19,0,222,590
0.0,18,0,296,590
0.0,17,0,233,590
0.0,16,0,308,590
0.0,15,0,235,590
0.0,14,0,289,590
0.0,13,0,238,590
0.0,12,0,187,590
0.0,11,0,265,590
0.0,10,0,224,590
0.0,9,0,280,590
0.0,8,0,307,590
0.0,7,0,199,590
1.0,6,0,221,590
2.0,5,0,306,590
3.0,4,0,305,590
4.0,3,0,223,590
6.0,2,0,182,590
9.0,1,1,304,590
0.0,23,0,197,591
0.0,25,0,309,591
0.0,21,0,200,591
0.0,14,0,231,591
0.0,24,0,232,591
3.0,7,0,250,591
0.0,18,0,222,591
0.0,20,0,296,591
0.0,22,0,233,591
0.0,19,0,308,591
4.0,6,0,235,591
0.0,15,0,289,591
1.0,10,0,238,591
0.0,17,0,187,591
0.0,16,0,265,591
9.0,2,1,224,591
0.0,13,0,280,591
0.0,12,0,307,591
0.0,11,0,199,591
1.0,9,0,221,591
2.0,8,0,306,591
5.0,5,0,305,591
10.0,1,0,223,591
6.0,4,0,182,591
9.0,3,1,304,591
0.0,31,0,311,592
0.0,30,0,310,592
0.0,27,0,293,592
0.0,23,0,292,592
0.0,22,0,251,592
0.0,18,0,230,592
0.0,28,0,197,592
0.0,29,0,309,592
0.0,26,0,200,592
0.0,17,0,231,592
1.0,13,0,232,592
3.0,10,0,250,592
0.0,14,0,222,592
0.0,24,0,296,592
2.0,11,0,233,592
0.0,25,0,308,592
4.0,8,0,235,592
0.0,19,0,289,592
1.0,12,0,238,592
0.0,21,0,187,592
0.0,20,0,265,592
9.0,3,1,224,592
0.0,16,0,280,592
0.0,15,0,307,592
9.0,2,1,199,592
4.0,9,0,221,592
8.0,6,0,306,592
9.0,5,0,305,592
10.0,1,0,223,592
6.0,7,0,182,592
9.0,4,1,304,592
0.0,33,0,313,593
0.0,32,0,278,593
0.0,25,0,314,593
0.0,15,0,312,593
0.0,35,0,311,593
0.0,34,0,310,593
0.0,29,0,293,593
0.0,24,0,292,593
0.0,23,0,251,593
0.0,19,0,230,593
0.0,30,0,197,593
0.0,31,0,309,593
0.0,28,0,200,593
0.0,17,0,231,593
1.0,14,0,232,593
3.0,11,0,250,593
2.0,12,0,222,593
0.0,26,0,296,593
5.0,8,0,233,593
0.0,27,0,308,593
4.0,9,0,235,593
0.0,20,0,289,593
1.0,13,0,238,593
0.0,21,0,187,593
0.0,22,0,265,593
13.0,3,1,224,593
0.0,18,0,280,593
0.0,16,0,307,593
9.0,5,1,199,593
4.0,10,0,221,593
8.0,7,0,306,593
9.0,6,0,305,593
16.0,1,0,223,593
15.0,2,1,182,593
10.0,4,1,304,593
0.0,41,0,316,594
0.0,39,0,315,594
0.0,34,0,252,594
0.0,32,0,269,594
0.0,30,0,267,594
0.0,27,0,298,594
0.0,37,0,313,594
0.0,36,0,278,594
0.0,21,0,314,594
0.0,15,0,312,594
0.0,40,0,311,594
0.0,38,0,310,594
0.0,33,0,293,594
0.0,26,0,292,594
0.0,25,0,251,594
0.0,19,0,230,594
0.0,24,0,197,594
0.0,35,0,309,594
0.0,31,0,200,594
0.0,18,0,231,594
1.0,14,0,232,594
3.0,12,0,250,594
6.0,8,0,222,594
0.0,28,0,296,594
5.0,9,0,233,594
0.0,29,0,308,594
4.0,10,0,235,594
0.0,16,0,289,594
1.0,13,0,238,594
0.0,22,0,187,594
0.0,23,0,265,594
22.0,1,2,224,594
0.0,20,0,280,594
0.0,17,0,307,594
9.0,6,1,199,594
4.0,11,0,221,594
10.0,5,0,306,594
9.0,7,0,305,594
19.0,3,0,223,594
21.0,2,1,182,594
11.0,4,1,304,594
0.0,41,0,316,595
0.0,39,0,315,595
0.0,34,0,252,595
0.0,32,0,269,595
0.0,30,0,267,595
0.0,27,0,298,595
0.0,37,0,313,595
0.0,36,0,278,595
0.0,24,0,314,595
0.0,18,0,312,595
0.0,40,0,311,595
0.0,38,0,310,595
0.0,33,0,293,595
0.0,26,0,292,595
0.0,25,0,251,595
0.0,22,0,230,595
4.0,11,0,197,595
0.0,35,0,309,595
0.0,31,0,200,595
0.0,21,0,231,595
1.0,16,0,232,595
3.0,14,0,250,595
12.0,4,0,222,595
0.0,28,0,296,595
5.0,10,0,233,595
0.0,29,0,308,595
4.0,12,0,235,595
0.0,17,0,289,595
10.0,6,1,238,595
1.0,15,0,187,595
0.0,19,0,265,595
24.0,1,2,224,595
0.0,23,0,280,595
0.0,20,0,307,595
9.0,8,1,199,595
4.0,13,0,221,595
10.0,7,0,306,595
9.0,9,0,305,595
22.0,2,0,223,595
21.0,3,1,182,595
11.0,5,1,304,595
0.0,43,0,318,596
0.0,36,0,317,596
0.0,40,0,316,596
0.0,42,0,315,596
0.0,37,0,252,596
0.0,34,0,269,596
0.0,32,0,267,596
0.0,29,0,298,596
0.0,25,0,313,596
0.0,39,0,278,596
0.0,26,0,314,596
0.0,20,0,312,596
0.0,22,0,311,596
0.0,41,0,310,596
0.0,35,0,293,596
0.0,28,0,292,596
0.0,27,0,251,596
0.0,23,0,230,596
6.0,11,0,197,596
0.0,38,0,309,596
0.0,33,0,200,596
4.0,13,0,231,596
1.0,18,0,232,596
3.0,15,0,250,596
21.0,4,1,222,596
0.0,30,0,296,596
5.0,12,0,233,596
0.0,31,0,308,596
4.0,14,0,235,596
1.0,16,0,289,596
10.0,6,1,238,596
1.0,17,0,187,596
0.0,19,0,265,596
27.0,1,2,224,596
0.0,24,0,280,596
0.0,21,0,307,596
9.0,9,1,199,596
10.0,7,0,221,596
10.0,8,0,306,596
9.0,10,0,305,596
22.0,2,0,223,596
21.0,3,1,182,596
11.0,5,1,304,596
0.0,43,0,318,597
0.0,36,0,317,597
0.0,40,0,316,597
0.0,42,0,315,597
0.0,37,0,252,597
0.0,34,0,269,597
0.0,32,0,267,597
0.0,28,0,298,597
0.0,23,0,313,597
0.0,39,0,278,597
0.0,26,0,314,597
0.0,20,0,312,597
0.0,22,0,311,597
0.0,41,0,310,597
0.0,35,0,293,597
0.0,29,0,292,597
0.0,27,0,251,597
0.0,24,0,230,597
6.0,11,0,197,597
0.0,38,0,309,597
0.0,33,0,200,597
4.0,13,0,231,597
1.0,18,0,232,597
3.0,15,0,250,597
23.0,4,1,222,597
0.0,30,0,296,597
5.0,12,0,233,597
0.0,31,0,308,597
4.0,14,0,235,597
1.0,16,0,289,597
10.0,8,1,238,597
1.0,17,0,187,597
0.0,19,0,265,597
31.0,1,2,224,597
0.0,25,0,280,597
0.0,21,0,307,597
9.0,10,1,199,597
11.0,7,0,221,597
10.0,9,0,306,597
12.0,5,0,305,597
28.0,3,0,223,597
30.0,2,2,182,597
11.0,6,1,304,597
0.0,45,0,319,598
0.0,44,0,219,598
0.0,43,0,318,598
0.0,36,0,317,598
0.0,40,0,316,598
0.0,41,0,315,598
0.0,37,0,252,598
0.0,34,0,269,598
0.0,32,0,267,598
0.0,29,0,298,598
0.0,23,0,313,598
0.0,39,0,278,598
0.0,26,0,314,598
0.0,20,0,312,598
0.0,22,0,311,598
0.0,42,0,310,598
0.0,35,0,293,598
0.0,30,0,292,598
0.0,27,0,251,598
0.0,24,0,230,598
6.0,12,0,197,598
0.0,38,0,309,598
0.0,33,0,200,598
4.0,14,0,231,598
1.0,18,0,232,598
3.0,15,0,250,598
26.0,4,1,222,598
0.0,28,0,296,598
5.0,13,0,233,598
0.0,31,0,308,598
6.0,11,0,235,598
1.0,16,0,289,598
19.0,5,2,238,598
1.0,17,0,187,598
0.0,19,0,265,598
31.0,3,2,224,598
0.0,25,0,280,598
0.0,21,0,307,598
9.0,10,1,199,598
11.0,8,0,221,598
10.0,9,0,306,598
12.0,7,0,305,598
32.0,2,0,223,598
36.0,1,2,182,598
12.0,6,1,304,598
0.0,51,0,283,599
0.0,50,0,300,599
0.0,49,0,275,599
0.0,47,0,321,599
0.0,46,0,259,599
0.0,43,0,320,599
0.0,48,0,319,599
0.0,45,0,219,599
0.0,44,0,318,599
0.0,37,0,317,599
0.0,40,0,316,599
0.0,41,0,315,599
0.0,21,0,252,599
0.0,35,0,269,599
0.0,34,0,267,599
0.0,31,0,298,599
0.0,24,0,313,599
0.0,39,0,278,599
0.0,27,0,314,599
0.0,20,0,312,599
0.0,23,0,311,599
0.0,42,0,310,599
0.0,36,0,293,599
0.0,32,0,292,599
0.0,28,0,251,599
0.0,25,0,230,599
6.0,12,0,197,599
0.0,38,0,309,599
0.0,30,0,200,599
4.0,14,0,231,599
1.0,18,0,232,599
3.0,15,0,250,599
35.0,3,2,222,599
0.0,29,0,296,599
5.0,13,0,233,599
0.0,33,0,308,599
10.0,11,0,235,599
1.0,16,0,289,599
19.0,5,2,238,599
1.0,17,0,187,599
0.0,19,0,265,599
37.0,2,2,224,599
0.0,26,0,280,599
0.0,22,0,307,599
10.0,9,1,199,599
11.0,8,0,221,599
10.0,10,0,306,599
12.0,7,0,305,599
35.0,4,0,223,599
38.0,1,2,182,599
12.0,6,1,304,599
0.0,52,0,256,600
0.0,43,0,172,600
0.0,33,0,270,600
0.0,54,0,283,600
0.0,53,0,300,600
0.0,51,0,275,600
0.0,28,0,321,600
0.0,49,0,259,600
0.0,46,0,320,600
0.0,50,0,319,600
0.0,48,0,219,600
0.0,47,0,318,600
0.0,39,0,317,600
0.0,42,0,316,600
0.0,44,0,315,600
1.0,18,0,252,600
0.0,37,0,269,600
0.0,36,0,267,600
0.0,32,0,298,600
0.0,24,0,313,600
0.0,41,0,278,600
0.0,27,0,314,600
0.0,21,0,312,600
0.0,23,0,311,600
0.0,45,0,310,600
0.0,38,0,293,600
0.0,34,0,292,600
0.0,29,0,251,600
0.0,25,0,230,600
6.0,12,0,197,600
0.0,40,0,309,600
0.0,31,0,200,600
4.0,14,0,231,600
1.0,19,0,232,600
3.0,15,0,250,600
41.0,2,2,222,600
0.0,30,0,296,600
5.0,13,0,233,600
0.0,35,0,308,600
12.0,8,0,235,600
1.0,16,0,289,600
22.0,5,2,238,600
1.0,17,0,187,600
0.0,20,0,265,600
37.0,4,2,224,600
0.0,26,0,280,600
0.0,22,0,307,600
14.0,6,1,199,600
11.0,10,0,221,600
10.0,11,0,306,600
12.0,9,0,305,600
44.0,1,1,223,600
38.0,3,2,182,600
12.0,7,1,304,600
0.0,57,0,324,601
0.0,46,0,243,601
0.0,28,0,323,601
0.0,23,0,322,601
0.0,56,0,256,601
0.0,42,0,172,601
0.0,34,0,270,601
0.0,54,0,283,601
0.0,58,0,300,601
0.0,55,0,275,601
0.0,30,0,321,601
0.0,52,0,259,601
0.0,49,0,320,601
0.0,53,0,319,601
0.0,51,0,219,601
0.0,50,0,318,601
0.0,41,0,317,601
0.0,44,0,316,601
0.0,47,0,315,601
1.0,18,0,252,601
0.0,39,0,269,601
0.0,38,0,267,601
0.0,35,0,298,601
0.0,26,0,313,601
0.0,45,0,278,601
0.0,29,0,314,601
0.0,22,0,312,601
0.0,25,0,311,601
0.0,48,0,310,601
0.0,40,0,293,601
0.0,36,0,292,601
0.0,31,0,251,601
1.0,19,0,230,601
6.0,13,0,197,601
0.0,43,0,309,601
0.0,33,0,200,601
8.0,12,0,231,601
1.0,20,0,232,601
3.0,16,0,250,601
41.0,2,2,222,601
0.0,32,0,296,601
5.0,14,0,233,601
0.0,37,0,308,601
12.0,8,0,235,601
1.0,17,0,289,601
22.0,6,2,238,601
4.0,15,0,187,601
0.0,21,0,265,601
37.0,4,2,224,601
0.0,27,0,280,601
0.0,24,0,307,601
23.0,5,2,199,601
11.0,10,0,221,601
10.0,11,0,306,601
12.0,9,0,305,601
46.0,1,1,223,601
38.0,3,2,182,601
18.0,7,1,304,601
0.0,54,0,325,602
0.0,58,0,324,602
0.0,42,0,243,602
0.0,28,0,323,602
0.0,22,0,322,602
0.0,57,0,256,602
0.0,43,0,172,602
0.0,34,0,270,602
0.0,55,0,283,602
0.0,59,0,300,602
0.0,56,0,275,602
0.0,30,0,321,602
0.0,53,0,259,602
0.0,49,0,320,602
0.0,51,0,319,602
0.0,52,0,219,602
0.0,50,0,318,602
0.0,41,0,317,602
0.0,45,0,316,602
0.0,47,0,315,602
1.0,19,0,252,602
0.0,39,0,269,602
0.0,38,0,267,602
0.0,35,0,298,602
0.0,26,0,313,602
0.0,46,0,278,602
0.0,29,0,314,602
0.0,23,0,312,602
0.0,25,0,311,602
0.0,48,0,310,602
0.0,40,0,293,602
0.0,36,0,292,602
0.0,31,0,251,602
1.0,20,0,230,602
6.0,13,0,197,602
0.0,44,0,309,602
0.0,33,0,200,602
8.0,12,0,231,602
4.0,17,0,232,602
5.0,15,0,250,602
45.0,2,2,222,602
0.0,32,0,296,602
5.0,14,0,233,602
0.0,37,0,308,602
12.0,8,0,235,602
1.0,18,0,289,602
31.0,5,3,238,602
4.0,16,0,187,602
0.0,21,0,265,602
43.0,3,2,224,602
0.0,27,0,280,602
0.0,24,0,307,602
23.0,6,2,199,602
11.0,10,0,221,602
10.0,11,0,306,602
12.0,9,0,305,602
46.0,1,1,223,602
38.0,4,2,182,602
19.0,7,1,304,602
0.0,54,0,326,603
0.0,34,0,288,603
0.0,24,0,207,603
0.0,58,0,325,603
0.0,31,0,324,603
0.0,32,0,243,603
0.0,29,0,323,603
0.0,22,0,322,603
0.0,61,0,256,603
0.0,42,0,172,603
0.0,38,0,270,603
0.0,59,0,283,603
0.0,62,0,300,603
0.0,60,0,275,603
0.0,33,0,321,603
0.0,57,0,259,603
0.0,52,0,320,603
0.0,55,0,319,603
0.0,56,0,219,603
0.0,53,0,318,603
0.0,46,0,317,603
0.0,49,0,316,603
0.0,50,0,315,603
1.0,19,0,252,603
0.0,44,0,269,603
0.0,43,0,267,603
0.0,39,0,298,603
0.0,27,0,313,603
0.0,47,0,278,603
0.0,30,0,314,603
0.0,23,0,312,603
0.0,26,0,311,603
0.0,51,0,310,603
0.0,45,0,293,603
0.0,40,0,292,603
0.0,35,0,251,603
1.0,20,0,230,603
6.0,13,0,197,603
0.0,48,0,309,603
0.0,37,0,200,603
11.0,11,0,231,603
4.0,17,0,232,603
5.0,15,0,250,603
45.0,3,2,222,603
0.0,36,0,296,603
5.0,14,0,233,603
0.0,41,0,308,603
12.0,9,0,235,603
1.0,18,0,289,603
35.0,5,3,238,603
4.0,16,0,187,603
0.0,21,0,265,603
52.0,1,3,224,603
0.0,28,0,280,603
0.0,25,0,307,603
23.0,6,2,199,603
13.0,8,0,221,603
10.0,12,0,306,603
12.0,10,0,305,603
52.0,2,1,223,603
38.0,4,2,182,603
20.0,7,1,304,603
0.0,56,0,326,604
0.0,36,0,288,604
0.0,25,0,207,604
0.0,59,0,325,604
0.0,33,0,324,604
0.0,34,0,243,604
0.0,31,0,323,604
0.0,22,0,322,604
0.0,61,0,256,604
0.0,43,0,172,604
0.0,39,0,270,604
0.0,47,0,283,604
0.0,62,0,300,604
0.0,60,0,275,604
0.0,35,0,321,604
0.0,58,0,259,604
0.0,54,0,320,604
0.0,49,0,319,604
0.0,57,0,219,604
0.0,55,0,318,604
0.0,48,0,317,604
0.0,51,0,316,604
0.0,52,0,315,604
1.0,19,0,252,604
0.0,45,0,269,604
0.0,44,0,267,604
0.0,40,0,298,604
0.0,28,0,313,604
0.0,30,0,278,604
0.0,32,0,314,604
0.0,24,0,312,604
0.0,27,0,311,604
0.0,53,0,310,604
0.0,46,0,293,604
0.0,41,0,292,604
0.0,37,0,251,604
1.0,20,0,230,604
6.0,14,0,197,604
0.0,50,0,309,604
0.0,23,0,200,604
15.0,8,0,231,604
4.0,17,0,232,604
11.0,12,0,250,604
45.0,3,2,222,604
0.0,38,0,296,604
5.0,16,0,233,604
0.0,42,0,308,604
12.0,10,0,235,604
1.0,18,0,289,604
35.0,5,3,238,604
6.0,15,0,187,604
0.0,21,0,265,604
55.0,1,3,224,604
0.0,29,0,280,604
0.0,26,0,307,604
32.0,6,3,199,604
14.0,9,0,221,604
10.0,13,0,306,604
12.0,11,0,305,604
52.0,2,1,223,604
38.0,4,2,182,604
20.0,7,1,304,604
0.0,19,0,330,605
0.0,18,0,250,605
0.0,17,0,305,605
0.0,16,0,199,605
0.0,15,0,182,605
0.0,14,0,238,605
0.0,13,0,307,605
0.0,12,0,306,605
0.0,11,0,197,605
0.0,10,0,329,605
0.0,9,0,232,605
0.0,8,0,309,605
0.0,7,0,223,605
1.0,6,0,290,605
2.0,5,0,304,605
3.0,4,0,235,605
4.0,3,0,328,605
6.0,2,0,327,605
9.0,1,1,224,605
0.0,15,0,331,606
0.0,12,0,330,606
0.0,19,0,250,606
0.0,20,0,305,606
0.0,14,0,199,606
0.0,10,0,182,606
0.0,18,0,238,606
0.0,9,0,307,606
0.0,17,0,306,606
0.0,16,0,197,606
0.0,13,0,329,606
3.0,6,0,232,606
0.0,11,0,309,606
1.0,7,0,223,606
1.0,8,0,290,606
6.0,4,0,304,606
5.0,5,0,235,606
10.0,2,0,328,606
6.0,3,0,327,606
18.0,1,2,224,606
0.0,27,0,293,607
0.0,26,0,262,607
0.0,25,0,334,607
0.0,23,0,292,607
0.0,16,0,222,607
0.0,14,0,333,607
1.0,10,0,332,607
0.0,19,0,331,607
0.0,15,0,330,607
0.0,22,0,250,607
0.0,24,0,305,607
0.0,12,0,199,607
0.0,13,0,182,607
0.0,18,0,238,607
0.0,11,0,307,607
0.0,21,0,306,607
0.0,20,0,197,607
0.0,17,0,329,607
6.0,6,0,232,607
6.0,4,0,309,607
1.0,8,0,223,607
1.0,9,0,290,607
8.0,3,0,304,607
5.0,7,0,235,607
19.0,2,1,328,607
6.0,5,0,327,607
22.0,1,2,224,607
0.0,26,0,289,608
0.0,17,0,280,608
0.0,29,0,293,608
0.0,28,0,262,608
0.0,27,0,334,608
0.0,24,0,292,608
0.0,19,0,222,608
0.0,16,0,333,608
5.0,7,0,332,608
0.0,21,0,331,608
0.0,18,0,330,608
0.0,23,0,250,608
0.0,25,0,305,608
0.0,14,0,199,608
0.0,15,0,182,608
0.0,20,0,238,608
0.0,12,0,307,608
2.0,9,0,306,608
0.0,22,0,197,608
0.0,13,0,329,608
6.0,6,0,232,608
9.0,4,0,309,608
1.0,10,0,223,608
1.0,11,0,290,608
9.0,5,0,304,608
5.0,8,0,235,608
19.0,2,1,328,608
12.0,3,0,327,608
31.0,1,3,224,608
1.0,14,0,278,609
0.0,21,0,289,609
0.0,19,0,280,609
0.0,30,0,293,609
0.0,29,0,262,609
0.0,28,0,334,609
0.0,26,0,292,609
0.0,22,0,222,609
3.0,9,0,333,609
5.0,7,0,332,609
0.0,24,0,331,609
0.0,20,0,330,609
0.0,18,0,250,609
0.0,27,0,305,609
0.0,17,0,199,609
2.0,10,0,182,609
0.0,23,0,238,609
0.0,16,0,307,609
2.0,11,0,306,609
0.0,25,0,197,609
0.0,15,0,329,609
6.0,6,0,232,609
9.0,4,0,309,609
1.0,12,0,223,609
1.0,13,0,290,609
9.0,5,0,304,609
5.0,8,0,235,609
28.0,2,2,328,609
18.0,3,0,327,609
35.0,1,3,224,609
0.0,31,0,259,610
0.0,24,0,231,610
1.0,15,0,278,610
0.0,23,0,289,610
0.0,21,0,280,610
0.0,32,0,293,610
0.0,26,0,262,610
0.0,30,0,334,610
0.0,29,0,292,610
0.0,25,0,222,610
3.0,10,0,333,610
5.0,7,0,332,610
0.0,27,0,331,610
0.0,22,0,330,610
0.0,19,0,250,610
0.0,20,0,305,610
0.0,18,0,199,610
2.0,11,0,182,610
4.0,9,0,238,610
0.0,17,0,307,610
2.0,12,0,306,610
0.0,28,0,197,610
0.0,16,0,329,610
6.0,6,0,232,610
11.0,4,0,309,610
1.0,13,0,223,610
1.0,14,0,290,610
10.0,5,0,304,610
5.0,8,0,235,610
37.0,2,3,328,610
21.0,3,0,327,610
41.0,1,3,224,610
0.0,32,0,317,611
0.0,31,0,259,611
0.0,24,0,231,611
1.0,16,0,278,611
0.0,23,0,289,611
0.0,21,0,280,611
0.0,33,0,293,611
0.0,26,0,262,611
0.0,30,0,334,611
0.0,29,0,292,611
0.0,25,0,222,611
3.0,10,0,333,611
5.0,9,0,332,611
0.0,27,0,331,611
0.0,22,0,330,611
0.0,19,0,250,611
0.0,20,0,305,611
3.0,11,0,199,611
2.0,12,0,182,611
10.0,6,0,238,611
0.0,18,0,307,611
2.0,13,0,306,611
0.0,28,0,197,611
0.0,17,0,329,611
6.0,7,0,232,611
11.0,5,0,309,611
1.0,14,0,223,611
1.0,15,0,290,611
19.0,4,1,304,611
6.0,8,0,235,611
39.0,2,3,328,611
25.0,3,0,327,611
41.0,1,3,224,611
0.0,28,0,313,612
0.0,33,0,317,612
0.0,32,0,259,612
1.0,15,0,231,612
1.0,17,0,278,612
0.0,23,0,289,612
0.0,22,0,280,612
0.0,34,0,293,612
0.0,26,0,262,612
0.0,31,0,334,612
0.0,30,0,292,612
0.0,25,0,222,612
3.0,11,0,333,612
5.0,10,0,332,612
0.0,27,0,331,612
0.0,24,0,330,612
0.0,20,0,250,612
0.0,21,0,305,612
7.0,8,0,199,612
2.0,12,0,182,612
19.0,4,1,238,612
0.0,19,0,307,612
2.0,13,0,306,612
0.0,29,0,197,612
0.0,18,0,329,612
6.0,9,0,232,612
11.0,6,0,309,612
1.0,14,0,223,612
1.0,16,0,290,612
19.0,5,1,304,612
8.0,7,0,235,612
42.0,1,3,328,612
31.0,3,0,327,612
41.0,2,3,224,612
0.0,38,0,336,613
0.0,37,0,335,613
0.0,35,0,200,613
0.0,31,0,187,613
0.0,28,0,313,613
0.0,34,0,317,613
0.0,33,0,259,613
4.0,11,0,231,613
1.0,17,0,278,613
0.0,23,0,289,613
0.0,22,0,280,613
0.0,36,0,293,613
0.0,26,0,262,613
0.0,32,0,334,613
0.0,30,0,292,613
0.0,25,0,222,613
3.0,12,0,333,613
5.0,10,0,332,613
0.0,27,0,331,613
0.0,24,0,330,613
0.0,20,0,250,613
0.0,21,0,305,613
8.0,7,0,199,613
2.0,13,0,182,613
25.0,4,1,238,613
0.0,19,0,307,613
2.0,14,0,306,613
0.0,29,0,197,613
0.0,18,0,329,613
6.0,9,0,232,613
20.0,6,1,309,613
1.0,15,0,223,613
1.0,16,0,290,613
23.0,5,1,304,613
8.0,8,0,235,613
42.0,1,3,328,613
33.0,3,0,327,613
41.0,2,3,224,613
1.0,18,0,298,614
0.0,39,0,336,614
0.0,35,0,335,614
0.0,37,0,200,614
0.0,32,0,187,614
0.0,29,0,313,614
0.0,36,0,317,614
0.0,34,0,259,614
8.0,8,0,231,614
1.0,17,0,278,614
0.0,24,0,289,614
0.0,23,0,280,614
0.0,38,0,293,614
0.0,27,0,262,614
0.0,33,0,334,614
0.0,31,0,292,614
0.0,26,0,222,614
3.0,13,0,333,614
5.0,11,0,332,614
0.0,28,0,331,614
0.0,25,0,330,614
0.0,20,0,250,614
0.0,22,0,305,614
8.0,7,0,199,614
2.0,14,0,182,614
25.0,4,1,238,614
0.0,21,0,307,614
4.0,12,0,306,614
0.0,30,0,197,614
0.0,19,0,329,614
6.0,10,0,232,614
23.0,5,1,309,614
1.0,15,0,223,614
1.0,16,0,290,614
23.0,6,1,304,614
8.0,9,0,235,614
51.0,1,4,328,614
39.0,3,0,327,614
41.0,2,3,224,614
0.0,29,0,243,615
1.0,19,0,298,615
0.0,40,0,336,615
0.0,37,0,335,615
0.0,22,0,200,615
0.0,35,0,187,615
0.0,31,0,313,615
0.0,38,0,317,615
0.0,32,0,259,615
8.0,9,0,231,615
1.0,18,0,278,615
0.0,26,0,289,615
0.0,24,0,280,615
0.0,39,0,293,615
0.0,23,0,262,615
0.0,36,0,334,615
0.0,34,0,292,615
0.0,28,0,222,615
3.0,14,0,333,615
5.0,11,0,332,615
0.0,30,0,331,615
0.0,27,0,330,615
3.0,13,0,250,615
0.0,25,0,305,615
8.0,8,0,199,615
2.0,16,0,182,615
25.0,4,1,238,615
0.0,21,0,307,615
4.0,12,0,306,615
0.0,33,0,197,615
0.0,20,0,329,615
6.0,10,0,232,615
23.0,5,1,309,615
1.0,17,0,223,615
3.0,15,0,290,615
23.0,6,1,304,615
12.0,7,0,235,615
60.0,1,5,328,615
45.0,2,0,327,615
42.0,3,3,224,615
0.0,29,0,243,616
1.0,18,0,298,616
0.0,40,0,336,616
0.0,37,0,335,616
0.0,22,0,200,616
0.0,35,0,187,616
0.0,31,0,313,616
0.0,38,0,317,616
0.0,32,0,259,616
8.0,9,0,231,616
1.0,19,0,278,616
0.0,26,0,289,616
0.0,25,0,280,616
0.0,39,0,293,616
0.0,24,0,262,616
0.0,36,0,334,616
0.0,34,0,292,616
0.0,28,0,222,616
3.0,14,0,333,616
5.0,13,0,332,616
0.0,30,0,331,616
0.0,27,0,330,616
7.0,10,0,250,616
0.0,23,0,305,616
11.0,8,0,199,616
2.0,16,0,182,616
34.0,4,2,238,616
0.0,21,0,307,616
6.0,12,0,306,616
0.0,33,0,197,616
0.0,20,0,329,616
6.0,11,0,232,616
23.0,5,1,309,616
2.0,17,0,223,616
3.0,15,0,290,616
23.0,6,1,304,616
12.0,7,0,235,616
66.0,1,5,328,616
45.0,2,0,327,616
42.0,3,3,224,616
0.0,30,0,243,617
1.0,18,0,298,617
0.0,40,0,336,617
0.0,37,0,335,617
0.0,23,0,200,617
0.0,35,0,187,617
0.0,32,0,313,617
0.0,38,0,317,617
0.0,28,0,259,617
8.0,9,0,231,617
1.0,19,0,278,617
0.0,26,0,289,617
0.0,25,0,280,617
0.0,39,0,293,617
0.0,24,0,262,617
0.0,36,0,334,617
0.0,34,0,292,617
0.0,29,0,222,617
3.0,14,0,333,617
5.0,13,0,332,617
0.0,31,0,331,617
0.0,27,0,330,617
7.0,10,0,250,617
0.0,21,0,305,617
12.0,7,0,199,617
2.0,16,0,182,617
43.0,4,3,238,617
0.0,22,0,307,617
6.0,12,0,306,617
0.0,33,0,197,617
0.0,20,0,329,617
6.0,11,0,232,617
27.0,5,1,309,617
2.0,17,0,223,617
3.0,15,0,290,617
23.0,6,1,304,617
12.0,8,0,235,617
69.0,1,5,328,617
47.0,3,0,327,617
48.0,2,3,224,617
0.0,41,0,320,618
0.0,33,0,314,618
0.0,30,0,243,618
1.0,20,0,298,618
0.0,42,0,336,618
0.0,38,0,335,618
0.0,24,0,200,618
0.0,36,0,187,618
0.0,32,0,313,618
0.0,39,0,317,618
0.0,28,0,259,618
8.0,10,0,231,618
1.0,21,0,278,618
0.0,26,0,289,618
0.0,25,0,280,618
0.0,40,0,293,618
4.0,14,0,262,618
0.0,37,0,334,618
0.0,35,0,292,618
0.0,29,0,222,618
3.0,15,0,333,618
5.0,13,0,332,618
0.0,31,0,331,618
0.0,27,0,330,618
7.0,11,0,250,618
0.0,22,0,305,618
12.0,7,0,199,618
2.0,17,0,182,618
43.0,4,3,238,618
1.0,19,0,307,618
9.0,9,0,306,618
0.0,34,0,197,618
0.0,23,0,329,618
6.0,12,0,232,618
36.0,5,2,309,618
2.0,18,0,223,618
3.0,16,0,290,618
23.0,6,1,304,618
12.0,8,0,235,618
71.0,1,5,328,618
47.0,3,0,327,618
54.0,2,3,224,618
0.0,41,0,320,619
0.0,34,0,314,619
0.0,30,0,243,619
1.0,20,0,298,619
0.0,42,0,336,619
0.0,38,0,335,619
0.0,24,0,200,619
0.0,36,0,187,619
0.0,33,0,313,619
0.0,39,0,317,619
0.0,28,0,259,619
14.0,8,0,231,619
1.0,21,0,278,619
0.0,26,0,289,619
0.0,25,0,280,619
0.0,40,0,293,619
4.0,14,0,262,619
0.0,37,0,334,619
0.0,35,0,292,619
0.0,29,0,222,619
3.0,15,0,333,619
5.0,13,0,332,619
0.0,32,0,331,619
0.0,27,0,330,619
7.0,11,0,250,619
0.0,22,0,305,619
16.0,7,0,199,619
2.0,17,0,182,619
52.0,3,4,238,619
1.0,19,0,307,619
9.0,10,0,306,619
0.0,31,0,197,619
0.0,23,0,329,619
6.0,12,0,232,619
38.0,5,2,309,619
2.0,18,0,223,619
3.0,16,0,290,619
26.0,6,1,304,619
12.0,9,0,235,619
71.0,1,5,328,619
47.0,4,0,327,619
55.0,2,3,224,619
0.0,21,0,278,620
0.0,20,0,339,620
0.0,19,0,320,620
0.0,18,0,289,620
0.0,17,0,333,620
0.0,16,0,207,620
0.0,15,0,309,620
0.0,14,0,317,620
0.0,13,0,327,620
0.0,12,0,224,620
0.0,11,0,182,620
0.0,10,0,337,620
0.0,9,0,307,620
0.0,8,0,280,620
0.0,7,0,199,620
1.0,6,0,238,620
2.0,5,0,314,620
3.0,4,0,223,620
4.0,3,0,235,620
6.0,2,0,304,620
9.0,1,1,328,620
0.0,28,0,293,621
0.0,27,0,305,621
0.0,25,0,306,621
0.0,21,0,250,621
0.0,20,0,340,621
0.0,18,0,243,621
0.0,17,0,338,621
0.0,19,0,278,621
0.0,26,0,339,621
0.0,24,0,320,621
1.0,10,0,289,621
0.0,23,0,333,621
3.0,7,0,207,621
4.0,5,0,309,621
0.0,22,0,317,621
0.0,14,0,327,621
6.0,3,0,224,621
0.0,11,0,182,621
0.0,16,0,337,621
0.0,15,0,307,621
0.0,13,0,280,621
0.0,12,0,199,621
3.0,8,0,238,621
2.0,9,0,314,621
3.0,6,0,223,621
4.0,4,0,235,621
15.0,1,1,304,621
9.0,2,1,328,621
0.0,29,0,329,622
0.0,15,0,290,622
0.0,30,0,293,622
0.0,26,0,305,622
0.0,27,0,306,622
1.0,12,0,250,622
0.0,23,0,340,622
0.0,21,0,243,622
0.0,17,0,338,622
0.0,22,0,278,622
0.0,28,0,339,622
0.0,25,0,320,622
1.0,11,0,289,622
3.0,8,0,333,622
3.0,7,0,207,622
6.0,6,0,309,622
0.0,24,0,317,622
0.0,18,0,327,622
15.0,1,1,224,622
0.0,13,0,182,622
0.0,20,0,337,622
0.0,19,0,307,622
0.0,16,0,280,622
0.0,14,0,199,622
3.0,9,0,238,622
2.0,10,0,314,622
7.0,5,0,223,622
10.0,3,0,235,622
15.0,2,1,304,622
9.0,4,1,328,622
2.0,12,0,312,623
0.0,25,0,329,623
0.0,16,0,290,623
0.0,31,0,293,623
0.0,29,0,305,623
9.0,5,1,306,623
1.0,15,0,250,623
0.0,26,0,340,623
0.0,24,0,243,623
0.0,21,0,338,623
1.0,14,0,278,623
0.0,30,0,339,623
0.0,28,0,320,623
1.0,13,0,289,623
3.0,8,0,333,623
3.0,9,0,207,623
6.0,7,0,309,623
0.0,27,0,317,623
0.0,22,0,327,623
19.0,1,1,224,623
0.0,17,0,182,623
0.0,19,0,337,623
0.0,23,0,307,623
0.0,20,0,280,623
0.0,18,0,199,623
3.0,10,0,238,623
2.0,11,0,314,623
7.0,6,0,223,623
16.0,2,0,235,623
15.0,3,1,304,623
12.0,4,1,328,623
0.0,30,0,330,624
2.0,15,0,312,624
0.0,26,0,329,624
0.0,18,0,290,624
0.0,32,0,293,624
3.0,11,0,305,624
9.0,5,1,306,624
3.0,13,0,250,624
0.0,27,0,340,624
0.0,25,0,243,624
0.0,24,0,338,624
2.0,16,0,278,624
0.0,31,0,339,624
0.0,29,0,320,624
1.0,17,0,289,624
3.0,9,0,333,624
3.0,10,0,207,624
6.0,8,0,309,624
0.0,28,0,317,624
6.0,7,0,327,624
28.0,1,2,224,624
0.0,19,0,182,624
0.0,22,0,337,624
0.0,21,0,307,624
0.0,23,0,280,624
0.0,20,0,199,624
3.0,12,0,238,624
2.0,14,0,314,624
7.0,6,0,223,624
16.0,3,0,235,624
19.0,2,1,304,624
12.0,4,1,328,624
0.0,31,0,221,625
0.0,27,0,330,625
2.0,16,0,312,625
0.0,26,0,329,625
0.0,18,0,290,625
0.0,33,0,293,625
4.0,11,0,305,625
9.0,5,1,306,625
3.0,14,0,250,625
0.0,28,0,340,625
0.0,25,0,243,625
0.0,24,0,338,625
6.0,9,0,278,625
0.0,32,0,339,625
0.0,30,0,320,625
1.0,17,0,289,625
3.0,12,0,333,625
3.0,13,0,207,625
6.0,8,0,309,625
0.0,29,0,317,625
9.0,6,0,327,625
34.0,1,2,224,625
0.0,19,0,182,625
0.0,22,0,337,625
0.0,21,0,307,625
0.0,23,0,280,625
0.0,20,0,199,625
5.0,10,0,238,625
2.0,15,0,314,625
7.0,7,0,223,625
16.0,4,0,235,625
19.0,3,1,304,625
21.0,2,2,328,625
0.0,33,0,262,626
1.0,18,0,232,626
0.0,32,0,221,626
0.0,28,0,330,626
2.0,16,0,312,626
0.0,27,0,329,626
0.0,19,0,290,626
0.0,35,0,293,626
4.0,11,0,305,626
9.0,6,1,306,626
3.0,14,0,250,626
0.0,29,0,340,626
0.0,26,0,243,626
0.0,25,0,338,626
9.0,8,0,278,626
0.0,34,0,339,626
0.0,31,0,320,626
1.0,17,0,289,626
3.0,12,0,333,626
3.0,13,0,207,626
10.0,5,0,309,626
0.0,30,0,317,626
9.0,7,0,327,626
43.0,1,3,224,626
0.0,21,0,182,626
0.0,23,0,337,626
0.0,22,0,307,626
0.0,24,0,280,626
0.0,20,0,199,626
5.0,10,0,238,626
2.0,15,0,314,626
7.0,9,0,223,626
16.0,4,0,235,626
21.0,3,1,304,626
27.0,2,2,328,626
0.0,36,0,321,627
0.0,33,0,262,627
1.0,19,0,232,627
0.0,32,0,221,627
0.0,28,0,330,627
4.0,12,0,312,627
0.0,25,0,329,627
0.0,20,0,290,627
0.0,35,0,293,627
4.0,11,0,305,627
9.0,7,1,306,627
3.0,16,0,250,627
0.0,29,0,340,627
0.0,27,0,243,627
0.0,26,0,338,627
9.0,9,0,278,627
0.0,34,0,339,627
0.0,31,0,320,627
2.0,18,0,289,627
3.0,13,0,333,627
3.0,15,0,207,627
10.0,6,0,309,627
0.0,30,0,317,627
9.0,8,0,327,627
43.0,1,3,224,627
0.0,22,0,182,627
0.0,23,0,337,627
3.0,14,0,307,627
0.0,24,0,280,627
0.0,21,0,199,627
9.0,10,0,238,627
2.0,17,0,314,627
13.0,5,0,223,627
25.0,3,1,235,627
21.0,4,1,304,627
27.0,2,2,328,627
0.0,35,0,296,628
0.0,37,0,321,628
0.0,33,0,262,628
1.0,19,0,232,628
0.0,32,0,221,628
0.0,29,0,330,628
4.0,13,0,312,628
0.0,25,0,329,628
0.0,20,0,290,628
0.0,36,0,293,628
7.0,11,0,305,628
9.0,8,1,306,628
3.0,16,0,250,628
0.0,30,0,340,628
0.0,27,0,243,628
0.0,26,0,338,628
11.0,7,0,278,628
0.0,34,0,339,628
0.0,28,0,320,628
2.0,18,0,289,628
3.0,14,0,333,628
3.0,15,0,207,628
14.0,5,0,309,628
0.0,31,0,317,628
9.0,9,0,327,628
52.0,1,4,224,628
0.0,22,0,182,628
0.0,23,0,337,628
4.0,12,0,307,628
0.0,24,0,280,628
0.0,21,0,199,628
9.0,10,0,238,628
2.0,17,0,314,628
13.0,6,0,223,628
25.0,4,1,235,628
27.0,3,1,304,628
27.0,2,2,328,628
0.0,32,0,341,629
0.0,36,0,296,629
0.0,38,0,321,629
0.0,34,0,262,629
1.0,19,0,232,629
0.0,33,0,221,629
0.0,30,0,330,629
4.0,13,0,312,629
0.0,25,0,329,629
0.0,21,0,290,629
0.0,37,0,293,629
13.0,7,0,305,629
9.0,9,1,306,629
3.0,17,0,250,629
0.0,31,0,340,629
0.0,28,0,243,629
0.0,27,0,338,629
11.0,8,0,278,629
0.0,35,0,339,629
1.0,20,0,320,629
4.0,14,0,289,629
3.0,15,0,333,629
3.0,16,0,207,629
17.0,5,0,309,629
0.0,29,0,317,629
9.0,10,0,327,629
61.0,1,5,224,629
0.0,23,0,182,629
0.0,24,0,337,629
4.0,12,0,307,629
0.0,26,0,280,629
0.0,22,0,199,629
9.0,11,0,238,629
2.0,18,0,314,629
13.0,6,0,223,629
25.0,4,1,235,629
31.0,2,1,304,629
27.0,3,2,328,629
0.0,39,0,343,630
0.0,33,0,342,630
0.0,32,0,341,630
0.0,37,0,296,630
0.0,40,0,321,630
0.0,35,0,262,630
1.0,20,0,232,630
0.0,34,0,221,630
0.0,30,0,330,630
4.0,13,0,312,630
0.0,25,0,329,630
0.0,22,0,290,630
0.0,38,0,293,630
13.0,7,0,305,630
9.0,9,1,306,630
3.0,18,0,250,630
0.0,31,0,340,630
0.0,28,0,243,630
0.0,27,0,338,630
12.0,8,0,278,630
0.0,36,0,339,630
1.0,21,0,320,630
4.0,14,0,289,630
3.0,16,0,333,630
3.0,17,0,207,630
23.0,5,0,309,630
0.0,29,0,317,630
9.0,10,0,327,630
61.0,1,5,224,630
0.0,23,0,182,630
0.0,24,0,337,630
4.0,12,0,307,630
0.0,26,0,280,630
3.0,15,0,199,630
9.0,11,0,238,630
2.0,19,0,314,630
15.0,6,0,223,630
25.0,4,1,235,630
35.0,3,1,304,630
36.0,2,3,328,630
0.0,32,0,344,631
0.0,29,0,222,631
0.0,41,0,343,631
0.0,34,0,342,631
0.0,36,0,341,631
0.0,39,0,296,631
0.0,42,0,321,631
0.0,37,0,262,631
1.0,20,0,232,631
0.0,24,0,221,631
0.0,33,0,330,631
4.0,14,0,312,631
0.0,26,0,329,631
0.0,22,0,290,631
0.0,40,0,293,631
13.0,8,0,305,631
9.0,11,1,306,631
3.0,18,0,250,631
0.0,35,0,340,631
0.0,30,0,243,631
0.0,28,0,338,631
12.0,10,0,278,631
0.0,38,0,339,631
1.0,21,0,320,631
4.0,15,0,289,631
3.0,17,0,333,631
4.0,12,0,207,631
23.0,5,0,309,631
0.0,31,0,317,631
15.0,6,0,327,631
61.0,1,5,224,631
0.0,23,0,182,631
0.0,25,0,337,631
4.0,13,0,307,631
0.0,27,0,280,631
3.0,16,0,199,631
12.0,9,0,238,631
2.0,19,0,314,631
15.0,7,0,223,631
27.0,4,1,235,631
39.0,3,1,304,631
45.0,2,4,328,631
0.0,25,0,339,632
0.0,24,0,347,632
0.0,23,0,320,632
0.0,22,0,334,632
0.0,21,0,340,632
0.0,20,0,346,632
0.0,19,0,293,632
0.0,18,0,345,632
0.0,17,0,307,632
0.0,16,0,327,632
0.0,15,0,341,632
0.0,14,0,224,632
0.0,13,0,333,632
0.0,12,0,243,632
0.0,11,0,280,632
0.0,10,0,238,632
0.0,9,0,289,632
0.0,8,0,235,632
0.0,7,0,312,632
1.0,6,0,304,632
2.0,5,0,278,632
3.0,4,0,317,632
4.0,3,0,223,632
6.0,2,0,328,632
9.0,1,1,207,632
0.0,14,0,314,633
1.0,9,0,306,633
0.0,22,0,339,633
0.0,27,0,347,633
0.0,12,0,320,633
0.0,26,0,334,633
0.0,25,0,340,633
0.0,24,0,346,633
0.0,23,0,293,633
3.0,7,0,345,633
0.0,15,0,307,633
0.0,10,0,327,633
0.0,18,0,341,633
0.0,21,0,224,633
0.0,20,0,333,633
0.0,19,0,243,633
0.0,17,0,280,633
0.0,16,0,238,633
0.0,13,0,289,633
6.0,3,0,235,633
0.0,11,0,312,633
3.0,8,0,304,633
6.0,4,0,278,633
3.0,6,0,317,633
4.0,5,0,223,633
15.0,1,1,328,633
9.0,2,1,207,633
0.0,26,0,342,634
0.0,18,0,314,634
1.0,12,0,306,634
0.0,23,0,339,634
0.0,28,0,347,634
0.0,17,0,320,634
0.0,27,0,334,634
0.0,25,0,340,634
0.0,22,0,346,634
0.0,24,0,293,634
3.0,8,0,345,634
0.0,20,0,307,634
0.0,14,0,327,634
0.0,13,0,341,634
2.0,10,0,224,634
0.0,21,0,333,634
1.0,11,0,243,634
0.0,16,0,280,634
6.0,4,0,238,634
0.0,19,0,289,634
10.0,2,0,235,634
0.0,15,0,312,634
6.0,6,0,304,634
6.0,5,0,278,634
3.0,9,0,317,634
4.0,7,0,223,634
24.0,1,2,328,634
9.0,3,1,207,634
0.0,29,0,338,635
0.0,20,0,298,635
0.0,24,0,342,635
0.0,21,0,314,635
1.0,12,0,306,635
0.0,25,0,339,635
0.0,30,0,347,635
0.0,19,0,320,635
0.0,28,0,334,635
0.0,27,0,340,635
1.0,14,0,346,635
0.0,26,0,293,635
9.0,4,0,345,635
0.0,15,0,307,635
0.0,16,0,327,635
2.0,10,0,341,635
2.0,11,0,224,635
0.0,23,0,333,635
1.0,13,0,243,635
0.0,18,0,280,635
9.0,5,0,238,635
0.0,22,0,289,635
19.0,2,1,235,635
0.0,17,0,312,635
6.0,8,0,304,635
6.0,7,0,278,635
3.0,9,0,317,635
8.0,6,0,223,635
24.0,1,2,328,635
9.0,3,1,207,635
0.0,26,0,349,636
0.0,24,0,348,636
0.0,31,0,338,636
0.0,20,0,298,636
0.0,25,0,342,636
0.0,21,0,314,636
1.0,14,0,306,636
0.0,27,0,339,636
0.0,32,0,347,636
0.0,18,0,320,636
0.0,30,0,334,636
0.0,29,0,340,636
4.0,11,0,346,636
0.0,28,0,293,636
9.0,4,0,345,636
0.0,16,0,307,636
6.0,8,0,327,636
2.0,13,0,341,636
6.0,9,0,224,636
0.0,23,0,333,636
1.0,15,0,243,636
0.0,19,0,280,636
9.0,5,0,238,636
0.0,22,0,289,636
19.0,2,1,235,636
0.0,17,0,312,636
6.0,10,0,304,636
8.0,7,0,278,636
4.0,12,0,317,636
8.0,6,0,223,636
33.0,1,3,328,636
9.0,3,1,207,636
0.0,36,0,262,637
0.0,31,0,329,637
0.0,30,0,321,637
0.0,23,0,330,637
0.0,27,0,349,637
0.0,25,0,348,637
0.0,34,0,338,637
0.0,20,0,298,637
0.0,26,0,342,637
0.0,21,0,314,637
1.0,16,0,306,637
0.0,28,0,339,637
0.0,35,0,347,637
0.0,19,0,320,637
0.0,33,0,334,637
0.0,32,0,340,637
4.0,11,0,346,637
0.0,29,0,293,637
9.0,6,0,345,637
0.0,17,0,307,637
6.0,9,0,327,637
3.0,14,0,341,637
10.0,4,0,224,637
0.0,24,0,333,637
3.0,15,0,243,637
3.0,13,0,280,637
15.0,3,0,238,637
0.0,22,0,289,637
19.0,2,1,235,637
0.0,18,0,312,637
6.0,10,0,304,637
8.0,8,0,278,637
4.0,12,0,317,637
8.0,7,0,223,637
42.0,1,4,328,637
9.0,5,1,207,637
0.0,24,0,350,638
0.0,37,0,262,638
0.0,32,0,329,638
0.0,31,0,321,638
0.0,23,0,330,638
0.0,28,0,349,638
0.0,26,0,348,638
0.0,35,0,338,638
0.0,21,0,298,638
0.0,27,0,342,638
1.0,17,0,314,638
1.0,16,0,306,638
0.0,29,0,339,638
0.0,36,0,347,638
0.0,20,0,320,638
0.0,34,0,334,638
0.0,33,0,340,638
4.0,12,0,346,638
0.0,30,0,293,638
9.0,8,0,345,638
0.0,18,0,307,638
12.0,5,0,327,638
3.0,14,0,341,638
10.0,7,0,224,638
0.0,25,0,333,638
3.0,15,0,243,638
3.0,13,0,280,638
17.0,3,0,238,638
0.0,22,0,289,638
19.0,2,1,235,638
0.0,19,0,312,638
6.0,10,0,304,638
8.0,9,0,278,638
4.0,11,0,317,638
12.0,6,0,223,638
51.0,1,5,328,638
12.0,4,1,207,638
0.0,33,0,182,639
0.0,26,0,337,639
0.0,25,0,350,639
0.0,23,0,262,639
0.0,29,0,329,639
0.0,35,0,321,639
0.0,24,0,330,639
0.0,31,0,349,639
0.0,28,0,348,639
0.0,39,0,338,639
0.0,22,0,298,639
0.0,30,0,342,639
5.0,13,0,314,639
1.0,18,0,306,639
0.0,32,0,339,639
0.0,37,0,347,639
0.0,21,0,320,639
0.0,38,0,334,639
0.0,36,0,340,639
13.0,5,1,346,639
0.0,34,0,293,639
9.0,9,0,345,639
0.0,19,0,307,639
12.0,7,0,327,639
3.0,15,0,341,639
16.0,4,0,224,639
0.0,27,0,333,639
3.0,16,0,243,639
4.0,14,0,280,639
17.0,3,0,238,639
2.0,17,0,289,639
19.0,2,1,235,639
0.0,20,0,312,639
6.0,12,0,304,639
8.0,10,0,278,639
7.0,11,0,317,639
12.0,8,0,223,639
51.0,1,5,328,639
12.0,6,1,207,639
0.0,40,0,351,640
0.0,31,0,197,640
3.0,16,0,305,640
0.0,36,0,182,640
0.0,27,0,337,640
0.0,28,0,350,640
0.0,22,0,262,640
0.0,32,0,329,640
0.0,38,0,321,640
0.0,26,0,330,640
0.0,34,0,349,640
0.0,30,0,348,640
0.0,42,0,338,640
0.0,24,0,298,640
0.0,33,0,342,640
5.0,14,0,314,640
1.0,21,0,306,640
0.0,35,0,339,640
0.0,25,0,347,640
9.0,9,1,320,640
0.0,41,0,334,640
0.0,39,0,340,640
13.0,6,1,346,640
0.0,37,0,293,640
9.0,10,0,345,640
2.0,19,0,307,640
16.0,4,0,327,640
3.0,17,0,341,640
16.0,5,0,224,640
0.0,29,0,333,640
3.0,18,0,243,640
4.0,15,0,280,640
23.0,2,0,238,640
2.0,20,0,289,640
19.0,3,1,235,640
0.0,23,0,312,640
6.0,13,0,304,640
9.0,11,0,278,640
7.0,12,0,317,640
12.0,8,0,223,640
51.0,1,5,328,640
12.0,7,1,207,640
0.0,46,0,354,641
0.0,39,0,353,641
0.0,32,0,352,641
4.0,15,0,288,641
0.0,43,0,351,641
0.0,33,0,197,641
3.0,17,0,305,641
0.0,38,0,182,641
0.0,28,0,337,641
0.0,29,0,350,641
0.0,23,0,262,641
0.0,34,0,329,641
0.0,41,0,321,641
0.0,27,0,330,641
0.0,36,0,349,641
0.0,31,0,348,641
0.0,45,0,338,641
0.0,25,0,298,641
0.0,35,0,342,641
5.0,14,0,314,641
1.0,22,0,306,641
0.0,37,0,339,641
0.0,26,0,347,641
9.0,9,1,320,641
0.0,44,0,334,641
0.0,42,0,340,641
13.0,6,1,346,641
0.0,40,0,293,641
9.0,10,0,345,641
2.0,20,0,307,641
17.0,4,0,327,641
3.0,18,0,341,641
16.0,5,0,224,641
0.0,30,0,333,641
3.0,19,0,243,641
4.0,16,0,280,641
29.0,2,0,238,641
2.0,21,0,289,641
19.0,3,1,235,641
0.0,24,0,312,641
9.0,13,0,304,641
9.0,11,0,278,641
9.0,12,0,317,641
12.0,8,0,223,641
60.0,1,6,328,641
12.0,7,1,207,641
0.0,50,0,309,642
0.0,49,0,344,642
0.0,33,0,355,642
0.0,27,0,322,642
0.0,48,0,354,642
0.0,41,0,353,642
0.0,34,0,352,642
4.0,16,0,288,642
0.0,45,0,351,642
0.0,35,0,197,642
3.0,18,0,305,642
0.0,40,0,182,642
0.0,29,0,337,642
0.0,31,0,350,642
0.0,23,0,262,642
0.0,36,0,329,642
0.0,43,0,321,642
0.0,28,0,330,642
0.0,38,0,349,642
0.0,32,0,348,642
0.0,47,0,338,642
0.0,25,0,298,642
0.0,37,0,342,642
5.0,14,0,314,642
1.0,22,0,306,642
0.0,39,0,339,642
0.0,26,0,347,642
9.0,9,1,320,642
0.0,46,0,334,642
0.0,44,0,340,642
19.0,5,1,346,642
0.0,42,0,293,642
9.0,10,0,345,642
5.0,15,0,307,642
26.0,3,1,327,642
3.0,19,0,341,642
16.0,6,0,224,642
0.0,30,0,333,642
3.0,20,0,243,642
4.0,17,0,280,642
33.0,2,0,238,642
2.0,21,0,289,642
19.0,4,1,235,642
0.0,24,0,312,642
9.0,13,0,304,642
9.0,11,0,278,642
9.0,12,0,317,642
13.0,7,0,223,642
62.0,1,6,328,642
12.0,8,1,207,642
0.0,23,0,278,643
0.0,22,0,262,643
0.0,21,0,243,643
0.0,20,0,207,643
0.0,19,0,361,643
0.0,18,0,360,643
0.0,17,0,359,643
0.0,16,0,352,643
0.0,15,0,341,643
0.0,14,0,235,643
0.0,13,0,358,643
0.0,12,0,293,643
0.0,11,0,362,643
0.0,10,0,346,643
0.0,9,0,345,643
0.0,8,0,340,643
0.0,7,0,280,643
1.0,6,0,289,643
2.0,5,0,357,643
3.0,4,0,306,643
4.0,3,0,328,643
6.0,2,0,304,643
9.0,1,1,356,643
0.0,25,0,339,644
0.0,24,0,333,644
0.0,19,0,278,644
0.0,22,0,262,644
0.0,18,0,243,644
4.0,5,0,207,644
0.0,23,0,361,644
6.0,4,0,360,644
2.0,8,0,359,644
0.0,21,0,352,644
0.0,17,0,341,644
0.0,20,0,235,644
0.0,16,0,358,644
0.0,15,0,293,644
0.0,14,0,362,644
0.0,13,0,346,644
0.0,12,0,345,644
0.0,11,0,340,644
0.0,10,0,280,644
4.0,6,0,289,644
2.0,9,0,357,644
3.0,7,0,306,644
13.0,1,1,328,644
6.0,3,0,304,644
9.0,2,1,356,644
0.0,13,0,238,645
0.0,26,0,339,645
0.0,25,0,333,645
0.0,20,0,278,645
0.0,22,0,262,645
0.0,19,0,243,645
4.0,8,0,207,645
0.0,21,0,361,645
6.0,5,0,360,645
2.0,10,0,359,645
0.0,24,0,352,645
0.0,18,0,341,645
0.0,23,0,235,645
9.0,3,1,358,645
0.0,17,0,293,645
0.0,16,0,362,645
0.0,14,0,346,645
1.0,12,0,345,645
0.0,15,0,340,645
4.0,7,0,280,645
6.0,6,0,289,645
2.0,11,0,357,645
3.0,9,0,306,645
13.0,2,1,328,645
9.0,4,0,304,645
15.0,1,1,356,645
0.0,27,0,321,646
3.0,12,0,363,646
0.0,17,0,238,646
0.0,28,0,339,646
0.0,26,0,333,646
6.0,7,0,278,646
0.0,24,0,262,646
2.0,13,0,243,646
4.0,11,0,207,646
0.0,23,0,361,646
6.0,8,0,360,646
2.0,15,0,359,646
0.0,25,0,352,646
0.0,22,0,341,646
0.0,18,0,235,646
9.0,4,1,358,646
0.0,21,0,293,646
0.0,20,0,362,646
0.0,16,0,346,646
10.0,3,1,345,646
0.0,19,0,340,646
5.0,10,0,280,646
6.0,9,0,289,646
2.0,14,0,357,646
7.0,6,0,306,646
13.0,2,1,328,646
9.0,5,0,304,646
15.0,1,1,356,646
0.0,34,0,351,647
0.0,33,0,353,647
0.0,31,0,364,647
0.0,30,0,320,647
0.0,26,0,327,647
3.0,14,0,223,647
0.0,29,0,321,647
3.0,13,0,363,647
0.0,20,0,238,647
0.0,32,0,339,647
0.0,28,0,333,647
6.0,7,0,278,647
0.0,25,0,262,647
2.0,16,0,243,647
4.0,12,0,207,647
0.0,24,0,361,647
6.0,8,0,360,647
2.0,17,0,359,647
0.0,27,0,352,647
1.0,18,0,341,647
4.0,11,0,235,647
18.0,2,2,358,647
0.0,23,0,293,647
0.0,22,0,362,647
0.0,19,0,346,647
10.0,4,1,345,647
0.0,21,0,340,647
5.0,10,0,280,647
6.0,9,0,289,647
2.0,15,0,357,647
9.0,6,0,306,647
19.0,1,1,328,647
9.0,5,0,304,647
15.0,3,1,356,647
0.0,32,0,351,648
0.0,34,0,353,648
1.0,19,0,364,648
0.0,31,0,320,648
0.0,23,0,327,648
3.0,14,0,223,648
0.0,30,0,321,648
3.0,13,0,363,648
0.0,21,0,238,648
0.0,33,0,339,648
0.0,29,0,333,648
12.0,4,0,278,648
0.0,28,0,262,648
2.0,16,0,243,648
4.0,12,0,207,648
0.0,27,0,361,648
6.0,9,0,360,648
2.0,17,0,359,648
0.0,25,0,352,648
1.0,18,0,341,648
4.0,11,0,235,648
27.0,1,3,358,648
0.0,26,0,293,648
0.0,24,0,362,648
0.0,20,0,346,648
10.0,6,1,345,648
0.0,22,0,340,648
7.0,8,0,280,648
6.0,10,0,289,648
2.0,15,0,357,648
9.0,7,0,306,648
19.0,2,1,328,648
12.0,5,0,304,648
19.0,3,1,356,648
0.0,23,0,224,649
0.0,34,0,351,649
0.0,29,0,353,649
1.0,19,0,364,649
0.0,33,0,320,649
0.0,22,0,327,649
6.0,11,0,223,649
0.0,32,0,321,649
3.0,14,0,363,649
0.0,21,0,238,649
0.0,35,0,339,649
0.0,31,0,333,649
14.0,5,0,278,649
0.0,30,0,262,649
2.0,16,0,243,649
4.0,13,0,207,649
0.0,28,0,361,649
6.0,10,0,360,649
2.0,17,0,359,649
0.0,26,0,352,649
1.0,18,0,341,649
4.0,12,0,235,649
36.0,1,4,358,649
0.0,27,0,293,649
0.0,25,0,362,649
0.0,20,0,346,649
10.0,6,1,345,649
0.0,24,0,340,649
7.0,8,0,280,649
7.0,9,0,289,649
2.0,15,0,357,649
9.0,7,0,306,649
19.0,3,1,328,649
16.0,4,0,304,649
25.0,2,1,356,649
0.0,37,0,365,650
0.0,36,0,312,650
3.0,15,0,224,650
0.0,34,0,351,650
0.0,29,0,353,650
1.0,20,0,364,650
0.0,33,0,320,650
0.0,21,0,327,650
6.0,12,0,223,650
0.0,32,0,321,650
3.0,16,0,363,650
0.0,23,0,238,650
0.0,35,0,339,650
0.0,31,0,333,650
14.0,5,0,278,650
0.0,30,0,262,650
4.0,14,0,243,650
4.0,13,0,207,650
0.0,28,0,361,650
6.0,11,0,360,650
2.0,18,0,359,650
0.0,26,0,352,650
1.0,19,0,341,650
10.0,7,0,235,650
45.0,1,5,358,650
0.0,27,0,293,650
0.0,25,0,362,650
0.0,22,0,346,650
10.0,6,1,345,650
0.0,24,0,340,650
8.0,9,0,280,650
7.0,10,0,289,650
2.0,17,0,357,650
9.0,8,0,306,650
19.0,4,1,328,650
20.0,3,0,304,650
25.0,2,1,356,650
95.0,1,6,18,17
77.0,3,2,22,17
32.5,8,0,15,17
24.0,10,0,10,17
26.0,9,0,4,17
34.5,7,0,3,17
6.0,16,0,67,17
2.0,19,0,7,17
5.0,17,0,16,17
19.0,13,0,2,17
8.0,15,0,21,17
69.5,4,2,17,17
84.0,2,4,20,17
17.0,14,0,9,17
48.0,6,1,8,17
22.0,11,0,13,17
0.0,21,0,12,17
0.0,20,0,6,17
22.0,12,0,5,17
49.0,5,2,1,17
0.0,24,0,153,17
0.0,23,0,154,17
0.0,25,0,69,17
0.0,22,0,24,17
3.0,18,0,155,17
0.0,34,0,314,651
0.0,38,0,365,651
0.0,37,0,312,651
3.0,16,0,224,651
0.0,35,0,351,651
0.0,32,0,353,651
1.0,21,0,364,651
0.0,26,0,320,651
0.0,22,0,327,651
12.0,8,0,223,651
0.0,33,0,321,651
3.0,15,0,363,651
0.0,24,0,238,651
0.0,36,0,339,651
0.0,29,0,333,651
14.0,6,0,278,651
2.0,18,0,262,651
8.0,10,0,243,651
4.0,14,0,207,651
0.0,31,0,361,651
6.0,13,0,360,651
2.0,19,0,359,651
0.0,27,0,352,651
1.0,20,0,341,651
19.0,4,1,235,651
45.0,1,5,358,651
0.0,30,0,293,651
0.0,28,0,362,651
0.0,23,0,346,651
13.0,7,1,345,651
0.0,25,0,340,651
8.0,11,0,280,651
7.0,12,0,289,651
2.0,17,0,357,651
10.0,9,0,306,651
19.0,5,1,328,651
20.0,3,0,304,651
25.0,2,1,356,651
0.0,40,0,330,652
0.0,38,0,347,652
0.0,33,0,314,652
0.0,39,0,365,652
0.0,37,0,312,652
3.0,16,0,224,652
0.0,35,0,351,652
0.0,32,0,353,652
1.0,22,0,364,652
0.0,27,0,320,652
1.0,20,0,327,652
21.0,5,1,223,652
0.0,34,0,321,652
3.0,15,0,363,652
0.0,24,0,238,652
0.0,36,0,339,652
0.0,25,0,333,652
14.0,7,0,278,652
2.0,18,0,262,652
10.0,10,0,243,652
4.0,14,0,207,652
0.0,31,0,361,652
6.0,13,0,360,652
2.0,19,0,359,652
0.0,28,0,352,652
1.0,21,0,341,652
19.0,6,1,235,652
45.0,1,5,358,652
0.0,30,0,293,652
0.0,29,0,362,652
0.0,23,0,346,652
13.0,9,1,345,652
0.0,26,0,340,652
8.0,11,0,280,652
7.0,12,0,289,652
2.0,17,0,357,652
14.0,8,0,306,652
25.0,2,1,328,652
23.0,4,0,304,652
25.0,3,1,356,652
0.0,40,0,330,653
0.0,38,0,347,653
0.0,33,0,314,653
0.0,39,0,365,653
0.0,37,0,312,653
3.0,16,0,224,653
0.0,35,0,351,653
0.0,32,0,353,653
1.0,23,0,364,653
1.0,22,0,320,653
1.0,21,0,327,653
27.0,3,1,223,653
0.0,34,0,321,653
3.0,15,0,363,653
0.0,25,0,238,653
0.0,36,0,339,653
0.0,26,0,333,653
18.0,7,0,278,653
2.0,19,0,262,653
10.0,10,0,243,653
4.0,14,0,207,653
0.0,31,0,361,653
6.0,13,0,360,653
2.0,20,0,359,653
0.0,28,0,352,653
3.0,17,0,341,653
28.0,2,2,235,653
45.0,1,5,358,653
0.0,30,0,293,653
0.0,29,0,362,653
0.0,24,0,346,653
16.0,8,1,345,653
0.0,27,0,340,653
8.0,11,0,280,653
7.0,12,0,289,653
2.0,18,0,357,653
14.0,9,0,306,653
25.0,4,1,328,653
23.0,6,0,304,653
25.0,5,1,356,653
0.0,42,0,367,654
0.0,38,0,366,654
4.0,16,0,317,654
0.0,43,0,330,654
0.0,36,0,347,654
0.0,35,0,314,654
0.0,41,0,365,654
0.0,40,0,312,654
12.0,10,1,224,654
0.0,37,0,351,654
0.0,34,0,353,654
1.0,24,0,364,654
1.0,23,0,320,654
1.0,22,0,327,654
27.0,3,1,223,654
1.0,25,0,321,654
3.0,17,0,363,654
0.0,27,0,238,654
0.0,39,0,339,654
0.0,28,0,333,654
20.0,8,0,278,654
2.0,20,0,262,654
10.0,11,0,243,654
4.0,15,0,207,654
0.0,33,0,361,654
6.0,14,0,360,654
2.0,21,0,359,654
0.0,30,0,352,654
3.0,18,0,341,654
31.0,2,2,235,654
45.0,1,5,358,654
0.0,32,0,293,654
0.0,31,0,362,654
0.0,26,0,346,654
22.0,7,1,345,654
0.0,29,0,340,654
8.0,12,0,280,654
7.0,13,0,289,654
2.0,19,0,357,654
14.0,9,0,306,654
25.0,4,1,328,654
23.0,6,0,304,654
25.0,5,1,356,654
0.0,42,0,367,655
0.0,38,0,366,655
4.0,15,0,317,655
0.0,43,0,330,655
0.0,36,0,347,655
0.0,35,0,314,655
0.0,41,0,365,655
0.0,40,0,312,655
12.0,10,1,224,655
0.0,37,0,351,655
0.0,34,0,353,655
1.0,24,0,364,655
1.0,23,0,320,655
1.0,22,0,327,655
33.0,3,1,223,655
1.0,25,0,321,655
3.0,17,0,363,655
0.0,27,0,238,655
0.0,39,0,339,655
0.0,28,0,333,655
23.0,8,0,278,655
2.0,20,0,262,655
10.0,11,0,243,655
4.0,16,0,207,655
0.0,33,0,361,655
6.0,14,0,360,655
2.0,21,0,359,655
0.0,30,0,352,655
3.0,18,0,341,655
40.0,2,3,235,655
45.0,1,5,358,655
0.0,32,0,293,655
0.0,31,0,362,655
0.0,26,0,346,655
23.0,7,1,345,655
0.0,29,0,340,655
8.0,12,0,280,655
7.0,13,0,289,655
2.0,19,0,357,655
16.0,9,0,306,655
25.0,5,1,328,655
27.0,4,0,304,655
25.0,6,1,356,655
0.0,18,0,369,656
0.0,17,0,235,656
0.0,16,0,340,656
0.0,15,0,207,656
0.0,14,0,356,656
0.0,13,0,278,656
0.0,12,0,345,656
0.0,11,0,341,656
0.0,10,0,358,656
0.0,9,0,362,656
0.0,8,0,368,656
0.0,7,0,262,656
1.0,6,0,306,656
2.0,5,0,360,656
3.0,4,0,346,656
4.0,3,0,304,656
6.0,2,0,289,656
9.0,1,1,328,656
0.0,16,0,361,657
0.0,19,0,369,657
1.0,8,0,235,657
0.0,18,0,340,657
0.0,17,0,207,657
0.0,13,0,356,657
0.0,12,0,278,657
0.0,11,0,345,657
2.0,7,0,341,657
0.0,15,0,358,657
0.0,14,0,362,657
0.0,10,0,368,657
0.0,9,0,262,657
5.0,5,0,306,657
8.0,2,0,360,657
3.0,6,0,346,657
7.0,3,0,304,657
6.0,4,0,289,657
18.0,1,2,328,657
0.0,19,0,351,658
0.0,12,0,350,658
3.0,8,0,370,658
6.0,6,0,361,658
0.0,22,0,369,658
1.0,10,0,235,658
0.0,21,0,340,658
0.0,20,0,207,658
0.0,16,0,356,658
0.0,15,0,278,658
0.0,14,0,345,658
2.0,9,0,341,658
0.0,18,0,358,658
0.0,17,0,362,658
0.0,13,0,368,658
0.0,11,0,262,658
5.0,7,0,306,658
10.0,3,0,360,658
7.0,5,0,346,658
8.0,4,0,304,658
15.0,2,1,289,658
18.0,1,2,328,658
0.0,19,0,351,659
0.0,13,0,350,659
3.0,9,0,370,659
6.0,6,0,361,659
0.0,22,0,369,659
3.0,10,0,235,659
0.0,21,0,340,659
0.0,20,0,207,659
1.0,12,0,356,659
4.0,8,0,278,659
0.0,16,0,345,659
2.0,11,0,341,659
0.0,18,0,358,659
0.0,17,0,362,659
0.0,15,0,368,659
0.0,14,0,262,659
5.0,7,0,306,659
10.0,5,0,360,659
13.0,3,0,346,659
11.0,4,0,304,659
15.0,2,1,289,659
27.0,1,3,328,659
0.0,20,0,357,660
0.0,14,0,351,660
2.0,11,0,350,660
3.0,10,0,370,660
6.0,8,0,361,660
0.0,23,0,369,660
7.0,7,0,235,660
0.0,22,0,340,660
0.0,21,0,207,660
1.0,13,0,356,660
4.0,9,0,278,660
0.0,17,0,345,660
2.0,12,0,341,660
0.0,19,0,358,660
0.0,18,0,362,660
0.0,16,0,368,660
0.0,15,0,262,660
11.0,5,0,306,660
13.0,4,0,360,660
13.0,3,0,346,660
11.0,6,0,304,660
16.0,2,1,289,660
36.0,1,4,328,660
0.0,23,0,321,661
0.0,22,0,347,661
0.0,18,0,357,661
0.0,15,0,351,661
3.0,12,0,350,661
3.0,11,0,370,661
8.0,8,0,361,661
0.0,25,0,369,661
13.0,5,0,235,661
0.0,24,0,340,661
0.0,21,0,207,661
1.0,14,0,356,661
4.0,9,0,278,661
0.0,19,0,345,661
2.0,13,0,341,661
3.0,10,0,358,661
0.0,20,0,362,661
0.0,17,0,368,661
0.0,16,0,262,661
11.0,6,0,306,661
17.0,2,0,360,661
13.0,4,0,346,661
11.0,7,0,304,661
16.0,3,1,289,661
45.0,1,5,328,661
0.0,23,0,321,662
0.0,21,0,347,662
0.0,18,0,357,662
0.0,16,0,351,662
3.0,12,0,350,662
3.0,11,0,370,662
8.0,8,0,361,662
0.0,25,0,369,662
22.0,2,1,235,662
0.0,24,0,340,662
0.0,22,0,207,662
1.0,14,0,356,662
4.0,9,0,278,662
0.0,19,0,345,662
2.0,13,0,341,662
3.0,10,0,358,662
0.0,20,0,362,662
0.0,17,0,368,662
0.0,15,0,262,662
12.0,6,0,306,662
21.0,3,0,360,662
15.0,5,0,346,662
11.0,7,0,304,662
19.0,4,1,289,662
51.0,1,5,328,662
0.0,23,0,321,663
0.0,21,0,347,663
0.0,19,0,357,663
0.0,17,0,351,663
3.0,12,0,350,663
3.0,11,0,370,663
10.0,8,0,361,663
0.0,25,0,369,663
22.0,3,1,235,663
0.0,24,0,340,663
0.0,22,0,207,663
1.0,15,0,356,663
4.0,10,0,278,663
1.0,14,0,345,663
2.0,13,0,341,663
9.0,9,0,358,663
0.0,20,0,362,663
0.0,18,0,368,663
0.0,16,0,262,663
16.0,5,0,306,663
24.0,2,0,360,663
15.0,6,0,346,663
11.0,7,0,304,663
19.0,4,1,289,663
60.0,1,6,328,663
0.0,28,0,372,664
0.0,22,0,343,664
0.0,19,0,353,664
1.0,16,0,359,664
0.0,26,0,321,664
0.0,24,0,347,664
0.0,21,0,357,664
0.0,18,0,351,664
3.0,13,0,350,664
3.0,12,0,370,664
10.0,9,0,361,664
0.0,29,0,369,664
31.0,2,2,235,664
0.0,27,0,340,664
0.0,25,0,207,664
7.0,10,0,356,664
4.0,11,0,278,664
1.0,15,0,345,664
2.0,14,0,341,664
13.0,7,0,358,664
0.0,23,0,362,664
0.0,20,0,368,664
0.0,17,0,262,664
19.0,5,0,306,664
26.0,3,0,360,664
15.0,6,0,346,664
11.0,8,0,304,664
19.0,4,1,289,664
60.0,1,6,328,664
0.0,25,0,352,665
0.0,29,0,372,665
0.0,22,0,343,665
0.0,19,0,353,665
1.0,17,0,359,665
0.0,27,0,321,665
0.0,24,0,347,665
0.0,21,0,357,665
1.0,16,0,351,665
3.0,14,0,350,665
3.0,13,0,370,665
16.0,7,0,361,665
0.0,30,0,369,665
31.0,2,2,235,665
0.0,28,0,340,665
0.0,26,0,207,665
10.0,10,0,356,665
4.0,12,0,278,665
3.0,15,0,345,665
6.0,11,0,341,665
22.0,4,1,358,665
0.0,23,0,362,665
0.0,20,0,368,665
0.0,18,0,262,665
19.0,6,0,306,665
26.0,3,0,360,665
15.0,8,0,346,665
11.0,9,0,304,665
19.0,5,1,289,665
60.0,1,6,328,665
0.0,24,0,352,666
0.0,29,0,372,666
0.0,22,0,343,666
0.0,19,0,353,666
1.0,18,0,359,666
0.0,27,0,321,666
0.0,25,0,347,666
0.0,21,0,357,666
1.0,16,0,351,666
3.0,14,0,350,666
3.0,13,0,370,666
16.0,8,0,361,666
0.0,30,0,369,666
37.0,2,2,235,666
0.0,28,0,340,666
0.0,26,0,207,666
14.0,10,0,356,666
4.0,12,0,278,666
3.0,15,0,345,666
6.0,11,0,341,666
22.0,4,1,358,666
0.0,23,0,362,666
0.0,20,0,368,666
1.0,17,0,262,666
21.0,5,0,306,666
26.0,3,0,360,666
15.0,9,0,346,666
20.0,6,1,304,666
19.0,7,1,289,666
63.0,1,6,328,666
0.0,23,0,375,667
0.0,22,0,293,667
0.0,21,0,312,667
0.0,20,0,374,667
0.0,19,0,333,667
0.0,18,0,356,667
0.0,17,0,345,667
0.0,16,0,369,667
0.0,15,0,368,667
0.0,14,0,328,667
0.0,13,0,347,667
0.0,12,0,235,667
0.0,11,0,364,667
0.0,10,0,334,667
0.0,9,0,340,667
0.0,8,0,341,667
0.0,7,0,346,667
1.0,6,0,306,667
2.0,5,0,304,667
3.0,4,0,278,667
4.0,3,0,358,667
6.0,2,0,289,667
9.0,1,1,373,667
0.0,13,0,361,668
0.0,12,0,360,668
3.0,7,0,375,668
0.0,25,0,293,668
4.0,5,0,312,668
0.0,24,0,374,668
0.0,23,0,333,668
0.0,19,0,356,668
0.0,15,0,345,668
0.0,22,0,369,668
0.0,21,0,368,668
0.0,20,0,328,668
0.0,18,0,347,668
0.0,17,0,235,668
0.0,16,0,364,668
0.0,14,0,334,668
0.0,11,0,340,668
0.0,10,0,341,668
0.0,9,0,346,668
3.0,8,0,306,668
8.0,3,0,304,668
3.0,6,0,278,668
4.0,4,0,358,668
15.0,1,1,289,668
9.0,2,1,373,668
0.0,27,0,351,669
0.0,25,0,262,669
0.0,22,0,359,669
4.0,8,0,376,669
6.0,4,0,370,669
0.0,16,0,361,669
0.0,14,0,360,669
6.0,5,0,375,669
0.0,30,0,293,669
4.0,7,0,312,669
0.0,29,0,374,669
0.0,28,0,333,669
0.0,20,0,356,669
0.0,15,0,345,669
0.0,26,0,369,669
0.0,24,0,368,669
0.0,23,0,328,669
0.0,21,0,347,669
0.0,19,0,235,669
0.0,18,0,364,669
0.0,17,0,334,669
0.0,13,0,340,669
0.0,12,0,341,669
0.0,11,0,346,669
3.0,10,0,306,669
10.0,2,0,304,669
3.0,9,0,278,669
4.0,6,0,358,669
24.0,1,2,289,669
9.0,3,1,373,669
0.0,27,0,351,670
2.0,15,0,262,670
0.0,24,0,359,670
5.0,8,0,376,670
6.0,6,0,370,670
0.0,19,0,361,670
9.0,3,1,360,670
6.0,7,0,375,670
0.0,30,0,293,670
4.0,11,0,312,670
0.0,29,0,374,670
0.0,28,0,333,670
0.0,22,0,356,670
6.0,5,0,345,670
0.0,26,0,369,670
0.0,25,0,368,670
3.0,13,0,328,670
0.0,23,0,347,670
4.0,9,0,235,670
0.0,21,0,364,670
0.0,20,0,334,670
0.0,18,0,340,670
0.0,17,0,341,670
0.0,16,0,346,670
3.0,14,0,306,670
10.0,2,0,304,670
3.0,12,0,278,670
4.0,10,0,358,670
24.0,1,2,289,670
9.0,4,1,373,670
2.0,16,0,351,671
2.0,15,0,262,671
0.0,25,0,359,671
5.0,11,0,376,671
6.0,9,0,370,671
0.0,21,0,361,671
9.0,5,1,360,671
6.0,10,0,375,671
0.0,30,0,293,671
4.0,13,0,312,671
0.0,29,0,374,671
0.0,28,0,333,671
0.0,24,0,356,671
10.0,3,0,345,671
0.0,27,0,369,671
0.0,26,0,368,671
12.0,2,1,328,671
0.0,19,0,347,671
7.0,8,0,235,671
0.0,23,0,364,671
0.0,22,0,334,671
0.0,20,0,340,671
0.0,18,0,341,671
0.0,17,0,346,671
9.0,7,0,306,671
10.0,4,0,304,671
4.0,14,0,278,671
4.0,12,0,358,671
24.0,1,2,289,671
9.0,6,1,373,671
0.0,29,0,377,672
3.0,16,0,350,672
2.0,18,0,351,672
2.0,17,0,262,672
0.0,26,0,359,672
5.0,12,0,376,672
6.0,9,0,370,672
1.0,19,0,361,672
9.0,6,1,360,672
6.0,11,0,375,672
0.0,32,0,293,672
4.0,14,0,312,672
0.0,31,0,374,672
0.0,30,0,333,672
0.0,25,0,356,672
10.0,5,0,345,672
0.0,28,0,369,672
0.0,27,0,368,672
16.0,3,1,328,672
0.0,21,0,347,672
16.0,2,1,235,672
0.0,24,0,364,672
0.0,23,0,334,672
0.0,22,0,340,672
6.0,10,0,341,672
0.0,20,0,346,672
9.0,8,0,306,672
12.0,4,0,304,672
4.0,15,0,278,672
4.0,13,0,358,672
24.0,1,2,289,672
9.0,7,1,373,672
0.0,26,0,378,673
0.0,30,0,377,673
3.0,17,0,350,673
2.0,19,0,351,673
2.0,18,0,262,673
0.0,27,0,359,673
5.0,14,0,376,673
6.0,12,0,370,673
1.0,20,0,361,673
9.0,8,1,360,673
6.0,13,0,375,673
0.0,33,0,293,673
4.0,16,0,312,673
0.0,32,0,374,673
0.0,31,0,333,673
0.0,25,0,356,673
10.0,5,0,345,673
0.0,29,0,369,673
0.0,28,0,368,673
17.0,3,1,328,673
0.0,21,0,347,673
20.0,2,1,235,673
0.0,24,0,364,673
0.0,23,0,334,673
0.0,22,0,340,673
8.0,11,0,341,673
9.0,7,1,346,673
9.0,10,0,306,673
15.0,4,0,304,673
10.0,6,0,278,673
4.0,15,0,358,673
24.0,1,2,289,673
9.0,9,1,373,673
0.0,26,0,379,674
0.0,25,0,365,674
0.0,28,0,378,674
0.0,32,0,377,674
3.0,17,0,350,674
2.0,19,0,351,674
2.0,18,0,262,674
0.0,29,0,359,674
5.0,15,0,376,674
6.0,13,0,370,674
1.0,21,0,361,674
9.0,8,1,360,674
6.0,14,0,375,674
0.0,35,0,293,674
4.0,16,0,312,674
0.0,34,0,374,674
0.0,33,0,333,674
2.0,20,0,356,674
11.0,5,0,345,674
0.0,31,0,369,674
0.0,30,0,368,674
26.0,2,2,328,674
0.0,22,0,347,674
23.0,3,1,235,674
0.0,23,0,364,674
0.0,27,0,334,674
0.0,24,0,340,674
8.0,11,0,341,674
9.0,7,1,346,674
9.0,10,0,306,674
15.0,4,0,304,674
10.0,6,0,278,674
8.0,12,0,358,674
30.0,1,2,289,674
9.0,9,1,373,674
0.0,37,0,380,675
0.0,34,0,321,675
0.0,28,0,322,675
0.0,27,0,379,675
0.0,26,0,365,675
0.0,30,0,378,675
0.0,33,0,377,675
3.0,19,0,350,675
2.0,22,0,351,675
2.0,20,0,262,675
6.0,14,0,359,675
5.0,16,0,376,675
6.0,13,0,370,675
4.0,18,0,361,675
9.0,9,1,360,675
6.0,15,0,375,675
0.0,38,0,293,675
4.0,17,0,312,675
0.0,36,0,374,675
0.0,35,0,333,675
2.0,21,0,356,675
11.0,5,0,345,675
0.0,32,0,369,675
0.0,31,0,368,675
26.0,3,2,328,675
1.0,23,0,347,675
27.0,2,1,235,675
0.0,24,0,364,675
0.0,29,0,334,675
0.0,25,0,340,675
8.0,11,0,341,675
9.0,8,1,346,675
11.0,6,0,306,675
24.0,4,1,304,675
10.0,7,0,278,675
8.0,12,0,358,675
30.0,1,2,289,675
9.0,10,1,373,675
0.0,35,0,343,676
0.0,30,0,280,676
0.0,39,0,380,676
0.0,36,0,321,676
0.0,28,0,322,676
0.0,27,0,379,676
0.0,26,0,365,676
0.0,31,0,378,676
0.0,34,0,377,676
5.0,17,0,350,676
2.0,22,0,351,676
2.0,20,0,262,676
6.0,14,0,359,676
5.0,16,0,376,676
6.0,13,0,370,676
4.0,19,0,361,676
15.0,5,1,360,676
6.0,15,0,375,676
0.0,40,0,293,676
4.0,18,0,312,676
0.0,38,0,374,676
0.0,37,0,333,676
2.0,21,0,356,676
15.0,6,0,345,676
0.0,33,0,369,676
0.0,32,0,368,676
27.0,3,2,328,676
1.0,23,0,347,676
27.0,4,1,235,676
0.0,24,0,364,676
0.0,29,0,334,676
0.0,25,0,340,676
8.0,11,0,341,676
9.0,9,1,346,676
11.0,7,0,306,676
33.0,2,2,304,676
10.0,8,0,278,676
8.0,12,0,358,676
33.0,1,2,289,676
9.0,10,1,373,676
0.0,36,0,207,677
0.0,35,0,381,677
0.0,37,0,343,677
0.0,30,0,280,677
0.0,41,0,380,677
0.0,38,0,321,677
0.0,28,0,322,677
0.0,27,0,379,677
0.0,26,0,365,677
0.0,31,0,378,677
0.0,34,0,377,677
5.0,17,0,350,677
2.0,23,0,351,677
2.0,21,0,262,677
6.0,14,0,359,677
5.0,16,0,376,677
6.0,13,0,370,677
4.0,19,0,361,677
16.0,5,1,360,677
6.0,15,0,375,677
0.0,42,0,293,677
4.0,18,0,312,677
0.0,40,0,374,677
0.0,39,0,333,677
2.0,22,0,356,677
15.0,6,0,345,677
0.0,33,0,369,677
0.0,32,0,368,677
36.0,2,3,328,677
1.0,24,0,347,677
27.0,4,1,235,677
3.0,20,0,364,677
0.0,29,0,334,677
0.0,25,0,340,677
12.0,7,0,341,677
11.0,8,1,346,677
11.0,9,0,306,677
33.0,3,2,304,677
10.0,10,0,278,677
8.0,12,0,358,677
39.0,1,2,289,677
9.0,11,1,373,677
0.0,35,0,382,678
0.0,37,0,207,678
0.0,36,0,381,678
0.0,38,0,343,678
0.0,25,0,280,678
0.0,42,0,380,678
0.0,39,0,321,678
0.0,29,0,322,678
0.0,28,0,379,678
0.0,27,0,365,678
0.0,31,0,378,678
0.0,34,0,377,678
5.0,18,0,350,678
2.0,24,0,351,678
6.0,15,0,262,678
6.0,14,0,359,678
5.0,17,0,376,678
6.0,13,0,370,678
4.0,20,0,361,678
22.0,5,1,360,678
6.0,16,0,375,678
0.0,43,0,293,678
4.0,19,0,312,678
0.0,41,0,374,678
0.0,40,0,333,678
2.0,23,0,356,678
18.0,6,0,345,678
0.0,33,0,369,678
0.0,32,0,368,678
36.0,2,3,328,678
3.0,22,0,347,678
27.0,4,1,235,678
3.0,21,0,364,678
0.0,30,0,334,678
0.0,26,0,340,678
12.0,8,0,341,678
12.0,7,1,346,678
11.0,9,0,306,678
33.0,3,2,304,678
10.0,10,0,278,678
8.0,12,0,358,678
48.0,1,3,289,678
9.0,11,1,373,678
0.0,18,0,328,679
0.0,17,0,289,679
0.0,16,0,373,679
0.0,15,0,347,679
0.0,14,0,374,679
0.0,13,0,358,679
0.0,12,0,346,679
0.0,11,0,364,679
0.0,10,0,361,679
0.0,9,0,368,679
0.0,8,0,384,679
0.0,7,0,293,679
3.0,4,0,304,679
6.0,2,0,340,679
0.0,24,0,386,680
0.0,23,0,306,680
0.0,22,0,359,680
0.0,11,0,385,680
3.0,7,0,360,680
4.0,6,0,278,680
0.0,19,0,328,680
6.0,3,0,289,680
0.0,15,0,373,680
0.0,21,0,347,680
1.0,9,0,374,680
0.0,20,0,358,680
0.0,17,0,346,680
0.0,18,0,364,680
0.0,13,0,361,680
0.0,16,0,368,680
0.0,14,0,384,680
0.0,12,0,293,680
2.0,8,0,383,680
12.0,1,1,304,680
6.0,4,0,340,680
0.0,14,0,388,681
1.0,13,0,375,681
2.0,11,0,387,681
0.0,27,0,386,681
0.0,26,0,306,681
0.0,25,0,359,681
0.0,16,0,385,681
3.0,9,0,360,681
0.0,22,0,328,681
6.0,6,0,289,681
9.0,3,1,373,681
0.0,24,0,347,681
1.0,12,0,374,681
0.0,23,0,358,681
0.0,15,0,346,681
0.0,21,0,364,681
0.0,18,0,361,681
0.0,20,0,368,681
0.0,19,0,384,681
16.0,1,1,304,681
4.0,8,0,341,681
6.0,7,0,340,681
0.0,19,0,389,682
0.0,18,0,388,682
1.0,16,0,375,682
2.0,15,0,387,682
0.0,28,0,386,682
0.0,27,0,306,682
0.0,26,0,359,682
3.0,12,0,360,682
6.0,7,0,328,682
6.0,8,0,289,682
10.0,4,1,373,682
3.0,13,0,374,682
3.0,11,0,358,682
0.0,17,0,346,682
9.0,5,1,364,682
0.0,22,0,361,682
0.0,23,0,384,682
2.0,14,0,383,682
16.0,1,1,304,682
6.0,9,0,340,682
0.0,19,0,389,683
2.0,15,0,388,683
1.0,18,0,375,683
2.0,17,0,387,683
0.0,28,0,386,683
0.0,27,0,306,683
0.0,26,0,359,683
0.0,20,0,385,683
11.0,4,0,278,683
6.0,8,0,289,683
10.0,5,1,373,683
0.0,25,0,347,683
3.0,12,0,358,683
3.0,11,0,346,683
9.0,7,1,364,683
0.0,22,0,361,683
0.0,24,0,368,683
0.0,23,0,384,683
16.0,2,1,356,683
22.0,1,1,304,683
4.0,10,0,341,683
6.0,9,0,340,683
0.0,28,0,351,684
0.0,20,0,390,684
0.0,19,0,322,684
0.0,21,0,389,684
2.0,15,0,388,684
1.0,18,0,375,684
2.0,17,0,387,684
0.0,31,0,386,684
0.0,30,0,306,684
0.0,29,0,359,684
0.0,22,0,385,684
3.0,13,0,360,684
15.0,4,0,278,684
10.0,6,0,328,684
6.0,8,0,289,684
19.0,2,2,373,684
0.0,27,0,347,684
3.0,14,0,374,684
3.0,12,0,358,684
3.0,11,0,346,684
9.0,7,1,364,684
0.0,24,0,361,684
0.0,26,0,368,684
0.0,25,0,384,684
0.0,23,0,293,684
2.0,16,0,383,684
28.0,1,1,304,684
6.0,9,0,340,684
0.0,37,0,377,685
0.0,36,0,379,685
0.0,33,0,365,685
0.0,30,0,391,685
0.0,29,0,235,685
0.0,21,0,262,685
0.0,31,0,351,685
0.0,22,0,390,685
0.0,23,0,322,685
1.0,20,0,389,685
2.0,15,0,388,685
1.0,19,0,375,685
2.0,17,0,387,685
0.0,35,0,386,685
0.0,34,0,306,685
0.0,32,0,359,685
0.0,24,0,385,685
3.0,13,0,360,685
19.0,4,0,278,685
10.0,6,0,328,685
6.0,9,0,289,685
19.0,3,2,373,685
2.0,18,0,347,685
3.0,14,0,374,685
3.0,12,0,358,685
3.0,11,0,346,685
9.0,7,1,364,685
0.0,26,0,361,685
0.0,27,0,384,685
25.0,2,1,356,685
37.0,1,2,304,685
6.0,10,0,340,685
0.0,38,0,393,686
0.0,34,0,371,686
0.0,25,0,392,686
0.0,24,0,370,686
0.0,41,0,377,686
0.0,40,0,379,686
0.0,36,0,365,686
0.0,32,0,391,686
0.0,31,0,235,686
0.0,21,0,262,686
0.0,33,0,351,686
0.0,22,0,390,686
0.0,23,0,322,686
1.0,20,0,389,686
2.0,15,0,388,686
1.0,19,0,375,686
2.0,17,0,387,686
0.0,39,0,386,686
0.0,37,0,306,686
0.0,35,0,359,686
0.0,26,0,385,686
20.0,3,0,278,686
10.0,7,0,328,686
19.0,4,2,373,686
2.0,18,0,347,686
5.0,11,0,374,686
3.0,14,0,358,686
3.0,12,0,346,686
13.0,6,1,364,686
0.0,28,0,361,686
0.0,30,0,368,686
0.0,27,0,293,686
43.0,1,2,304,686
6.0,10,0,340,686
0.0,32,0,394,687
0.0,39,0,393,687
0.0,35,0,371,687
0.0,26,0,392,687
0.0,25,0,370,687
0.0,42,0,377,687
0.0,41,0,379,687
0.0,37,0,365,687
0.0,33,0,391,687
1.0,20,0,235,687
0.0,22,0,262,687
0.0,34,0,351,687
0.0,23,0,390,687
0.0,24,0,322,687
1.0,21,0,389,687
2.0,15,0,388,687
1.0,19,0,375,687
2.0,17,0,387,687
0.0,40,0,386,687
0.0,38,0,306,687
0.0,36,0,359,687
0.0,27,0,385,687
3.0,14,0,360,687
20.0,4,0,278,687
10.0,8,0,328,687
23.0,3,2,373,687
2.0,18,0,347,687
7.0,10,0,374,687
6.0,12,0,358,687
3.0,13,0,346,687
13.0,7,1,364,687
0.0,29,0,361,687
0.0,30,0,384,687
43.0,1,2,304,687
6.0,11,0,340,687
0.0,40,0,382,688
0.0,33,0,394,688
0.0,39,0,393,688
0.0,36,0,371,688
0.0,27,0,392,688
0.0,26,0,370,688
0.0,43,0,377,688
0.0,42,0,379,688
0.0,38,0,365,688
0.0,34,0,391,688
1.0,19,0,235,688
0.0,22,0,262,688
0.0,35,0,351,688
0.0,23,0,390,688
0.0,25,0,322,688
1.0,21,0,389,688
2.0,16,0,388,688
1.0,20,0,375,688
2.0,18,0,387,688
0.0,41,0,386,688
0.0,24,0,306,688
0.0,37,0,359,688
0.0,28,0,385,688
3.0,14,0,360,688
20.0,4,0,278,688
10.0,9,0,328,688
15.0,6,0,289,688
32.0,3,3,373,688
3.0,15,0,347,688
7.0,10,0,374,688
6.0,13,0,358,688
6.0,12,0,346,688
13.0,8,1,364,688
0.0,30,0,361,688
0.0,31,0,384,688
2.0,17,0,383,688
6.0,11,0,340,688
0.0,26,0,395,689
0.0,39,0,382,689
0.0,34,0,394,689
0.0,41,0,393,689
0.0,37,0,371,689
0.0,28,0,392,689
0.0,27,0,370,689
0.0,44,0,377,689
0.0,43,0,379,689
0.0,40,0,365,689
0.0,35,0,391,689
1.0,19,0,235,689
0.0,22,0,262,689
0.0,36,0,351,689
0.0,24,0,390,689
0.0,25,0,322,689
1.0,21,0,389,689
2.0,16,0,388,689
1.0,20,0,375,689
2.0,18,0,387,689
0.0,42,0,386,689
0.0,23,0,306,689
0.0,38,0,359,689
0.0,29,0,385,689
3.0,14,0,360,689
20.0,5,0,278,689
10.0,9,0,328,689
15.0,7,0,289,689
41.0,3,4,373,689
3.0,15,0,347,689
9.0,10,0,374,689
6.0,13,0,358,689
6.0,12,0,346,689
13.0,8,1,364,689
0.0,31,0,361,689
0.0,33,0,368,689
0.0,30,0,293,689
51.0,1,2,304,689
6.0,11,0,340,689
0.0,16,0,383,690
0.0,15,0,360,690
0.0,14,0,304,690
0.0,13,0,341,690
0.0,12,0,356,690
0.0,11,0,374,690
0.0,10,0,346,690
0.0,9,0,358,690
0.0,8,0,373,690
0.0,7,0,347,690
0.0,6,0,389,690
0.0,5,0,386,690
3.0,4,0,396,690
4.0,3,0,289,690
6.0,2,0,385,690
9.0,1,1,328,690
0.0,19,0,398,691
0.0,18,0,397,691
0.0,11,0,364,691
0.0,17,0,383,691
0.0,16,0,360,691
0.0,15,0,304,691
9.0,3,1,341,691
3.0,6,0,356,691
0.0,13,0,374,691
0.0,14,0,346,691
6.0,4,0,358,691
0.0,12,0,373,691
0.0,10,0,347,691
0.0,9,0,389,691
2.0,8,0,386,691
3.0,7,0,396,691
4.0,5,0,289,691
10.0,1,0,385,691
9.0,2,1,328,691
0.0,20,0,345,692
0.0,14,0,278,692
1.0,12,0,399,692
6.0,6,0,387,692
0.0,23,0,398,692
0.0,22,0,397,692
2.0,11,0,364,692
0.0,13,0,383,692
0.0,21,0,360,692
4.0,8,0,304,692
9.0,4,1,341,692
12.0,1,1,356,692
0.0,18,0,374,692
0.0,19,0,346,692
9.0,5,0,358,692
0.0,17,0,373,692
0.0,16,0,347,692
0.0,15,0,389,692
2.0,10,0,386,692
3.0,9,0,396,692
4.0,7,0,289,692
10.0,2,0,385,692
9.0,3,1,328,692
0.0,26,0,401,693
0.0,19,0,400,693
0.0,16,0,388,693
0.0,23,0,345,693
0.0,17,0,278,693
1.0,13,0,399,693
6.0,8,0,387,693
0.0,25,0,398,693
0.0,24,0,397,693
2.0,12,0,364,693
0.0,15,0,383,693
1.0,14,0,360,693
10.0,4,0,304,693
9.0,6,1,341,693
21.0,1,2,356,693
0.0,21,0,374,693
0.0,22,0,346,693
11.0,2,0,358,693
3.0,10,0,373,693
0.0,20,0,347,693
0.0,18,0,389,693
2.0,11,0,386,693
3.0,9,0,396,693
8.0,7,0,289,693
10.0,3,0,385,693
9.0,5,1,328,693
0.0,26,0,401,694
0.0,21,0,400,694
0.0,18,0,388,694
0.0,23,0,345,694
0.0,19,0,278,694
1.0,14,0,399,694
6.0,9,0,387,694
0.0,25,0,398,694
0.0,24,0,397,694
2.0,12,0,364,694
0.0,17,0,383,694
1.0,15,0,360,694
10.0,6,0,304,694
9.0,7,1,341,694
30.0,1,3,356,694
2.0,13,0,374,694
0.0,22,0,346,694
11.0,5,0,358,694
7.0,8,0,373,694
0.0,16,0,347,694
0.0,20,0,389,694
2.0,11,0,386,694
3.0,10,0,396,694
14.0,2,0,289,694
11.0,4,0,385,694
12.0,3,1,328,694
0.0,25,0,375,695
0.0,27,0,401,695
0.0,22,0,400,695
0.0,18,0,388,695
0.0,24,0,345,695
0.0,20,0,278,695
1.0,14,0,399,695
6.0,9,0,387,695
0.0,26,0,398,695
0.0,19,0,397,695
2.0,11,0,364,695
0.0,17,0,383,695
1.0,15,0,360,695
10.0,7,0,304,695
15.0,3,1,341,695
39.0,1,4,356,695
2.0,13,0,374,695
0.0,23,0,346,695
15.0,4,0,358,695
7.0,8,0,373,695
0.0,16,0,347,695
0.0,21,0,389,695
2.0,12,0,386,695
3.0,10,0,396,695
17.0,2,0,289,695
12.0,6,0,385,695
14.0,5,1,328,695
0.0,30,0,403,696
0.0,26,0,394,696
0.0,23,0,402,696
9.0,9,1,375,696
0.0,29,0,401,696
0.0,24,0,400,696
0.0,19,0,388,696
0.0,27,0,345,696
0.0,21,0,278,696
1.0,16,0,399,696
12.0,7,0,387,696
0.0,28,0,398,696
0.0,20,0,397,696
2.0,13,0,364,696
1.0,15,0,383,696
1.0,17,0,360,696
14.0,6,0,304,696
15.0,4,1,341,696
39.0,1,4,356,696
4.0,11,0,374,696
0.0,25,0,346,696
18.0,2,0,358,696
7.0,10,0,373,696
0.0,18,0,347,696
0.0,22,0,389,696
2.0,14,0,386,696
3.0,12,0,396,696
17.0,3,0,289,696
12.0,8,0,385,696
14.0,5,1,328,696
0.0,29,0,405,697
0.0,26,0,404,697
0.0,32,0,403,697
0.0,28,0,394,697
0.0,24,0,402,697
9.0,10,1,375,697
0.0,31,0,401,697
0.0,25,0,400,697
0.0,21,0,388,697
0.0,27,0,345,697
0.0,22,0,278,697
1.0,19,0,399,697
12.0,8,0,387,697
0.0,30,0,398,697
1.0,18,0,397,697
2.0,15,0,364,697
1.0,17,0,383,697
3.0,14,0,360,697
14.0,7,0,304,697
19.0,3,1,341,697
39.0,1,4,356,697
4.0,11,0,374,697
3.0,13,0,346,697
22.0,2,0,358,697
16.0,5,1,373,697
0.0,20,0,347,697
0.0,23,0,389,697
2.0,16,0,386,697
3.0,12,0,396,697
17.0,4,0,289,697
12.0,9,0,385,697
14.0,6,1,328,697
0.0,30,0,382,698
0.0,22,0,405,698
0.0,27,0,404,698
0.0,33,0,403,698
0.0,29,0,394,698
0.0,25,0,402,698
9.0,10,1,375,698
0.0,32,0,401,698
0.0,26,0,400,698
0.0,21,0,388,698
0.0,28,0,345,698
0.0,23,0,278,698
1.0,20,0,399,698
12.0,8,0,387,698
0.0,31,0,398,698
1.0,17,0,397,698
4.0,12,0,364,698
1.0,19,0,383,698
3.0,16,0,360,698
18.0,4,0,304,698
28.0,2,2,341,698
42.0,1,4,356,698
4.0,13,0,374,698
3.0,15,0,346,698
22.0,3,0,358,698
16.0,6,1,373,698
1.0,18,0,347,698
0.0,24,0,389,698
5.0,11,0,386,698
3.0,14,0,396,698
17.0,5,0,289,698
12.0,9,0,385,698
14.0,7,1,328,698
0.0,31,0,417,699
0.0,30,0,416,699
0.0,29,0,415,699
0.0,28,0,293,699
0.0,27,0,334,699
0.0,26,0,414,699
0.0,25,0,413,699
0.0,24,0,412,699
0.0,23,0,411,699
0.0,22,0,410,699
0.0,21,0,409,699
0.0,20,0,364,699
0.0,19,0,340,699
0.0,18,0,358,699
0.0,17,0,347,699
0.0,16,0,383,699
0.0,15,0,385,699
0.0,14,0,407,699
0.0,13,0,368,699
0.0,12,0,380,699
0.0,11,0,408,699
0.0,10,0,362,699
0.0,9,0,406,699
0.0,8,0,356,699
0.0,7,0,346,699
1.0,6,0,328,699
2.0,5,0,360,699
3.0,4,0,374,699
4.0,3,0,289,699
6.0,2,0,341,699
9.0,1,1,373,699
0.0,22,0,386,700
0.0,21,0,305,700
0.0,20,0,405,700
0.0,19,0,370,700
0.0,11,0,304,700
0.0,36,0,417,700
0.0,35,0,416,700
0.0,34,0,415,700
0.0,33,0,293,700
0.0,32,0,334,700
0.0,31,0,414,700
0.0,30,0,413,700
0.0,29,0,412,700
0.0,28,0,411,700
0.0,27,0,410,700
0.0,26,0,409,700
0.0,25,0,364,700
0.0,24,0,340,700
0.0,23,0,358,700
0.0,9,0,347,700
0.0,13,0,383,700
6.0,4,0,385,700
0.0,18,0,407,700
0.0,17,0,368,700
0.0,16,0,380,700
0.0,15,0,408,700
0.0,14,0,362,700
0.0,12,0,406,700
0.0,10,0,356,700
1.0,8,0,346,700
5.0,5,0,328,700
4.0,6,0,360,700
3.0,7,0,374,700
13.0,1,1,289,700
9.0,3,0,341,700
9.0,2,1,373,700
0.0,26,0,418,701
0.0,21,0,404,701
0.0,20,0,376,701
1.0,10,0,386,701
0.0,27,0,305,701
0.0,25,0,405,701
0.0,23,0,370,701
0.0,12,0,304,701
0.0,39,0,417,701
0.0,38,0,416,701
0.0,37,0,415,701
0.0,36,0,293,701
0.0,35,0,334,701
0.0,34,0,414,701
0.0,33,0,413,701
0.0,32,0,412,701
0.0,31,0,411,701
0.0,30,0,410,701
0.0,29,0,409,701
0.0,15,0,364,701
0.0,28,0,340,701
0.0,17,0,358,701
0.0,11,0,347,701
0.0,14,0,383,701
6.0,6,0,385,701
0.0,24,0,407,701
0.0,22,0,368,701
0.0,19,0,380,701
0.0,18,0,408,701
0.0,16,0,362,701
0.0,13,0,406,701
3.0,8,0,356,701
1.0,9,0,346,701
11.0,3,0,328,701
8.0,5,0,360,701
3.0,7,0,374,701
15.0,2,1,289,701
9.0,4,0,341,701
18.0,1,2,373,701
0.0,25,0,278,702
0.0,27,0,418,702
0.0,21,0,404,702
0.0,20,0,376,702
1.0,11,0,386,702
0.0,28,0,305,702
0.0,26,0,405,702
0.0,23,0,370,702
3.0,9,0,304,702
0.0,40,0,417,702
0.0,39,0,416,702
0.0,38,0,415,702
0.0,37,0,293,702
0.0,36,0,334,702
0.0,35,0,414,702
0.0,34,0,413,702
0.0,33,0,412,702
0.0,32,0,411,702
0.0,31,0,410,702
0.0,30,0,409,702
0.0,15,0,364,702
0.0,29,0,340,702
0.0,17,0,358,702
0.0,12,0,347,702
0.0,13,0,383,702
6.0,6,0,385,702
0.0,24,0,407,702
0.0,22,0,368,702
0.0,19,0,380,702
0.0,18,0,408,702
0.0,16,0,362,702
0.0,14,0,406,702
3.0,8,0,356,702
2.0,10,0,346,702
17.0,3,0,328,702
8.0,5,0,360,702
3.0,7,0,374,702
17.0,2,1,289,702
13.0,4,0,341,702
27.0,1,3,373,702
0.0,35,0,422,703
0.0,34,0,421,703
0.0,30,0,419,703
0.0,20,0,420,703
0.0,27,0,278,703
0.0,21,0,418,703
0.0,24,0,404,703
0.0,22,0,376,703
1.0,12,0,386,703
0.0,29,0,305,703
0.0,28,0,405,703
0.0,23,0,370,703
3.0,9,0,304,703
0.0,44,0,417,703
0.0,43,0,416,703
0.0,42,0,415,703
0.0,41,0,293,703
0.0,40,0,334,703
0.0,39,0,414,703
0.0,38,0,413,703
0.0,37,0,412,703
0.0,36,0,411,703
0.0,33,0,410,703
0.0,32,0,409,703
1.0,11,0,364,703
0.0,31,0,340,703
0.0,18,0,358,703
0.0,13,0,347,703
0.0,15,0,383,703
6.0,6,0,385,703
0.0,26,0,407,703
0.0,25,0,368,703
0.0,14,0,380,703
0.0,19,0,408,703
0.0,17,0,362,703
0.0,16,0,406,703
3.0,8,0,356,703
2.0,10,0,346,703
19.0,3,0,328,703
8.0,5,0,360,703
6.0,7,0,374,703
23.0,2,1,289,703
17.0,4,0,341,703
36.0,1,4,373,703
0.0,35,0,422,704
0.0,34,0,421,704
0.0,30,0,419,704
0.0,21,0,420,704
0.0,27,0,278,704
0.0,23,0,418,704
0.0,17,0,404,704
0.0,24,0,376,704
2.0,12,0,386,704
0.0,29,0,305,704
0.0,28,0,405,704
0.0,22,0,370,704
5.0,9,0,304,704
0.0,44,0,417,704
0.0,43,0,416,704
0.0,42,0,415,704
0.0,41,0,293,704
0.0,40,0,334,704
0.0,39,0,414,704
0.0,38,0,413,704
0.0,37,0,412,704
0.0,36,0,411,704
0.0,33,0,410,704
0.0,32,0,409,704
5.0,8,0,364,704
0.0,31,0,340,704
0.0,19,0,358,704
0.0,13,0,347,704
0.0,15,0,383,704
6.0,6,0,385,704
0.0,26,0,407,704
0.0,25,0,368,704
0.0,14,0,380,704
0.0,20,0,408,704
0.0,18,0,362,704
0.0,16,0,406,704
3.0,10,0,356,704
2.0,11,0,346,704
25.0,3,0,328,704
8.0,5,0,360,704
6.0,7,0,374,704
26.0,2,1,289,704
17.0,4,0,341,704
45.0,1,5,373,704
0.0,33,0,424,705
0.0,28,0,423,705
0.0,37,0,422,705
0.0,36,0,421,705
0.0,31,0,419,705
0.0,21,0,420,705
0.0,27,0,278,705
0.0,16,0,418,705
0.0,19,0,404,705
0.0,24,0,376,705
2.0,13,0,386,705
0.0,30,0,305,705
0.0,29,0,405,705
0.0,23,0,370,705
5.0,10,0,304,705
0.0,46,0,417,705
0.0,45,0,416,705
0.0,44,0,415,705
0.0,43,0,293,705
0.0,42,0,334,705
0.0,41,0,414,705
0.0,40,0,413,705
0.0,39,0,412,705
0.0,38,0,411,705
0.0,35,0,410,705
0.0,34,0,409,705
9.0,5,0,364,705
0.0,32,0,340,705
3.0,11,0,358,705
0.0,14,0,347,705
0.0,17,0,383,705
7.0,7,0,385,705
0.0,26,0,407,705
0.0,25,0,368,705
0.0,15,0,380,705
0.0,22,0,408,705
0.0,20,0,362,705
0.0,18,0,406,705
5.0,9,0,356,705
2.0,12,0,346,705
25.0,3,0,328,705
8.0,6,0,360,705
6.0,8,0,374,705
30.0,2,1,289,705
17.0,4,0,341,705
54.0,1,6,373,705
0.0,40,0,426,706
0.0,37,0,394,706
0.0,34,0,402,706
0.0,25,0,425,706
0.0,26,0,424,706
0.0,30,0,423,706
0.0,41,0,422,706
0.0,39,0,421,706
0.0,33,0,419,706
0.0,22,0,420,706
0.0,29,0,278,706
0.0,17,0,418,706
0.0,19,0,404,706
0.0,24,0,376,706
2.0,13,0,386,706
0.0,32,0,305,706
0.0,31,0,405,706
1.0,14,0,370,706
5.0,10,0,304,706
0.0,50,0,417,706
0.0,49,0,416,706
0.0,48,0,415,706
0.0,47,0,293,706
0.0,46,0,334,706
0.0,45,0,414,706
0.0,44,0,413,706
0.0,43,0,412,706
0.0,42,0,411,706
0.0,38,0,410,706
0.0,36,0,409,706
13.0,5,0,364,706
0.0,35,0,340,706
3.0,11,0,358,706
0.0,15,0,347,706
0.0,18,0,383,706
10.0,6,0,385,706
0.0,28,0,407,706
0.0,27,0,368,706
0.0,16,0,380,706
0.0,23,0,408,706
0.0,21,0,362,706
0.0,20,0,406,706
5.0,9,0,356,706
2.0,12,0,346,706
33.0,3,1,328,706
10.0,7,0,360,706
6.0,8,0,374,706
34.0,2,1,289,706
17.0,4,0,341,706
54.0,1,6,373,706
0.0,27,0,382,707
0.0,22,0,396,707
2.0,12,0,345,707
0.0,43,0,426,707
0.0,40,0,394,707
0.0,37,0,402,707
0.0,28,0,425,707
0.0,30,0,424,707
0.0,34,0,423,707
0.0,44,0,422,707
0.0,42,0,421,707
0.0,36,0,419,707
0.0,24,0,420,707
0.0,33,0,278,707
0.0,18,0,418,707
0.0,20,0,404,707
0.0,26,0,376,707
2.0,14,0,386,707
0.0,35,0,305,707
0.0,29,0,405,707
1.0,15,0,370,707
5.0,10,0,304,707
0.0,53,0,417,707
0.0,52,0,416,707
0.0,51,0,415,707
0.0,50,0,293,707
0.0,49,0,334,707
0.0,48,0,414,707
0.0,47,0,413,707
0.0,46,0,412,707
0.0,45,0,411,707
0.0,41,0,410,707
0.0,39,0,409,707
19.0,4,0,364,707
0.0,38,0,340,707
4.0,11,0,358,707
0.0,16,0,347,707
0.0,19,0,383,707
13.0,6,0,385,707
0.0,32,0,407,707
0.0,31,0,368,707
0.0,17,0,380,707
0.0,25,0,408,707
0.0,23,0,362,707
0.0,21,0,406,707
9.0,8,0,356,707
2.0,13,0,346,707
33.0,3,1,328,707
10.0,7,0,360,707
6.0,9,0,374,707
40.0,2,2,289,707
17.0,5,0,341,707
54.0,1,6,373,707
0.0,39,0,375,708
0.0,27,0,382,708
0.0,23,0,396,708
2.0,14,0,345,708
0.0,44,0,426,708
0.0,41,0,394,708
0.0,37,0,402,708
0.0,29,0,425,708
0.0,30,0,424,708
0.0,34,0,423,708
0.0,45,0,422,708
0.0,43,0,421,708
0.0,36,0,419,708
0.0,25,0,420,708
0.0,33,0,278,708
0.0,19,0,418,708
0.0,21,0,404,708
0.0,28,0,376,708
11.0,7,1,386,708
0.0,35,0,305,708
2.0,15,0,405,708
2.0,16,0,370,708
5.0,11,0,304,708
0.0,54,0,417,708
0.0,53,0,416,708
0.0,52,0,415,708
0.0,51,0,293,708
0.0,50,0,334,708
0.0,49,0,414,708
0.0,48,0,413,708
0.0,47,0,412,708
0.0,46,0,411,708
0.0,42,0,410,708
0.0,40,0,409,708
25.0,4,0,364,708
0.0,38,0,340,708
4.0,13,0,358,708
0.0,17,0,347,708
0.0,20,0,383,708
13.0,6,0,385,708
0.0,32,0,407,708
0.0,31,0,368,708
0.0,18,0,380,708
0.0,26,0,408,708
0.0,24,0,362,708
0.0,22,0,406,708
9.0,10,0,356,708
5.0,12,0,346,708
33.0,3,1,328,708
10.0,9,0,360,708
10.0,8,0,374,708
40.0,2,2,289,708
17.0,5,0,341,708
54.0,1,6,373,708
0.0,23,0,408,709
0.0,22,0,394,709
0.0,21,0,429,709
0.0,20,0,404,709
0.0,19,0,428,709
0.0,18,0,309,709
0.0,17,0,278,709
0.0,16,0,401,709
0.0,15,0,341,709
0.0,14,0,360,709
0.0,13,0,356,709
0.0,12,0,427,709
0.0,11,0,364,709
0.0,10,0,385,709
0.0,9,0,403,709
0.0,8,0,346,709
0.0,7,0,383,709
1.0,6,0,305,709
2.0,5,0,347,709
3.0,4,0,373,709
4.0,3,0,397,709
6.0,2,0,386,709
9.0,1,1,289,709
0.0,19,0,430,710
0.0,20,0,408,710
0.0,14,0,394,710
0.0,24,0,429,710
0.0,23,0,404,710
0.0,22,0,428,710
0.0,21,0,309,710
2.0,7,0,278,710
0.0,18,0,401,710
6.0,5,0,341,710
0.0,10,0,360,710
0.0,17,0,356,710
0.0,16,0,427,710
0.0,15,0,364,710
0.0,13,0,385,710
0.0,11,0,403,710
0.0,12,0,346,710
1.0,8,0,383,710
1.0,9,0,305,710
2.0,6,0,347,710
12.0,1,1,373,710
8.0,3,0,397,710
6.0,4,0,386,710
12.0,2,1,289,710
0.0,21,0,430,711
0.0,22,0,408,711
0.0,15,0,394,711
0.0,20,0,429,711
0.0,18,0,404,711
0.0,24,0,428,711
0.0,23,0,309,711
2.0,9,0,278,711
0.0,13,0,401,711
6.0,6,0,341,711
6.0,5,0,360,711
4.0,7,0,356,711
0.0,19,0,427,711
1.0,12,0,364,711
0.0,17,0,385,711
0.0,14,0,403,711
0.0,16,0,346,711
1.0,10,0,383,711
1.0,11,0,305,711
2.0,8,0,347,711
21.0,1,2,373,711
8.0,4,0,397,711
9.0,3,0,386,711
14.0,2,1,289,711
0.0,21,0,430,712
0.0,22,0,408,712
0.0,15,0,394,712
0.0,20,0,429,712
0.0,18,0,404,712
0.0,24,0,428,712
0.0,23,0,309,712
2.0,10,0,278,712
0.0,14,0,401,712
6.0,8,0,341,712
7.0,7,0,360,712
8.0,6,0,356,712
0.0,19,0,427,712
10.0,5,1,364,712
0.0,17,0,385,712
0.0,13,0,403,712
0.0,16,0,346,712
1.0,11,0,383,712
1.0,12,0,305,712
2.0,9,0,347,712
21.0,1,2,373,712
11.0,4,0,397,712
11.0,3,0,386,712
20.0,2,1,289,712
0.0,29,0,370,713
0.0,28,0,380,713
0.0,26,0,420,713
0.0,21,0,399,713
0.0,18,0,374,713
0.0,25,0,430,713
0.0,24,0,408,713
0.0,16,0,394,713
0.0,22,0,429,713
0.0,19,0,404,713
0.0,27,0,428,713
0.0,23,0,309,713
2.0,11,0,278,713
0.0,15,0,401,713
10.0,7,0,341,713
7.0,8,0,360,713
11.0,5,0,356,713
0.0,20,0,427,713
10.0,6,1,364,713
2.0,9,0,385,713
1.0,13,0,403,713
0.0,17,0,346,713
1.0,12,0,383,713
1.0,14,0,305,713
2.0,10,0,347,713
30.0,1,3,373,713
11.0,4,0,397,713
11.0,3,0,386,713
26.0,2,1,289,713
0.0,28,0,431,714
0.0,23,0,405,714
0.0,21,0,423,714
0.0,32,0,370,714
0.0,31,0,380,714
0.0,29,0,420,714
0.0,25,0,399,714
0.0,19,0,374,714
0.0,27,0,430,714
1.0,17,0,408,714
0.0,20,0,394,714
0.0,26,0,429,714
0.0,22,0,404,714
0.0,30,0,428,714
0.0,24,0,309,714
2.0,12,0,278,714
0.0,18,0,401,714
19.0,3,1,341,714
7.0,8,0,360,714
11.0,6,0,356,714
2.0,13,0,427,714
10.0,7,1,364,714
6.0,9,0,385,714
1.0,15,0,403,714
3.0,10,0,346,714
1.0,14,0,383,714
1.0,16,0,305,714
2.0,11,0,347,714
30.0,2,3,373,714
11.0,5,0,397,714
11.0,4,0,386,714
32.0,1,1,289,714
0.0,26,0,358,715
0.0,29,0,431,715
0.0,23,0,405,715
0.0,22,0,423,715
0.0,33,0,370,715
0.0,32,0,380,715
0.0,30,0,420,715
0.0,25,0,399,715
0.0,21,0,374,715
0.0,28,0,430,715
4.0,11,0,408,715
0.0,19,0,394,715
0.0,27,0,429,715
2.0,14,0,404,715
0.0,31,0,428,715
0.0,24,0,309,715
2.0,15,0,278,715
0.0,20,0,401,715
19.0,3,1,341,715
7.0,9,0,360,715
11.0,6,0,356,715
2.0,16,0,427,715
10.0,8,1,364,715
15.0,5,1,385,715
1.0,17,0,403,715
3.0,12,0,346,715
5.0,10,0,383,715
1.0,18,0,305,715
3.0,13,0,347,715
30.0,2,3,373,715
11.0,7,0,397,715
17.0,4,0,386,715
32.0,1,1,289,715
0.0,36,0,340,716
0.0,34,0,402,716
0.0,29,0,432,716
0.0,23,0,375,716
0.0,27,0,358,716
0.0,32,0,431,716
0.0,25,0,405,716
0.0,22,0,423,716
0.0,37,0,370,716
0.0,35,0,380,716
0.0,31,0,420,716
0.0,26,0,399,716
1.0,19,0,374,716
0.0,30,0,430,716
4.0,11,0,408,716
0.0,20,0,394,716
0.0,28,0,429,716
4.0,12,0,404,716
0.0,33,0,428,716
0.0,24,0,309,716
2.0,15,0,278,716
0.0,21,0,401,716
28.0,3,2,341,716
13.0,6,0,360,716
11.0,7,0,356,716
2.0,16,0,427,716
10.0,9,1,364,716
19.0,5,1,385,716
1.0,17,0,403,716
3.0,13,0,346,716
5.0,10,0,383,716
1.0,18,0,305,716
3.0,14,0,347,716
30.0,2,3,373,716
11.0,8,0,397,716
20.0,4,0,386,716
32.0,1,1,289,716
0.0,29,0,434,717
2.0,17,0,433,717
0.0,38,0,340,717
0.0,36,0,402,717
0.0,31,0,432,717
0.0,24,0,375,717
0.0,28,0,358,717
0.0,34,0,431,717
0.0,26,0,405,717
0.0,23,0,423,717
0.0,39,0,370,717
0.0,37,0,380,717
0.0,33,0,420,717
0.0,27,0,399,717
1.0,21,0,374,717
0.0,32,0,430,717
4.0,12,0,408,717
0.0,22,0,394,717
0.0,30,0,429,717
4.0,13,0,404,717
0.0,35,0,428,717
0.0,25,0,309,717
2.0,15,0,278,717
1.0,19,0,401,717
34.0,2,2,341,717
13.0,6,0,360,717
11.0,7,0,356,717
2.0,16,0,427,717
10.0,9,1,364,717
19.0,5,1,385,717
1.0,18,0,403,717
7.0,10,0,346,717
5.0,11,0,383,717
1.0,20,0,305,717
3.0,14,0,347,717
30.0,3,3,373,717
11.0,8,0,397,717
23.0,4,0,386,717
39.0,1,2,289,717
0.0,26,0,382,718
1.0,22,0,345,718
0.0,28,0,434,718
2.0,18,0,433,718
0.0,40,0,340,718
0.0,38,0,402,718
0.0,33,0,432,718
0.0,25,0,375,718
0.0,31,0,358,718
0.0,36,0,431,718
0.0,29,0,405,718
0.0,24,0,423,718
0.0,41,0,370,718
0.0,39,0,380,718
0.0,35,0,420,718
0.0,30,0,399,718
4.0,12,0,374,718
0.0,34,0,430,718
4.0,13,0,408,718
0.0,23,0,394,718
0.0,32,0,429,718
4.0,14,0,404,718
0.0,37,0,428,718
0.0,27,0,309,718
2.0,16,0,278,718
1.0,20,0,401,718
40.0,1,2,341,718
13.0,7,0,360,718
11.0,8,0,356,718
2.0,17,0,427,718
19.0,6,2,364,718
23.0,4,1,385,718
1.0,19,0,403,718
7.0,10,0,346,718
5.0,11,0,383,718
1.0,21,0,305,718
3.0,15,0,347,718
32.0,3,3,373,718
11.0,9,0,397,718
23.0,5,0,386,718
39.0,2,2,289,718
0.0,25,0,430,719
0.0,24,0,385,719
0.0,23,0,439,719
0.0,22,0,438,719
0.0,21,0,437,719
0.0,20,0,436,719
0.0,19,0,394,719
0.0,18,0,403,719
0.0,17,0,428,719
0.0,16,0,278,719
0.0,15,0,346,719
0.0,14,0,440,719
0.0,13,0,364,719
0.0,12,0,427,719
0.0,11,0,435,719
0.0,10,0,404,719
0.0,9,0,356,719
0.0,8,0,373,719
0.0,7,0,347,719
1.0,6,0,401,719
2.0,5,0,408,719
3.0,4,0,341,719
4.0,3,0,360,719
6.0,2,0,386,719
9.0,1,1,289,719
0.0,26,0,375,720
0.0,25,0,397,720
2.0,8,0,408,720
2.0,7,0,347,720
0.0,15,0,376,720
1.0,10,0,430,720
0.0,27,0,385,720
0.0,11,0,438,720
0.0,24,0,437,720
0.0,23,0,436,720
0.0,22,0,394,720
0.0,19,0,403,720
0.0,21,0,428,720
0.0,20,0,278,720
0.0,18,0,346,720
0.0,16,0,440,720
4.0,5,0,364,720
0.0,17,0,427,720
0.0,14,0,435,720
0.0,13,0,404,720
0.0,12,0,356,720
9.0,2,1,373,720
1.0,9,0,401,720
0.0,24,0,423,721
1.0,12,0,375,721
0.0,27,0,397,721
0.0,18,0,376,721
1.0,10,0,430,721
0.0,28,0,385,721
0.0,29,0,439,721
0.0,15,0,438,721
0.0,26,0,437,721
0.0,25,0,436,721
0.0,22,0,394,721
0.0,21,0,403,721
0.0,23,0,428,721
0.0,20,0,278,721
0.0,13,0,346,721
0.0,14,0,440,721
10.0,3,0,364,721
0.0,19,0,427,721
0.0,17,0,435,721
2.0,9,0,408,721
9.0,5,1,289,721
11.0,2,0,386,721
0.0,24,0,418,722
0.0,26,0,423,722
0.0,29,0,397,722
1.0,14,0,375,722
3.0,9,0,356,722
0.0,21,0,376,722
1.0,12,0,430,722
0.0,19,0,385,722
0.0,30,0,439,722
0.0,18,0,438,722
0.0,28,0,437,722
0.0,27,0,436,722
0.0,23,0,394,722
0.0,22,0,403,722
0.0,25,0,428,722
0.0,15,0,278,722
1.0,11,0,346,722
0.0,16,0,440,722
12.0,2,0,364,722
0.0,17,0,427,722
3.0,8,0,404,722
27.0,1,3,373,722
2.0,10,0,347,722
36.0,1,4,373,723
3.0,9,0,356,723
3.0,8,0,404,723
0.0,24,0,435,723
0.0,18,0,427,723
12.0,5,0,364,723
1.0,13,0,440,723
1.0,12,0,346,723
0.0,17,0,278,723
0.0,28,0,428,723
0.0,26,0,403,723
0.0,27,0,394,723
0.0,23,0,436,723
0.0,30,0,437,723
0.0,29,0,420,723
0.0,22,0,383,723
0.0,20,0,305,723
0.0,21,0,418,723
0.0,31,0,423,723
1.0,16,0,375,723
0.0,32,0,397,723
0.0,25,0,376,723
2.0,11,0,385,723
0.0,33,0,439,723
0.0,37,0,442,724
0.0,26,0,435,724
0.0,19,0,427,724
12.0,5,0,364,724
3.0,12,0,440,724
1.0,14,0,346,724
0.0,18,0,278,724
0.0,22,0,428,724
0.0,28,0,403,724
0.0,31,0,394,724
0.0,25,0,436,724
0.0,30,0,437,724
0.0,20,0,438,724
0.0,34,0,439,724
2.0,13,0,385,724
1.0,16,0,430,724
0.0,36,0,441,724
0.0,35,0,429,724
0.0,29,0,432,724
0.0,32,0,420,724
0.0,24,0,383,724
0.0,21,0,305,724
0.0,23,0,418,724
3.0,10,0,423,724
1.0,17,0,375,724
0.0,33,0,397,724
3.0,11,0,347,724
42.0,1,4,373,724
0.0,43,0,447,725
0.0,42,0,446,725
0.0,40,0,444,725
0.0,41,0,445,725
0.0,19,0,427,725
0.0,38,0,443,725
0.0,27,0,374,725
0.0,39,0,442,725
0.0,37,0,441,725
0.0,36,0,429,725
0.0,31,0,432,725
0.0,33,0,420,725
0.0,25,0,383,725
0.0,20,0,305,725
0.0,24,0,418,725
3.0,10,0,423,725
1.0,17,0,375,725
0.0,34,0,397,725
0.0,30,0,376,725
13.0,5,1,289,725
1.0,16,0,430,725
2.0,13,0,385,725
0.0,35,0,439,725
0.0,21,0,438,725
0.0,32,0,437,725
0.0,26,0,436,725
0.0,28,0,394,725
0.0,23,0,403,725
0.0,22,0,428,725
0.0,18,0,278,725
1.0,14,0,346,725
12.0,6,0,364,725
0.0,29,0,435,725
6.0,8,0,404,725
5.0,9,0,356,725
51.0,1,5,373,725
3.0,11,0,347,725
1.0,15,0,401,725
0.0,42,0,450,726
0.0,30,0,435,726
0.0,20,0,427,726
12.0,6,0,364,726
3.0,13,0,440,726
1.0,15,0,346,726
0.0,18,0,278,726
0.0,23,0,428,726
0.0,39,0,433,726
0.0,37,0,434,726
0.0,35,0,345,726
0.0,33,0,449,726
0.0,19,0,448,726
0.0,49,0,447,726
0.0,48,0,446,726
0.0,47,0,445,726
0.0,46,0,444,726
0.0,44,0,443,726
0.0,28,0,374,726
0.0,45,0,442,726
0.0,43,0,441,726
0.0,32,0,432,726
0.0,36,0,420,726
0.0,26,0,383,726
0.0,21,0,305,726
0.0,25,0,418,726
3.0,11,0,423,726
1.0,17,0,375,726
0.0,38,0,397,726
0.0,31,0,376,726
2.0,14,0,430,726
4.0,10,0,385,726
51.0,1,5,373,726
8.0,8,0,356,726
0.0,22,0,438,726
0.0,27,0,436,726
0.0,29,0,394,726
0.0,32,0,435,727
0.0,21,0,427,727
13.0,7,0,364,727
3.0,13,0,440,727
1.0,15,0,346,727
0.0,18,0,278,727
0.0,24,0,428,727
14.0,6,0,356,727
0.0,45,0,452,727
0.0,41,0,451,727
0.0,27,0,382,727
0.0,44,0,450,727
0.0,40,0,433,727
0.0,19,0,434,727
0.0,36,0,345,727
0.0,35,0,449,727
0.0,20,0,448,727
0.0,52,0,447,727
0.0,51,0,446,727
0.0,50,0,445,727
0.0,49,0,444,727
0.0,47,0,443,727
0.0,30,0,374,727
0.0,48,0,442,727
0.0,46,0,441,727
0.0,43,0,429,727
0.0,34,0,432,727
0.0,38,0,420,727
0.0,28,0,383,727
0.0,22,0,305,727
0.0,26,0,418,727
1.0,17,0,375,727
0.0,39,0,397,727
0.0,33,0,376,727
2.0,14,0,430,727
4.0,11,0,385,727
0.0,42,0,439,727
0.0,23,0,438,727
0.0,37,0,437,727
0.0,31,0,394,727
0.0,22,0,427,729
0.0,21,0,458,729
0.0,20,0,457,729
0.0,19,0,356,729
0.0,18,0,341,729
0.0,17,0,456,729
0.0,16,0,360,729
0.0,15,0,364,729
0.0,14,0,455,729
0.0,13,0,418,729
0.0,12,0,404,729
0.0,11,0,386,729
0.0,10,0,454,729
0.0,9,0,373,729
0.0,8,0,453,729
0.0,7,0,347,729
1.0,6,0,430,729
2.0,5,0,408,729
3.0,4,0,394,729
4.0,3,0,403,729
6.0,2,0,401,729
9.0,1,1,289,729
0.0,28,0,459,730
0.0,27,0,424,730
0.0,26,0,425,730
0.0,23,0,346,730
0.0,11,0,435,730
4.0,5,0,385,730
0.0,22,0,427,730
0.0,25,0,458,730
0.0,24,0,457,730
0.0,13,0,356,730
3.0,6,0,341,730
0.0,18,0,456,730
9.0,3,1,360,730
0.0,20,0,364,730
0.0,21,0,455,730
0.0,19,0,418,730
0.0,15,0,404,730
0.0,17,0,386,730
0.0,16,0,454,730
0.0,14,0,373,730
0.0,12,0,453,730
2.0,8,0,347,730
1.0,10,0,430,730
2.0,9,0,408,730
3.0,7,0,394,730
10.0,2,0,403,730
6.0,4,0,401,730
10.0,1,1,289,730
0.0,32,0,461,731
0.0,30,0,460,731
0.0,19,0,436,731
0.0,17,0,376,731
0.0,27,0,459,731
0.0,31,0,424,731
0.0,29,0,425,731
0.0,18,0,346,731
0.0,14,0,435,731
4.0,7,0,385,731
0.0,15,0,427,731
0.0,28,0,458,731
0.0,26,0,457,731
1.0,13,0,356,731
5.0,6,0,341,731
0.0,22,0,456,731
9.0,4,1,360,731
0.0,24,0,364,731
0.0,25,0,455,731
0.0,23,0,418,731
0.0,20,0,404,731
0.0,21,0,386,731
3.0,8,0,454,731
9.0,3,1,373,731
0.0,16,0,453,731
2.0,10,0,347,731
1.0,12,0,430,731
2.0,11,0,408,731
3.0,9,0,394,731
14.0,2,0,403,731
6.0,5,0,401,731
16.0,1,1,289,731
0.0,33,0,437,732
0.0,30,0,446,732
0.0,28,0,462,732
0.0,26,0,397,732
0.0,36,0,461,732
0.0,34,0,460,732
0.0,21,0,436,732
0.0,19,0,376,732
0.0,27,0,459,732
0.0,35,0,424,732
0.0,32,0,425,732
0.0,20,0,346,732
0.0,17,0,435,732
4.0,10,0,385,732
0.0,16,0,427,732
0.0,31,0,458,732
0.0,29,0,457,732
1.0,15,0,356,732
7.0,7,0,341,732
0.0,23,0,456,732
12.0,3,1,360,732
9.0,5,1,364,732
0.0,25,0,455,732
0.0,24,0,418,732
0.0,22,0,404,732
4.0,9,0,386,732
3.0,11,0,454,732
9.0,4,1,373,732
0.0,18,0,453,732
2.0,13,0,347,732
2.0,14,0,430,732
8.0,6,0,408,732
3.0,12,0,394,732
14.0,2,0,403,732
6.0,8,0,401,732
16.0,1,1,289,732
0.0,37,0,465,733
0.0,34,0,464,733
0.0,25,0,463,733
0.0,23,0,438,733
0.0,24,0,437,733
0.0,33,0,446,733
0.0,31,0,462,733
0.0,29,0,397,733
0.0,40,0,461,733
0.0,38,0,460,733
0.0,22,0,436,733
0.0,20,0,376,733
0.0,30,0,459,733
0.0,39,0,424,733
0.0,36,0,425,733
0.0,21,0,346,733
0.0,18,0,435,733
4.0,10,0,385,733
0.0,16,0,427,733
0.0,35,0,458,733
0.0,32,0,457,733
3.0,13,0,356,733
13.0,5,0,341,733
0.0,27,0,456,733
16.0,3,1,360,733
9.0,6,1,364,733
0.0,28,0,455,733
0.0,17,0,418,733
0.0,26,0,404,733
4.0,9,0,386,733
3.0,11,0,454,733
18.0,2,2,373,733
0.0,19,0,453,733
2.0,14,0,347,733
2.0,15,0,430,733
9.0,7,0,408,733
3.0,12,0,394,733
14.0,4,0,403,733
6.0,8,0,401,733
19.0,1,1,289,733
0.0,43,0,445,734
0.0,42,0,428,734
0.0,25,0,466,734
0.0,33,0,465,734
0.0,36,0,464,734
0.0,27,0,463,734
0.0,24,0,438,734
0.0,22,0,437,734
0.0,37,0,446,734
0.0,34,0,462,734
0.0,31,0,397,734
0.0,41,0,461,734
0.0,39,0,460,734
0.0,23,0,436,734
0.0,20,0,376,734
0.0,32,0,459,734
0.0,40,0,424,734
0.0,26,0,425,734
0.0,21,0,346,734
0.0,18,0,435,734
4.0,10,0,385,734
0.0,16,0,427,734
0.0,38,0,458,734
0.0,35,0,457,734
3.0,13,0,356,734
19.0,3,0,341,734
0.0,29,0,456,734
18.0,4,1,360,734
13.0,6,1,364,734
0.0,30,0,455,734
0.0,17,0,418,734
0.0,28,0,404,734
4.0,9,0,386,734
4.0,11,0,454,734
21.0,2,2,373,734
0.0,19,0,453,734
2.0,14,0,347,734
2.0,15,0,430,734
9.0,7,0,408,734
3.0,12,0,394,734
14.0,5,0,403,734
6.0,8,0,401,734
28.0,1,2,289,734
0.0,47,0,442,735
0.0,45,0,439,735
0.0,44,0,444,735
0.0,43,0,467,735
0.0,46,0,445,735
0.0,42,0,428,735
0.0,26,0,466,735
0.0,33,0,465,735
0.0,36,0,464,735
0.0,27,0,463,735
0.0,24,0,438,735
0.0,23,0,437,735
0.0,37,0,446,735
0.0,34,0,462,735
0.0,31,0,397,735
0.0,41,0,461,735
0.0,39,0,460,735
0.0,25,0,436,735
0.0,21,0,376,735
0.0,32,0,459,735
0.0,40,0,424,735
0.0,20,0,425,735
0.0,22,0,346,735
3.0,13,0,435,735
4.0,11,0,385,735
0.0,17,0,427,735
0.0,38,0,458,735
0.0,35,0,457,735
3.0,15,0,356,735
19.0,4,0,341,735
0.0,29,0,456,735
22.0,2,1,360,735
13.0,6,1,364,735
0.0,30,0,455,735
0.0,18,0,418,735
0.0,28,0,404,735
10.0,7,0,386,735
4.0,12,0,454,735
21.0,3,2,373,735
0.0,19,0,453,735
3.0,14,0,347,735
2.0,16,0,430,735
9.0,8,0,408,735
5.0,10,0,394,735
14.0,5,0,403,735
6.0,9,0,401,735
36.0,1,3,289,735
0.0,39,0,440,736
0.0,34,0,470,736
0.0,29,0,434,736
0.0,25,0,469,736
0.0,23,0,468,736
0.0,52,0,442,736
0.0,50,0,439,736
0.0,49,0,444,736
0.0,48,0,467,736
0.0,51,0,445,736
0.0,47,0,428,736
0.0,30,0,466,736
0.0,37,0,465,736
0.0,41,0,464,736
0.0,31,0,463,736
0.0,27,0,438,736
0.0,26,0,437,736
0.0,42,0,446,736
0.0,38,0,462,736
0.0,35,0,397,736
0.0,46,0,461,736
0.0,44,0,460,736
0.0,28,0,436,736
0.0,22,0,376,736
0.0,36,0,459,736
0.0,45,0,424,736
0.0,21,0,425,736
0.0,24,0,346,736
3.0,14,0,435,736
4.0,12,0,385,736
0.0,18,0,427,736
0.0,43,0,458,736
0.0,40,0,457,736
6.0,10,0,356,736
19.0,4,0,341,736
0.0,32,0,456,736
24.0,3,1,360,736
15.0,5,1,364,736
0.0,33,0,455,736
1.0,17,0,418,736
0.0,20,0,404,736
10.0,7,0,386,736
4.0,13,0,454,736
30.0,2,3,373,736
0.0,19,0,453,736
3.0,15,0,347,736
2.0,16,0,430,736
9.0,8,0,408,736
5.0,11,0,394,736
14.0,6,0,403,736
6.0,9,0,401,736
39.0,1,3,289,736
0.0,52,0,368,737
0.0,44,0,474,737
0.0,42,0,473,737
0.0,39,0,472,737
0.0,37,0,411,737
0.0,28,0,413,737
0.0,25,0,471,737
0.0,22,0,340,737
1.0,19,0,410,737
0.0,47,0,440,737
0.0,40,0,470,737
0.0,33,0,434,737
0.0,29,0,469,737
0.0,26,0,468,737
0.0,61,0,442,737
0.0,59,0,439,737
0.0,58,0,444,737
0.0,57,0,467,737
0.0,60,0,445,737
0.0,56,0,428,737
0.0,34,0,466,737
0.0,45,0,465,737
0.0,49,0,464,737
0.0,35,0,463,737
0.0,31,0,438,737
0.0,30,0,437,737
0.0,50,0,446,737
0.0,46,0,462,737
0.0,41,0,397,737
0.0,55,0,461,737
0.0,53,0,460,737
0.0,32,0,436,737
0.0,24,0,376,737
0.0,43,0,459,737
0.0,54,0,424,737
0.0,23,0,425,737
0.0,27,0,346,737
3.0,14,0,435,737
4.0,12,0,385,737
0.0,20,0,427,737
0.0,51,0,458,737
0.0,48,0,457,737
9.0,9,0,356,737
19.0,4,0,341,737
0.0,36,0,456,737
27.0,3,1,360,737
15.0,5,1,364,737
0.0,38,0,455,737
1.0,18,0,418,737
2.0,16,0,404,737
10.0,8,0,386,737
4.0,13,0,454,737
30.0,2,3,373,737
0.0,21,0,453,737
3.0,15,0,347,737
2.0,17,0,430,737
13.0,7,0,408,737
5.0,11,0,394,737
14.0,6,0,403,737
6.0,10,0,401,737
42.0,1,4,289,737
0.0,21,0,482,738
0.0,20,0,376,738
0.0,19,0,418,738
0.0,18,0,481,738
0.0,17,0,404,738
0.0,16,0,289,738
0.0,15,0,356,738
0.0,14,0,480,738
0.0,13,0,479,738
0.0,12,0,347,738
0.0,11,0,341,738
0.0,10,0,373,738
0.0,9,0,478,738
0.0,8,0,477,738
0.0,7,0,427,738
1.0,6,0,360,738
2.0,5,0,364,738
3.0,4,0,476,738
4.0,3,0,403,738
6.0,2,0,386,738
9.0,1,1,475,738
0.0,20,0,437,739
0.0,17,0,430,739
0.0,16,0,401,739
0.0,24,0,482,739
0.0,23,0,376,739
0.0,19,0,418,739
0.0,22,0,481,739
0.0,21,0,404,739
0.0,11,0,289,739
1.0,8,0,356,739
0.0,18,0,480,739
0.0,13,0,479,739
0.0,15,0,347,739
0.0,9,0,341,739
4.0,5,0,373,739
0.0,14,0,478,739
0.0,12,0,477,739
0.0,10,0,427,739
1.0,7,0,360,739
2.0,6,0,364,739
12.0,2,1,476,739
10.0,3,0,403,739
8.0,4,0,386,739
12.0,1,1,475,739
0.0,29,0,455,740
0.0,28,0,459,740
0.0,27,0,435,740
0.0,22,0,385,740
0.0,17,0,453,740
0.0,24,0,437,740
0.0,19,0,430,740
0.0,20,0,401,740
3.0,6,0,482,740
0.0,26,0,376,740
0.0,18,0,418,740
0.0,25,0,481,740
0.0,23,0,404,740
0.0,13,0,289,740
1.0,10,0,356,740
0.0,21,0,480,740
0.0,15,0,479,740
0.0,11,0,347,740
2.0,8,0,341,740
4.0,5,0,373,740
0.0,16,0,478,740
0.0,14,0,477,740
0.0,12,0,427,740
1.0,9,0,360,740
3.0,7,0,364,740
18.0,2,1,476,740
19.0,1,1,403,740
12.0,4,0,386,740
12.0,3,1,475,740
0.0,35,0,484,741
0.0,34,0,485,741
0.0,33,0,428,741
0.0,30,0,483,741
0.0,17,0,456,741
9.0,5,1,394,741
0.0,32,0,455,741
0.0,31,0,459,741
0.0,28,0,435,741
0.0,27,0,385,741
0.0,20,0,453,741
0.0,26,0,437,741
0.0,23,0,430,741
0.0,25,0,401,741
3.0,9,0,482,741
0.0,29,0,376,741
0.0,21,0,418,741
0.0,22,0,481,741
3.0,8,0,404,741
1.0,12,0,289,741
1.0,13,0,356,741
0.0,24,0,480,741
0.0,18,0,479,741
0.0,14,0,347,741
2.0,11,0,341,741
8.0,7,0,373,741
0.0,19,0,478,741
0.0,16,0,477,741
0.0,15,0,427,741
3.0,10,0,360,741
9.0,6,0,364,741
18.0,2,1,476,741
19.0,1,1,403,741
12.0,4,0,386,741
12.0,3,1,475,741
0.0,39,0,487,742
0.0,37,0,460,742
0.0,36,0,441,742
0.0,29,0,465,742
0.0,26,0,408,742
0.0,40,0,484,742
0.0,38,0,485,742
0.0,35,0,428,742
0.0,33,0,483,742
1.0,15,0,456,742
9.0,5,1,394,742
0.0,30,0,455,742
0.0,34,0,459,742
0.0,31,0,435,742
0.0,25,0,385,742
0.0,20,0,453,742
0.0,28,0,437,742
0.0,23,0,430,742
0.0,27,0,401,742
3.0,10,0,482,742
0.0,32,0,376,742
0.0,21,0,418,742
0.0,22,0,481,742
3.0,9,0,404,742
1.0,14,0,289,742
4.0,8,0,356,742
0.0,24,0,480,742
0.0,18,0,479,742
2.0,12,0,347,742
2.0,13,0,341,742
8.0,7,0,373,742
0.0,19,0,478,742
0.0,17,0,477,742
0.0,16,0,427,742
3.0,11,0,360,742
9.0,6,0,364,742
27.0,1,2,476,742
25.0,2,1,403,742
16.0,3,0,386,742
12.0,4,1,475,742
0.0,45,0,436,743
0.0,44,0,490,743
0.0,43,0,489,743
0.0,40,0,488,743
0.0,38,0,431,743
0.0,41,0,487,743
0.0,31,0,460,743
0.0,37,0,441,743
0.0,30,0,465,743
0.0,23,0,408,743
0.0,42,0,484,743
0.0,39,0,485,743
0.0,35,0,428,743
0.0,36,0,483,743
1.0,14,0,456,743
9.0,6,1,394,743
0.0,32,0,455,743
0.0,29,0,459,743
0.0,33,0,435,743
0.0,27,0,385,743
0.0,19,0,453,743
0.0,26,0,437,743
0.0,24,0,430,743
0.0,28,0,401,743
3.0,12,0,482,743
0.0,34,0,376,743
0.0,21,0,418,743
0.0,22,0,481,743
3.0,11,0,404,743
1.0,15,0,289,743
4.0,8,0,356,743
0.0,25,0,480,743
0.0,18,0,479,743
2.0,13,0,347,743
4.0,9,0,341,743
11.0,5,0,373,743
0.0,20,0,478,743
0.0,17,0,477,743
0.0,16,0,427,743
4.0,10,0,360,743
9.0,7,0,364,743
33.0,1,2,476,743
29.0,2,1,403,743
16.0,4,0,386,743
21.0,3,2,475,743
0.0,55,0,492,744
0.0,54,0,467,744
0.0,53,0,491,744
0.0,52,0,429,744
0.0,49,0,444,744
0.0,46,0,424,744
0.0,43,0,486,744
0.0,40,0,425,744
0.0,37,0,454,744
0.0,35,0,447,744
0.0,51,0,436,744
0.0,50,0,490,744
0.0,29,0,489,744
0.0,48,0,488,744
0.0,44,0,431,744
0.0,47,0,487,744
0.0,33,0,460,744
0.0,25,0,441,744
0.0,32,0,465,744
0.0,26,0,408,744
0.0,42,0,484,744
0.0,45,0,485,744
0.0,39,0,428,744
0.0,41,0,483,744
2.0,16,0,456,744
9.0,7,1,394,744
0.0,34,0,455,744
0.0,31,0,459,744
0.0,36,0,435,744
0.0,20,0,385,744
3.0,11,0,453,744
0.0,28,0,437,744
0.0,19,0,430,744
0.0,30,0,401,744
3.0,13,0,482,744
0.0,38,0,376,744
0.0,23,0,418,744
0.0,24,0,481,744
3.0,12,0,404,744
1.0,17,0,289,744
4.0,9,0,356,744
0.0,27,0,480,744
2.0,15,0,479,744
2.0,14,0,347,744
4.0,10,0,341,744
11.0,6,0,373,744
0.0,22,0,478,744
0.0,21,0,477,744
0.0,18,0,427,744
8.0,8,0,360,744
15.0,5,0,364,744
33.0,2,2,476,744
34.0,1,2,403,744
16.0,4,0,386,744
21.0,3,2,475,744
0.0,47,0,495,745
0.0,43,0,433,745
0.0,39,0,494,745
0.0,38,0,440,745
0.0,28,0,434,745
0.0,24,0,493,745
0.0,22,0,468,745
0.0,62,0,492,745
0.0,61,0,467,745
0.0,60,0,491,745
0.0,59,0,429,745
0.0,56,0,444,745
0.0,53,0,424,745
0.0,50,0,486,745
0.0,46,0,425,745
0.0,42,0,454,745
0.0,40,0,447,745
0.0,58,0,436,745
0.0,57,0,490,745
0.0,32,0,489,745
0.0,55,0,488,745
0.0,51,0,431,745
0.0,54,0,487,745
0.0,36,0,460,745
0.0,27,0,441,745
0.0,35,0,465,745
0.0,29,0,408,745
0.0,49,0,484,745
0.0,52,0,485,745
0.0,45,0,428,745
0.0,48,0,483,745
2.0,17,0,456,745
9.0,9,1,394,745
0.0,37,0,455,745
0.0,34,0,459,745
0.0,41,0,435,745
0.0,20,0,385,745
3.0,13,0,453,745
0.0,31,0,437,745
0.0,19,0,430,745
0.0,33,0,401,745
3.0,14,0,482,745
0.0,44,0,376,745
0.0,25,0,418,745
0.0,26,0,481,745
12.0,6,1,404,745
3.0,16,0,289,745
4.0,11,0,356,745
0.0,30,0,480,745
6.0,10,0,479,745
3.0,15,0,347,745
4.0,12,0,341,745
11.0,7,0,373,745
0.0,23,0,478,745
0.0,21,0,477,745
0.0,18,0,427,745
11.0,8,0,360,745
21.0,4,0,364,745
33.0,2,2,476,745
34.0,1,2,403,745
16.0,5,0,386,745
21.0,3,2,475,745
0.0,22,0,483,746
0.0,21,0,504,746
0.0,20,0,503,746
0.0,19,0,502,746
0.0,18,0,289,746
0.0,17,0,356,746
0.0,16,0,501,746
0.0,15,0,439,746
0.0,14,0,500,746
0.0,13,0,418,746
0.0,12,0,499,746
0.0,11,0,498,746
0.0,10,0,497,746
0.0,9,0,403,746
0.0,8,0,347,746
1.0,5,0,404,746
2.0,4,0,476,746
3.0,3,0,496,746
0.0,6,0,475,746
6.0,2,0,477,746
8.0,1,1,360,746
0.0,33,0,437,747
0.0,32,0,508,747
0.0,30,0,507,747
0.0,27,0,484,747
0.0,26,0,506,747
0.0,11,0,427,747
0.0,24,0,341,747
0.0,22,0,505,747
0.0,20,0,456,747
0.0,19,0,364,747
1.0,10,0,386,747
3.0,5,0,479,747
0.0,31,0,483,747
0.0,29,0,504,747
0.0,28,0,503,747
0.0,21,0,502,747
0.0,12,0,289,747
0.0,25,0,356,747
0.0,23,0,501,747
0.0,18,0,439,747
0.0,17,0,500,747
0.0,16,0,418,747
0.0,15,0,499,747
0.0,14,0,498,747
0.0,13,0,497,747
4.0,4,0,403,747
2.0,7,0,347,747
1.0,9,0,404,747
2.0,8,0,476,747
3.0,6,0,496,747
8.0,2,1,475,747
6.0,3,0,477,747
14.0,1,1,360,747
0.0,51,0,539,748
0.0,50,0,538,748
0.0,49,0,537,748
0.0,48,0,536,748
0.0,47,0,535,748
0.0,46,0,534,748
0.0,45,0,533,748
0.0,44,0,532,748
0.0,43,0,531,748
0.0,42,0,530,748
0.0,41,0,529,748
0.0,40,0,528,748
0.0,39,0,527,748
0.0,38,0,526,748
0.0,37,0,525,748
0.0,36,0,524,748
0.0,35,0,523,748
0.0,34,0,522,748
0.0,33,0,521,748
0.0,32,0,520,748
0.0,29,0,519,748
0.0,28,0,518,748
0.0,25,0,517,748
0.0,23,0,516,748
0.0,22,0,515,748
0.0,20,0,514,748
0.0,19,0,494,748
1.0,16,0,513,748
2.0,13,0,512,748
3.0,8,0,511,748
4.0,7,0,510,748
6.0,5,0,449,748
8.0,3,1,509,748
0.0,66,0,437,748
0.0,65,0,508,748
0.0,63,0,507,748
0.0,60,0,484,748
0.0,59,0,506,748
0.0,17,0,427,748
0.0,57,0,341,748
0.0,55,0,505,748
0.0,53,0,456,748
0.0,52,0,364,748
1.0,15,0,386,748
3.0,9,0,479,748
0.0,64,0,483,748
0.0,62,0,504,748
0.0,61,0,503,748
0.0,54,0,502,748
0.0,18,0,289,748
0.0,58,0,356,748
0.0,56,0,501,748
0.0,31,0,439,748
0.0,30,0,500,748
0.0,27,0,418,748
0.0,26,0,499,748
0.0,24,0,498,748
0.0,21,0,497,748
4.0,6,0,403,748
2.0,11,0,347,748
1.0,14,0,404,748
2.0,12,0,476,748
3.0,10,0,496,748
8.0,2,1,475,748
6.0,4,0,477,748
14.0,1,1,360,748
0.0,58,0,373,749
0.0,22,0,430,749
0.0,21,0,481,749
0.0,54,0,539,749
0.0,53,0,538,749
0.0,52,0,537,749
0.0,51,0,536,749
0.0,50,0,535,749
0.0,49,0,534,749
0.0,48,0,533,749
0.0,47,0,532,749
0.0,46,0,531,749
0.0,45,0,530,749
0.0,44,0,529,749
0.0,43,0,528,749
0.0,42,0,527,749
0.0,41,0,526,749
0.0,40,0,525,749
0.0,39,0,524,749
0.0,38,0,523,749
0.0,37,0,522,749
0.0,36,0,521,749
0.0,35,0,520,749
0.0,32,0,519,749
0.0,31,0,518,749
0.0,28,0,517,749
0.0,26,0,516,749
0.0,25,0,515,749
0.0,23,0,514,749
0.0,20,0,494,749
1.0,18,0,513,749
2.0,16,0,512,749
3.0,13,0,511,749
4.0,10,0,510,749
6.0,7,0,449,749
8.0,4,1,509,749
0.0,69,0,437,749
0.0,64,0,508,749
0.0,66,0,507,749
0.0,63,0,484,749
0.0,62,0,506,749
0.0,19,0,427,749
0.0,61,0,341,749
0.0,59,0,505,749
0.0,57,0,456,749
0.0,56,0,364,749
2.0,17,0,386,749
3.0,12,0,479,749
0.0,68,0,483,749
0.0,67,0,504,749
0.0,65,0,503,749
0.0,55,0,502,749
4.0,8,0,289,749
8.0,3,1,356,749
0.0,60,0,501,749
0.0,34,0,439,749
0.0,33,0,500,749
0.0,30,0,418,749
0.0,29,0,499,749
0.0,27,0,498,749
0.0,24,0,497,749
4.0,9,0,403,749
2.0,15,0,347,749
7.0,5,0,404,749
4.0,11,0,476,749
3.0,14,0,496,749
11.0,2,1,475,749
6.0,6,0,477,749
14.0,1,1,360,749
0.0,69,0,540,750
0.0,59,0,435,750
1.0,20,0,376,750
4.0,10,0,482,750
2.0,17,0,373,750
0.0,25,0,430,750
0.0,24,0,481,750
0.0,57,0,539,750
0.0,56,0,538,750
0.0,55,0,537,750
0.0,54,0,536,750
0.0,53,0,535,750
0.0,52,0,534,750
0.0,51,0,533,750
0.0,50,0,532,750
0.0,49,0,531,750
0.0,48,0,530,750
0.0,47,0,529,750
0.0,46,0,528,750
0.0,45,0,527,750
0.0,44,0,526,750
0.0,43,0,525,750
0.0,42,0,524,750
0.0,41,0,523,750
0.0,40,0,522,750
0.0,39,0,521,750
0.0,38,0,520,750
0.0,35,0,519,750
0.0,34,0,518,750
0.0,31,0,517,750
0.0,29,0,516,750
0.0,28,0,515,750
0.0,26,0,514,750
0.0,23,0,494,750
1.0,21,0,513,750
2.0,18,0,512,750
3.0,14,0,511,750
4.0,11,0,510,750
6.0,8,0,449,750
8.0,4,1,509,750
0.0,73,0,437,750
0.0,66,0,508,750
0.0,63,0,507,750
0.0,68,0,484,750
0.0,67,0,506,750
0.0,22,0,427,750
0.0,65,0,341,750
0.0,61,0,505,750
0.0,62,0,456,750
0.0,60,0,364,750
2.0,19,0,386,750
3.0,13,0,479,750
0.0,72,0,483,750
0.0,71,0,504,750
0.0,70,0,503,750
0.0,58,0,502,750
4.0,9,0,289,750
16.0,2,2,356,750
0.0,64,0,501,750
0.0,37,0,439,750
0.0,36,0,500,750
0.0,33,0,418,750
0.0,32,0,499,750
0.0,30,0,498,750
0.0,27,0,497,750
7.0,6,0,403,750
2.0,16,0,347,750
7.0,5,0,404,750
4.0,12,0,476,750
3.0,15,0,496,750
11.0,3,1,475,750
6.0,7,0,477,750
20.0,1,1,360,750
0.0,75,0,542,751
1.0,22,0,541,751
0.0,71,0,540,751
0.0,62,0,435,751
1.0,21,0,376,751
10.0,4,0,482,751
4.0,13,0,373,751
0.0,27,0,430,751
3.0,14,0,481,751
0.0,60,0,539,751
0.0,59,0,538,751
0.0,58,0,537,751
0.0,57,0,536,751
0.0,56,0,535,751
0.0,55,0,534,751
0.0,54,0,533,751
0.0,53,0,532,751
0.0,52,0,531,751
0.0,51,0,530,751
0.0,50,0,529,751
0.0,49,0,528,751
0.0,48,0,527,751
0.0,47,0,526,751
0.0,46,0,525,751
0.0,45,0,524,751
0.0,44,0,523,751
0.0,43,0,522,751
0.0,42,0,521,751
0.0,41,0,520,751
0.0,39,0,519,751
0.0,37,0,518,751
0.0,35,0,517,751
0.0,33,0,516,751
0.0,31,0,515,751
0.0,28,0,514,751
0.0,25,0,494,751
1.0,23,0,513,751
2.0,19,0,512,751
3.0,16,0,511,751
4.0,11,0,510,751
6.0,9,0,449,751
8.0,5,1,509,751
0.0,32,0,437,751
0.0,69,0,508,751
0.0,66,0,507,751
0.0,70,0,484,751
0.0,26,0,506,751
0.0,24,0,427,751
0.0,68,0,341,751
0.0,64,0,505,751
0.0,65,0,456,751
0.0,63,0,364,751
2.0,20,0,386,751
3.0,15,0,479,751
0.0,74,0,483,751
0.0,73,0,504,751
0.0,72,0,503,751
0.0,61,0,502,751
4.0,10,0,289,751
24.0,1,3,356,751
0.0,67,0,501,751
0.0,40,0,439,751
0.0,38,0,500,751
0.0,29,0,418,751
0.0,36,0,499,751
0.0,34,0,498,751
0.0,30,0,497,751
7.0,7,0,403,751
2.0,18,0,347,751
7.0,6,0,404,751
4.0,12,0,476,751
3.0,17,0,496,751
11.0,3,1,475,751
6.0,8,0,477,751
24.0,2,1,360,751
0.0,77,0,465,752
0.0,76,0,486,752
0.0,39,0,542,752
1.0,23,0,541,752
0.0,72,0,540,752
0.0,66,0,435,752
1.0,22,0,376,752
10.0,5,0,482,752
4.0,15,0,373,752
0.0,28,0,430,752
3.0,16,0,481,752
0.0,64,0,539,752
0.0,63,0,538,752
0.0,62,0,537,752
0.0,61,0,536,752
0.0,60,0,535,752
0.0,59,0,534,752
0.0,58,0,533,752
0.0,57,0,532,752
0.0,56,0,531,752
0.0,55,0,530,752
0.0,54,0,529,752
0.0,53,0,528,752
0.0,52,0,527,752
0.0,51,0,526,752
0.0,50,0,525,752
0.0,49,0,524,752
0.0,48,0,523,752
0.0,47,0,522,752
0.0,46,0,521,752
0.0,45,0,520,752
0.0,43,0,519,752
0.0,40,0,518,752
0.0,37,0,517,752
0.0,35,0,516,752
0.0,32,0,515,752
0.0,29,0,514,752
0.0,26,0,494,752
1.0,24,0,513,752
2.0,20,0,512,752
3.0,17,0,511,752
4.0,14,0,510,752
6.0,10,0,449,752
8.0,6,1,509,752
0.0,34,0,437,752
0.0,71,0,508,752
0.0,69,0,507,752
0.0,42,0,484,752
0.0,27,0,506,752
0.0,25,0,427,752
6.0,8,0,341,752
0.0,67,0,505,752
0.0,68,0,456,752
0.0,33,0,364,752
2.0,21,0,386,752
5.0,11,0,479,752
0.0,75,0,483,752
0.0,74,0,504,752
0.0,73,0,503,752
0.0,65,0,502,752
4.0,13,0,289,752
32.0,1,4,356,752
0.0,70,0,501,752
0.0,44,0,439,752
0.0,41,0,500,752
0.0,30,0,418,752
0.0,38,0,499,752
0.0,36,0,498,752
0.0,31,0,497,752
7.0,7,0,403,752
2.0,19,0,347,752
11.0,4,0,404,752
5.0,12,0,476,752
3.0,18,0,496,752
11.0,3,1,475,752
6.0,9,0,477,752
27.0,2,1,360,752
0.0,67,0,432,753
0.0,78,0,465,753
0.0,77,0,486,753
0.0,39,0,542,753
1.0,23,0,541,753
0.0,73,0,540,753
0.0,66,0,435,753
1.0,22,0,376,753
10.0,5,0,482,753
8.0,7,0,373,753
0.0,28,0,430,753
3.0,16,0,481,753
0.0,64,0,539,753
0.0,63,0,538,753
0.0,62,0,537,753
0.0,61,0,536,753
0.0,60,0,535,753
0.0,59,0,534,753
0.0,58,0,533,753
0.0,57,0,532,753
0.0,56,0,531,753
0.0,55,0,530,753
0.0,54,0,529,753
0.0,53,0,528,753
0.0,52,0,527,753
0.0,51,0,526,753
0.0,50,0,525,753
0.0,49,0,524,753
0.0,48,0,523,753
0.0,47,0,522,753
0.0,46,0,521,753
0.0,45,0,520,753
0.0,43,0,519,753
0.0,40,0,518,753
0.0,37,0,517,753
0.0,35,0,516,753
0.0,32,0,515,753
0.0,29,0,514,753
0.0,26,0,494,753
1.0,24,0,513,753
2.0,20,0,512,753
3.0,17,0,511,753
4.0,15,0,510,753
6.0,13,0,449,753
8.0,6,1,509,753
0.0,34,0,437,753
0.0,72,0,508,753
0.0,70,0,507,753
0.0,42,0,484,753
0.0,27,0,506,753
0.0,25,0,427,753
6.0,11,0,341,753
0.0,68,0,505,753
0.0,69,0,456,753
0.0,33,0,364,753
2.0,21,0,386,753
7.0,10,0,479,753
0.0,76,0,483,753
0.0,75,0,504,753
0.0,74,0,503,753
0.0,65,0,502,753
4.0,14,0,289,753
40.0,1,5,356,753
0.0,71,0,501,753
0.0,44,0,439,753
0.0,41,0,500,753
0.0,30,0,418,753
0.0,38,0,499,753
0.0,36,0,498,753
0.0,31,0,497,753
7.0,9,0,403,753
2.0,19,0,347,753
12.0,3,0,404,753
8.0,8,0,476,753
3.0,18,0,496,753
11.0,4,1,475,753
6.0,12,0,477,753
33.0,2,1,360,753
0.0,83,0,547,754
0.0,81,0,546,754
0.0,80,0,398,754
0.0,77,0,491,754
0.0,42,0,545,754
0.0,37,0,455,754
0.0,33,0,544,754
0.0,29,0,431,754
1.0,26,0,478,754
3.0,20,0,543,754
0.0,73,0,432,754
0.0,88,0,465,754
0.0,87,0,486,754
0.0,46,0,542,754
1.0,25,0,541,754
0.0,84,0,540,754
4.0,16,0,435,754
1.0,24,0,376,754
10.0,6,0,482,754
8.0,10,0,373,754
0.0,32,0,430,754
3.0,18,0,481,754
0.0,71,0,539,754
0.0,70,0,538,754
0.0,69,0,537,754
0.0,68,0,536,754
0.0,67,0,535,754
0.0,66,0,534,754
0.0,65,0,533,754
0.0,64,0,532,754
0.0,63,0,531,754
0.0,62,0,530,754
0.0,61,0,529,754
0.0,60,0,528,754
0.0,59,0,527,754
0.0,58,0,526,754
0.0,57,0,525,754
0.0,56,0,524,754
0.0,55,0,523,754
0.0,54,0,522,754
0.0,53,0,521,754
0.0,52,0,520,754
0.0,50,0,519,754
0.0,47,0,518,754
0.0,44,0,517,754
0.0,41,0,516,754
0.0,38,0,515,754
0.0,34,0,514,754
0.0,30,0,494,754
1.0,27,0,513,754
2.0,23,0,512,754
3.0,19,0,511,754
4.0,17,0,510,754
6.0,14,0,449,754
8.0,8,1,509,754
0.0,40,0,437,754
0.0,82,0,508,754
0.0,76,0,507,754
0.0,49,0,484,754
0.0,31,0,506,754
0.0,28,0,427,754
6.0,12,0,341,754
0.0,74,0,505,754
0.0,75,0,456,754
0.0,39,0,364,754
8.0,9,0,386,754
7.0,11,0,479,754
0.0,78,0,483,754
0.0,86,0,504,754
0.0,85,0,503,754
0.0,72,0,502,754
4.0,15,0,289,754
40.0,1,5,356,754
0.0,79,0,501,754
0.0,51,0,439,754
0.0,48,0,500,754
0.0,35,0,418,754
0.0,45,0,499,754
0.0,43,0,498,754
0.0,36,0,497,754
15.0,3,1,403,754
2.0,22,0,347,754
12.0,4,0,404,754
10.0,7,0,476,754
3.0,21,0,496,754
11.0,5,1,475,754
6.0,13,0,477,754
33.0,2,1,360,754
0.0,54,0,548,755
0.0,49,0,353,755
0.0,30,0,440,755
0.0,86,0,547,755
0.0,84,0,546,755
0.0,83,0,398,755
0.0,80,0,491,755
0.0,45,0,545,755
0.0,39,0,455,755
0.0,35,0,544,755
0.0,29,0,431,755
1.0,26,0,478,755
3.0,21,0,543,755
0.0,78,0,432,755
0.0,91,0,465,755
0.0,90,0,486,755
0.0,50,0,542,755
1.0,25,0,541,755
0.0,87,0,540,755
4.0,16,0,435,755
1.0,24,0,376,755
10.0,6,0,482,755
8.0,10,0,373,755
0.0,34,0,430,755
3.0,19,0,481,755
0.0,76,0,539,755
0.0,75,0,538,755
0.0,74,0,537,755
0.0,73,0,536,755
0.0,72,0,535,755
0.0,71,0,534,755
0.0,70,0,533,755
0.0,69,0,532,755
0.0,68,0,531,755
0.0,67,0,530,755
0.0,66,0,529,755
0.0,65,0,528,755
0.0,64,0,527,755
0.0,63,0,526,755
0.0,62,0,525,755
0.0,61,0,524,755
0.0,60,0,523,755
0.0,59,0,522,755
0.0,58,0,521,755
0.0,57,0,520,755
0.0,55,0,519,755
0.0,51,0,518,755
0.0,47,0,517,755
0.0,44,0,516,755
0.0,40,0,515,755
0.0,36,0,514,755
0.0,31,0,494,755
1.0,27,0,513,755
2.0,23,0,512,755
3.0,20,0,511,755
4.0,17,0,510,755
6.0,14,0,449,755
8.0,8,1,509,755
0.0,43,0,437,755
0.0,85,0,508,755
0.0,42,0,507,755
0.0,53,0,484,755
0.0,33,0,506,755
0.0,28,0,427,755
6.0,12,0,341,755
0.0,79,0,505,755
0.0,32,0,456,755
0.0,41,0,364,755
8.0,9,0,386,755
7.0,11,0,479,755
0.0,81,0,483,755
0.0,89,0,504,755
0.0,88,0,503,755
0.0,77,0,502,755
4.0,15,0,289,755
43.0,1,5,356,755
0.0,82,0,501,755
0.0,56,0,439,755
0.0,52,0,500,755
0.0,37,0,418,755
0.0,48,0,499,755
0.0,46,0,498,755
0.0,38,0,497,755
16.0,5,1,403,755
4.0,18,0,347,755
18.0,4,0,404,755
10.0,7,0,476,755
3.0,22,0,496,755
19.0,3,2,475,755
6.0,13,0,477,755
34.0,2,1,360,755
0.0,24,0,553,756
0.0,23,0,552,756
0.0,22,0,353,756
0.0,21,0,551,756
0.0,20,0,376,756
0.0,19,0,550,756
0.0,18,0,483,756
0.0,17,0,549,756
0.0,16,0,506,756
0.0,15,0,477,756
0.0,14,0,476,756
0.0,13,0,418,756
0.0,12,0,289,756
0.0,11,0,554,756
0.0,10,0,347,756
0.0,9,0,501,756
0.0,8,0,541,756
0.0,7,0,475,756
0.0,6,0,456,756
9.0,1,1,356,757
6.0,3,0,479,757
4.0,6,0,427,757
3.0,8,0,403,757
2.0,10,0,360,757
0.0,12,0,456,757
0.0,23,0,475,757
0.0,24,0,541,757
0.0,25,0,501,757
0.0,26,0,347,757
0.0,27,0,554,757
0.0,28,0,289,757
0.0,29,0,418,757
0.0,30,0,476,757
0.0,31,0,477,757
0.0,32,0,506,757
0.0,33,0,549,757
0.0,36,0,483,757
0.0,37,0,550,757
0.0,39,0,376,757
0.0,57,0,525,757
0.0,56,0,536,757
0.0,55,0,517,757
0.0,54,0,565,757
0.0,53,0,564,757
0.0,52,0,563,757
0.0,51,0,562,757
0.0,50,0,522,757
0.0,49,0,516,757
0.0,47,0,511,757
0.0,45,0,561,757
0.0,43,0,528,757
0.0,41,0,560,757
0.0,40,0,537,757
0.0,38,0,559,757
0.0,35,0,558,757
0.0,34,0,527,757
0.0,22,0,535,757
0.0,21,0,557,757
0.0,20,0,556,757
0.0,19,0,538,757
0.0,18,0,514,757
0.0,17,0,520,757
0.0,16,0,531,757
0.0,15,0,555,757
0.0,14,0,513,757
0.0,13,0,518,757
0.0,11,0,533,757
2.0,9,0,510,757
0.0,33,0,566,758
0.0,23,0,430,758
0.0,60,0,525,758
3.0,11,0,404,758
6.0,6,0,509,759
0.0,59,0,536,758
0.0,51,0,553,758
8.0,3,1,449,758
6.0,5,0,509,758
5.0,6,0,512,758
3.0,10,0,529,758
2.0,13,0,510,758
0.0,17,0,533,758
0.0,58,0,517,758
0.0,57,0,565,758
0.0,56,0,564,758
0.0,55,0,563,758
0.0,54,0,562,758
0.0,53,0,522,758
0.0,52,0,516,758
0.0,50,0,511,758
0.0,48,0,561,758
0.0,46,0,528,758
0.0,44,0,560,758
0.0,43,0,537,758
0.0,41,0,559,758
0.0,38,0,558,758
0.0,37,0,527,758
0.0,30,0,535,758
0.0,29,0,557,758
0.0,28,0,556,758
0.0,27,0,538,758
0.0,26,0,514,758
0.0,25,0,520,758
0.0,24,0,531,758
0.0,22,0,555,758
0.0,20,0,513,758
0.0,19,0,518,758
0.0,49,0,552,758
0.0,45,0,551,758
0.0,42,0,376,758
0.0,40,0,550,758
0.0,39,0,483,758
0.0,36,0,549,758
0.0,35,0,506,758
0.0,21,0,477,758
0.0,34,0,476,758
4.0,8,0,418,758
0.0,18,0,289,758
2.0,12,0,554,758
0.0,57,0,553,759
14.0,2,1,479,759
4.0,8,0,427,759
0.0,51,0,568,759
0.0,47,0,462,759
0.0,41,0,437,759
0.0,38,0,364,759
0.0,28,0,567,759
3.0,13,0,482,759
0.0,36,0,566,759
0.0,25,0,430,759
3.0,11,0,404,759
0.0,66,0,525,759
0.0,65,0,536,759
0.0,64,0,517,759
0.0,63,0,565,759
0.0,62,0,564,759
0.0,61,0,563,759
0.0,60,0,562,759
0.0,59,0,522,759
0.0,58,0,516,759
0.0,56,0,511,759
0.0,54,0,561,759
0.0,52,0,528,759
0.0,49,0,560,759
0.0,48,0,537,759
0.0,45,0,559,759
0.0,43,0,558,759
0.0,42,0,527,759
0.0,35,0,535,759
0.0,34,0,557,759
0.0,33,0,556,759
0.0,32,0,538,759
0.0,31,0,514,759
0.0,30,0,520,759
0.0,29,0,531,759
0.0,27,0,555,759
0.0,24,0,513,759
0.0,22,0,518,759
0.0,19,0,533,759
2.0,15,0,510,759
5.0,7,0,512,759
8.0,5,1,449,759
0.0,55,0,552,759
0.0,53,0,353,759
0.0,50,0,551,759
0.0,46,0,376,759
0.0,44,0,550,759
0.0,23,0,483,759
0.0,40,0,549,759
0.0,39,0,506,759
0.0,26,0,477,759
0.0,37,0,476,759
0.0,63,0,552,760
0.0,66,0,553,760
8.0,7,1,449,760
0.0,18,0,456,760
8.5,4,0,475,760
0.0,19,0,541,760
3.0,12,0,501,760
8.0,6,1,347,760
2.0,16,0,554,760
0.0,21,0,289,760
4.0,11,0,418,760
0.0,78,0,441,760
0.0,76,0,401,760
0.0,73,0,571,760
0.0,71,0,387,760
0.0,70,0,570,760
0.0,68,0,465,760
0.0,64,0,540,760
0.0,61,0,484,760
0.0,57,0,542,760
0.0,53,0,478,760
0.0,46,0,486,760
0.0,34,0,569,760
0.0,33,0,481,760
0.0,30,0,505,760
0.0,58,0,568,760
0.0,52,0,462,760
0.0,45,0,437,760
0.0,43,0,364,760
0.0,29,0,567,760
3.0,15,0,482,760
0.0,41,0,566,760
0.0,26,0,430,760
3.0,13,0,404,760
0.0,81,0,525,760
0.0,80,0,536,760
0.0,79,0,517,760
0.0,77,0,565,760
0.0,75,0,564,760
0.0,74,0,563,760
0.0,72,0,562,760
0.0,69,0,522,760
0.0,67,0,516,760
0.0,65,0,511,760
0.0,62,0,561,760
0.0,59,0,528,760
0.0,55,0,560,760
0.0,54,0,537,760
0.0,50,0,559,760
0.0,48,0,558,760
0.0,47,0,527,760
0.0,40,0,535,760
0.0,39,0,557,760
0.0,37,0,538,760
27.0,1,2,356,760
14.0,2,1,479,760
0.0,32,0,520,760
0.0,31,0,531,760
0.0,28,0,555,760
0.0,24,0,513,760
0.0,22,0,518,760
0.0,20,0,533,760
2.0,17,0,510,760
3.0,14,0,529,760
5.0,10,0,512,760
6.0,8,0,509,760
0.0,78,0,441,761
0.0,76,0,401,761
0.0,73,0,571,761
0.0,71,0,387,761
0.0,70,0,570,761
0.0,68,0,465,761
0.0,64,0,540,761
0.0,61,0,484,761
0.0,57,0,542,761
0.0,43,0,478,761
0.0,47,0,486,761
0.0,36,0,569,761
0.0,35,0,481,761
0.0,32,0,505,761
0.0,27,0,502,761
0.0,58,0,568,761
0.0,53,0,462,761
0.0,21,0,437,761
6.0,9,0,364,761
0.0,31,0,567,761
0.0,31,0,555,762
13.0,3,0,403,761
27.0,1,2,356,761
3.0,16,0,482,761
0.0,44,0,566,761
0.0,28,0,430,761
3.0,14,0,404,761
0.0,81,0,525,761
0.0,80,0,536,761
0.0,79,0,517,761
0.0,77,0,565,761
0.0,75,0,564,761
0.0,74,0,563,761
0.0,72,0,562,761
0.0,69,0,522,761
0.0,67,0,516,761
0.0,65,0,511,761
0.0,62,0,561,761
0.0,59,0,528,761
0.0,55,0,560,761
0.0,54,0,537,761
0.0,51,0,559,761
0.0,49,0,558,761
0.0,48,0,527,761
0.0,42,0,535,761
0.0,41,0,557,761
0.0,40,0,556,761
0.0,39,0,538,761
0.0,37,0,514,761
0.0,34,0,520,761
0.0,33,0,531,761
0.0,30,0,555,761
0.0,26,0,513,761
0.0,24,0,518,761
0.0,22,0,533,761
2.0,18,0,510,761
3.0,15,0,529,761
5.0,11,0,512,761
6.0,10,0,509,761
8.0,8,1,449,761
0.0,66,0,553,761
0.0,63,0,552,761
0.0,60,0,353,761
0.0,56,0,551,761
0.0,52,0,376,761
0.0,50,0,550,761
0.0,25,0,483,761
0.0,28,0,502,762
0.0,33,0,505,762
0.0,37,0,481,762
0.0,38,0,569,762
0.0,48,0,486,762
0.0,32,0,567,762
0.0,27,0,513,762
0.0,22,0,533,762
10.0,7,0,418,762
0.0,46,0,476,762
0.0,30,0,477,762
0.0,47,0,506,762
0.0,40,0,549,762
0.0,26,0,483,762
0.0,34,0,432,762
0.0,79,0,441,762
0.0,77,0,401,762
0.0,74,0,571,762
0.0,72,0,387,762
0.0,71,0,570,762
0.0,69,0,465,762
0.0,65,0,540,762
0.0,62,0,484,762
0.0,58,0,542,762
0.0,45,0,478,762
0.0,59,0,568,762
0.0,54,0,462,762
0.0,21,0,437,762
10.0,8,0,364,762
3.0,16,0,482,762
0.0,25,0,566,762
0.0,29,0,430,762
3.0,14,0,404,762
0.0,82,0,525,762
0.0,81,0,536,762
0.0,80,0,517,762
0.0,78,0,565,762
0.0,76,0,564,762
0.0,75,0,563,762
0.0,73,0,562,762
0.0,70,0,522,762
0.0,68,0,516,762
0.0,66,0,511,762
0.0,63,0,561,762
0.0,60,0,528,762
0.0,56,0,560,762
0.0,55,0,537,762
0.0,52,0,559,762
0.0,50,0,558,762
0.0,49,0,527,762
0.0,44,0,535,762
0.0,43,0,557,762
0.0,42,0,556,762
0.0,41,0,538,762
0.0,39,0,514,762
0.0,36,0,520,762
0.0,35,0,531,762
0.0,24,0,518,762
2.0,18,0,510,762
3.0,15,0,529,762
5.0,12,0,512,762
6.0,11,0,509,762
8.0,10,1,449,762
0.0,67,0,553,762
0.0,64,0,552,762
0.0,61,0,353,762
0.0,57,0,551,762
0.0,53,0,376,762
0.0,51,0,550,762
0.0,23,0,289,762
0.0,67,0,511,763
10.0,8,0,418,763
0.0,48,0,476,763
2.0,17,0,477,763
0.0,49,0,506,763
0.0,41,0,549,763
0.0,27,0,483,763
0.0,53,0,550,763
0.0,55,0,376,763
0.0,58,0,551,763
0.0,62,0,353,763
0.0,65,0,552,763
0.0,68,0,553,763
8.0,10,1,449,763
6.0,11,0,509,763
5.0,12,0,512,763
3.0,16,0,529,763
2.0,19,0,510,763
0.0,23,0,533,763
0.0,25,0,518,763
0.0,28,0,513,763
0.0,31,0,555,763
0.0,35,0,531,763
0.0,37,0,520,763
0.0,45,0,543,763
0.0,80,0,441,763
0.0,78,0,401,763
0.0,75,0,571,763
0.0,73,0,387,763
0.0,72,0,570,763
0.0,70,0,465,763
0.0,66,0,540,763
0.0,63,0,484,763
0.0,59,0,542,763
0.0,47,0,478,763
0.0,50,0,486,763
0.0,39,0,569,763
0.0,38,0,481,763
0.0,33,0,505,763
0.0,29,0,502,763
0.0,60,0,568,763
0.0,36,0,462,763
0.0,22,0,437,763
13.0,5,0,364,763
0.0,32,0,567,763
3.0,14,0,482,763
0.0,26,0,566,763
0.0,30,0,430,763
3.0,15,0,404,763
0.0,83,0,525,763
0.0,82,0,536,763
0.0,81,0,517,763
0.0,79,0,565,763
0.0,76,0,563,763
0.0,74,0,562,763
0.0,69,0,516,763
0.0,64,0,561,763
0.0,61,0,528,763
0.0,57,0,560,763
0.0,56,0,537,763
0.0,54,0,559,763
0.0,52,0,558,763
0.0,51,0,527,763
0.0,46,0,535,763
0.0,44,0,557,763
0.0,43,0,556,763
0.0,40,0,514,763
0.0,57,0,576,764
0.0,56,0,575,764
0.0,51,0,574,764
0.0,50,0,573,764
0.0,26,0,572,764
0.0,47,0,543,764
0.0,36,0,432,764
0.0,85,0,441,764
0.0,83,0,401,764
0.0,80,0,571,764
0.0,78,0,387,764
0.0,77,0,570,764
0.0,75,0,465,764
0.0,20,0,456,764
25.5,3,2,475,764
0.0,21,0,541,764
5.0,13,0,501,764
10.0,8,1,347,764
2.0,18,0,554,764
0.0,25,0,289,764
10.0,9,0,418,764
0.0,23,0,476,764
2.0,17,0,477,764
0.0,52,0,506,764
0.0,43,0,549,764
0.0,71,0,540,764
0.0,68,0,484,764
0.0,64,0,542,764
0.0,49,0,478,764
0.0,53,0,486,764
0.0,41,0,569,764
0.0,40,0,481,764
0.0,35,0,505,764
0.0,30,0,502,764
0.0,65,0,568,764
0.0,38,0,462,764
0.0,22,0,437,764
13.0,7,0,364,764
0.0,34,0,567,764
3.0,15,0,482,764
0.0,28,0,566,764
0.0,32,0,430,764
5.0,14,0,404,764
0.0,88,0,525,764
0.0,87,0,536,764
0.0,86,0,517,764
0.0,84,0,565,764
0.0,82,0,564,764
0.0,81,0,563,764
0.0,79,0,562,764
0.0,76,0,522,764
0.0,74,0,516,764
0.0,72,0,511,764
0.0,69,0,561,764
0.0,66,0,528,764
0.0,62,0,560,764
0.0,61,0,537,764
0.0,59,0,559,764
0.0,55,0,558,764
0.0,54,0,527,764
0.0,48,0,535,764
0.0,46,0,557,764
0.0,45,0,556,764
0.0,44,0,538,764
0.0,42,0,514,764
0.0,39,0,520,764
0.0,37,0,531,764
0.0,33,0,555,764
0.0,31,0,513,764
0.0,27,0,518,764
0.0,24,0,533,764
2.0,19,0,510,764
3.0,16,0,529,764
5.0,12,0,512,764
0.0,10,0,581,765
0.0,9,0,547,765
0.0,8,0,580,765
0.0,7,0,496,765
0.0,6,0,501,765
2.0,5,0,554,765
4.0,4,0,579,765
4.0,3,0,578,765
6.0,2,0,577,765
8.0,1,1,475,765
0.0,32,0,589,766
0.0,31,0,588,766
0.0,30,0,587,766
0.0,29,0,586,766
0.0,28,0,543,766
0.0,27,0,553,766
0.0,26,0,551,766
0.0,25,0,585,766
0.0,24,0,584,766
0.0,23,0,583,766
0.0,22,0,582,766
0.0,21,0,541,766
0.0,20,0,590,766
0.0,19,0,479,766
0.0,18,0,483,766
0.0,17,0,456,766
0.0,16,0,289,766
0.0,15,0,347,766
0.0,14,0,476,766
0.0,10,0,477,766
3.0,7,0,356,766
8.0,3,1,427,766
4.0,5,0,581,766
0.0,13,0,547,766
0.0,12,0,580,766
0.0,11,0,496,766
2.0,8,0,501,766
2.0,9,0,554,766
4.0,6,0,579,766
5.0,4,0,578,766
12.0,1,0,577,766
8.0,2,1,475,766
0.0,22,0,418,767
0.0,16,0,430,767
0.0,34,0,589,767
0.0,33,0,588,767
0.0,32,0,587,767
0.0,31,0,586,767
0.0,30,0,543,767
0.0,29,0,553,767
0.0,28,0,551,767
0.0,27,0,585,767
0.0,26,0,584,767
0.0,25,0,583,767
0.0,24,0,582,767
0.0,23,0,541,767
0.0,20,0,590,767
0.0,21,0,479,767
0.0,19,0,483,767
3.0,10,0,456,767
0.0,18,0,289,767
0.0,15,0,347,767
0.0,17,0,476,767
0.0,11,0,477,767
3.0,9,0,356,767
8.0,3,1,427,767
4.0,7,0,581,767
0.0,14,0,547,767
0.0,13,0,580,767
0.0,12,0,496,767
8.0,4,0,501,767
6.0,6,0,554,767
4.0,8,0,579,767
7.0,5,0,578,767
12.0,2,0,577,767
17.0,1,2,475,767
0.0,67,0,599,768
0.0,66,0,536,768
0.0,65,0,598,768
0.0,64,0,510,768
0.0,61,0,597,768
0.0,60,0,596,768
0.0,58,0,537,768
0.0,57,0,514,768
0.0,56,0,562,768
0.0,54,0,563,768
0.0,52,0,512,768
0.0,50,0,527,768
0.0,48,0,595,768
0.0,46,0,449,768
0.0,44,0,523,768
0.0,42,0,555,768
0.0,40,0,565,768
0.0,37,0,531,768
0.0,36,0,539,768
0.0,34,0,516,768
0.0,29,0,594,768
0.0,28,0,593,768
0.0,27,0,558,768
0.0,25,0,560,768
0.0,23,0,513,768
0.0,21,0,564,768
0.0,18,0,528,768
0.0,17,0,592,768
2.0,15,0,509,768
4.0,11,0,529,768
4.0,10,0,533,768
6.0,7,0,591,768
8.0,4,1,525,768
0.0,38,0,418,768
0.0,26,0,430,768
0.0,63,0,589,768
0.0,62,0,588,768
0.0,59,0,587,768
0.0,55,0,586,768
0.0,53,0,543,768
0.0,51,0,553,768
0.0,49,0,551,768
0.0,47,0,585,768
0.0,45,0,584,768
0.0,43,0,583,768
0.0,41,0,582,768
0.0,39,0,541,768
0.0,33,0,590,768
0.0,35,0,479,768
0.0,32,0,483,768
3.0,14,0,456,768
0.0,31,0,289,768
0.0,24,0,347,768
0.0,30,0,476,768
0.0,16,0,477,768
3.0,13,0,356,768
8.0,3,1,427,768
4.0,9,0,581,768
0.0,22,0,547,768
0.0,20,0,580,768
0.0,19,0,496,768
8.0,5,0,501,768
6.0,8,0,554,768
4.0,12,0,579,768
7.0,6,0,578,768
12.0,2,0,577,768
17.0,1,2,475,768
0.0,43,0,455,769
0.0,19,0,482,769
0.0,69,0,599,769
0.0,68,0,536,769
0.0,67,0,598,769
0.0,66,0,510,769
0.0,63,0,597,769
0.0,62,0,596,769
0.0,60,0,537,769
0.0,59,0,514,769
0.0,58,0,562,769
0.0,56,0,563,769
0.0,54,0,512,769
0.0,52,0,527,769
0.0,51,0,595,769
0.0,49,0,449,769
0.0,47,0,523,769
0.0,45,0,555,769
0.0,42,0,565,769
0.0,40,0,531,769
0.0,38,0,539,769
0.0,37,0,516,769
0.0,33,0,594,769
0.0,32,0,593,769
0.0,31,0,558,769
0.0,29,0,560,769
0.0,27,0,513,769
0.0,24,0,564,769
0.0,21,0,528,769
0.0,20,0,592,769
2.0,18,0,509,769
4.0,13,0,529,769
4.0,12,0,533,769
6.0,8,0,591,769
8.0,7,1,525,769
0.0,39,0,418,769
0.0,30,0,430,769
0.0,65,0,589,769
0.0,64,0,588,769
0.0,61,0,587,769
0.0,57,0,586,769
0.0,55,0,543,769
0.0,53,0,553,769
0.0,28,0,551,769
0.0,50,0,585,769
0.0,48,0,584,769
0.0,46,0,583,769
0.0,44,0,582,769
0.0,41,0,541,769
4.0,11,0,590,769
8.0,6,1,479,769
0.0,36,0,483,769
3.0,16,0,456,769
0.0,35,0,289,769
0.0,25,0,347,769
0.0,34,0,476,769
3.0,15,0,477,769
3.0,17,0,356,769
8.0,5,1,427,769
4.0,10,0,581,769
0.0,26,0,547,769
0.0,23,0,580,769
0.0,22,0,496,769
10.0,4,0,501,769
6.0,9,0,554,769
4.0,14,0,579,769
14.0,2,0,578,769
12.0,3,0,577,769
17.0,1,2,475,769
0.0,51,0,566,770
0.0,33,0,526,770
0.0,23,0,403,770
0.0,46,0,455,770
0.0,20,0,482,770
0.0,72,0,599,770
0.0,71,0,536,770
0.0,70,0,598,770
0.0,69,0,510,770
0.0,66,0,597,770
0.0,65,0,596,770
0.0,63,0,537,770
0.0,62,0,514,770
0.0,61,0,562,770
0.0,59,0,563,770
0.0,57,0,512,770
0.0,55,0,527,770
0.0,54,0,595,770
0.0,52,0,449,770
0.0,49,0,523,770
0.0,48,0,555,770
0.0,45,0,565,770
0.0,43,0,531,770
0.0,41,0,539,770
0.0,40,0,516,770
0.0,37,0,594,770
0.0,36,0,593,770
0.0,35,0,558,770
0.0,32,0,560,770
0.0,30,0,513,770
0.0,27,0,564,770
0.0,22,0,528,770
0.0,21,0,592,770
2.0,19,0,509,770
4.0,15,0,529,770
4.0,14,0,533,770
6.0,9,0,591,770
8.0,7,1,525,770
0.0,42,0,418,770
0.0,34,0,430,770
0.0,68,0,589,770
0.0,67,0,588,770
0.0,64,0,587,770
0.0,60,0,586,770
0.0,58,0,543,770
0.0,56,0,553,770
0.0,31,0,551,770
0.0,53,0,585,770
0.0,50,0,584,770
0.0,29,0,583,770
0.0,47,0,582,770
0.0,44,0,541,770
4.0,13,0,590,770
8.0,6,1,479,770
0.0,39,0,483,770
3.0,18,0,456,770
0.0,38,0,289,770
0.0,25,0,347,770
4.0,12,0,476,770
3.0,16,0,477,770
3.0,17,0,356,770
8.0,5,1,427,770
6.0,10,0,581,770
0.0,28,0,547,770
0.0,26,0,580,770
0.0,24,0,496,770
10.0,4,0,501,770
6.0,11,0,554,770
7.0,8,0,579,770
23.0,2,1,578,770
12.0,3,0,577,770
23.0,1,2,475,770
0.0,54,0,486,771
0.0,52,0,502,771
0.0,47,0,549,771
0.0,41,0,437,771
0.0,30,0,566,771
0.0,34,0,526,771
0.0,23,0,403,771
0.0,49,0,455,771
0.0,20,0,482,771
0.0,76,0,599,771
0.0,75,0,536,771
0.0,74,0,598,771
0.0,73,0,510,771
0.0,70,0,597,771
0.0,69,0,596,771
0.0,67,0,537,771
0.0,66,0,514,771
0.0,65,0,562,771
0.0,63,0,563,771
0.0,61,0,512,771
0.0,59,0,527,771
0.0,58,0,595,771
0.0,56,0,449,771
0.0,53,0,523,771
0.0,51,0,555,771
0.0,48,0,565,771
0.0,45,0,531,771
0.0,43,0,539,771
0.0,42,0,516,771
0.0,38,0,594,771
0.0,37,0,593,771
0.0,36,0,558,771
0.0,33,0,560,771
0.0,31,0,513,771
0.0,27,0,564,771
0.0,22,0,528,771
0.0,21,0,592,771
2.0,19,0,509,771
4.0,16,0,529,771
4.0,15,0,533,771
6.0,12,0,591,771
8.0,8,1,525,771
0.0,44,0,418,771
0.0,35,0,430,771
0.0,72,0,589,771
0.0,71,0,588,771
0.0,68,0,587,771
0.0,64,0,586,771
0.0,62,0,543,771
0.0,60,0,553,771
0.0,32,0,551,771
0.0,57,0,585,771
0.0,55,0,584,771
0.0,28,0,583,771
0.0,50,0,582,771
0.0,46,0,541,771
7.0,10,0,590,771
8.0,7,1,479,771
0.0,40,0,483,771
7.0,9,0,456,771
0.0,39,0,289,771
0.0,25,0,347,771
4.0,14,0,476,771
3.0,18,0,477,771
3.0,17,0,356,771
8.0,6,1,427,771
14.0,3,1,581,771
0.0,29,0,547,771
0.0,26,0,580,771
0.0,24,0,496,771
12.0,5,0,501,771
6.0,13,0,554,771
7.0,11,0,579,771
30.0,1,1,578,771
12.0,4,0,577,771
23.0,2,2,475,771
0.0,66,0,484,772
0.0,64,0,601,772
0.0,59,0,478,772
0.0,51,0,600,772
0.0,31,0,459,772
0.0,21,0,431,772
0.0,20,0,360,772
0.0,58,0,486,772
0.0,56,0,502,772
0.0,39,0,549,772
0.0,25,0,437,772
0.0,34,0,566,772
0.0,37,0,526,772
0.0,24,0,403,772
0.0,46,0,455,772
0.0,22,0,482,772
0.0,83,0,599,772
0.0,82,0,536,772
0.0,81,0,598,772
0.0,80,0,510,772
0.0,77,0,597,772
0.0,76,0,596,772
0.0,74,0,537,772
0.0,73,0,514,772
0.0,72,0,562,772
0.0,70,0,563,772
0.0,68,0,512,772
0.0,65,0,527,772
0.0,63,0,595,772
0.0,61,0,449,772
0.0,57,0,523,772
0.0,55,0,555,772
0.0,53,0,565,772
0.0,50,0,531,772
0.0,48,0,539,772
0.0,47,0,516,772
0.0,43,0,594,772
0.0,42,0,593,772
0.0,41,0,558,772
0.0,38,0,560,772
0.0,35,0,513,772
0.0,30,0,564,772
0.0,26,0,528,772
0.0,23,0,592,772
2.0,19,0,509,772
4.0,16,0,529,772
4.0,15,0,533,772
6.0,13,0,591,772
8.0,9,1,525,772
0.0,49,0,418,772
0.0,40,0,430,772
0.0,79,0,589,772
0.0,78,0,588,772
0.0,75,0,587,772
0.0,71,0,586,772
0.0,69,0,543,772
0.0,67,0,553,772
0.0,36,0,551,772
0.0,62,0,585,772
0.0,60,0,584,772
0.0,32,0,583,772
0.0,54,0,582,772
0.0,52,0,541,772
7.0,11,0,590,772
16.0,3,2,479,772
0.0,45,0,483,772
13.0,5,0,456,772
0.0,44,0,289,772
0.0,28,0,347,772
7.0,10,0,476,772
3.0,18,0,477,772
3.0,17,0,356,772
12.0,6,1,427,772
14.0,4,1,581,772
0.0,33,0,547,772
0.0,29,0,580,772
0.0,27,0,496,772
12.0,8,0,501,772
6.0,14,0,554,772
7.0,12,0,579,772
30.0,1,1,578,772
12.0,7,0,577,772
24.0,2,2,475,772
0.0,66,0,484,773
0.0,64,0,601,773
0.0,59,0,478,773
0.0,51,0,600,773
0.0,31,0,459,773
0.0,21,0,431,773
0.0,20,0,360,773
0.0,58,0,486,773
0.0,56,0,502,773
0.0,39,0,549,773
0.0,25,0,437,773
0.0,32,0,566,773
0.0,37,0,526,773
0.0,24,0,403,773
0.0,46,0,455,773
0.0,22,0,482,773
0.0,83,0,599,773
0.0,82,0,536,773
0.0,81,0,598,773
0.0,80,0,510,773
0.0,77,0,597,773
0.0,76,0,596,773
0.0,74,0,537,773
0.0,73,0,514,773
0.0,72,0,562,773
0.0,70,0,563,773
0.0,68,0,512,773
0.0,65,0,527,773
0.0,63,0,595,773
0.0,61,0,449,773
0.0,57,0,523,773
0.0,55,0,555,773
0.0,53,0,565,773
0.0,50,0,531,773
0.0,48,0,539,773
0.0,47,0,516,773
0.0,43,0,594,773
0.0,42,0,593,773
0.0,41,0,558,773
0.0,38,0,560,773
0.0,35,0,513,773
0.0,30,0,564,773
0.0,26,0,528,773
0.0,23,0,592,773
2.0,19,0,509,773
4.0,16,0,529,773
4.0,15,0,533,773
6.0,14,0,591,773
8.0,12,1,525,773
0.0,49,0,418,773
0.0,40,0,430,773
0.0,79,0,589,773
0.0,78,0,588,773
0.0,75,0,587,773
0.0,71,0,586,773
0.0,69,0,543,773
0.0,67,0,553,773
0.0,36,0,551,773
0.0,62,0,585,773
0.0,60,0,584,773
0.0,33,0,583,773
0.0,54,0,582,773
0.0,52,0,541,773
11.0,9,0,590,773
16.0,3,2,479,773
0.0,45,0,483,773
13.0,5,0,456,773
0.0,44,0,289,773
0.0,28,0,347,773
9.0,10,0,476,773
3.0,18,0,477,773
3.0,17,0,356,773
12.0,6,1,427,773
14.0,4,1,581,773
0.0,34,0,547,773
0.0,29,0,580,773
0.0,27,0,496,773
12.0,8,0,501,773
9.0,11,0,554,773
7.0,13,0,579,773
36.0,1,1,578,773
12.0,7,0,577,773
32.0,2,3,475,773
0.0,67,0,484,774
0.0,65,0,601,774
0.0,47,0,478,774
0.0,53,0,600,774
0.0,34,0,459,774
0.0,26,0,431,774
0.0,23,0,360,774
0.0,60,0,486,774
0.0,58,0,502,774
0.0,41,0,549,774
0.0,28,0,437,774
0.0,21,0,566,774
0.0,39,0,526,774
5.0,15,0,403,774
0.0,49,0,455,774
0.0,25,0,482,774
0.0,83,0,599,774
0.0,82,0,536,774
0.0,81,0,598,774
0.0,80,0,510,774
0.0,77,0,597,774
0.0,76,0,596,774
0.0,74,0,537,774
0.0,73,0,514,774
0.0,72,0,562,774
0.0,70,0,563,774
0.0,69,0,512,774
0.0,66,0,527,774
0.0,64,0,595,774
0.0,62,0,449,774
0.0,59,0,523,774
0.0,57,0,555,774
0.0,55,0,565,774
0.0,52,0,531,774
0.0,51,0,539,774
0.0,50,0,516,774
0.0,45,0,594,774
0.0,44,0,593,774
0.0,43,0,558,774
0.0,40,0,560,774
0.0,37,0,513,774
0.0,33,0,564,774
0.0,29,0,528,774
0.0,27,0,592,774
2.0,20,0,509,774
4.0,17,0,529,774
4.0,16,0,533,774
6.0,14,0,591,774
8.0,12,1,525,774
0.0,22,0,418,774
0.0,42,0,430,774
0.0,79,0,589,774
0.0,78,0,588,774
0.0,75,0,587,774
0.0,71,0,586,774
0.0,46,0,543,774
0.0,68,0,553,774
0.0,38,0,551,774
0.0,63,0,585,774
0.0,61,0,584,774
0.0,35,0,583,774
0.0,56,0,582,774
0.0,54,0,541,774
11.0,9,0,590,774
24.0,3,3,479,774
0.0,48,0,483,774
15.0,4,0,456,774
0.0,24,0,289,774
0.0,31,0,347,774
9.0,10,0,476,774
3.0,19,0,477,774
3.0,18,0,356,774
12.0,6,1,427,774
14.0,5,1,581,774
0.0,36,0,547,774
0.0,32,0,580,774
0.0,30,0,496,774
12.0,8,0,501,774
9.0,11,0,554,774
7.0,13,0,579,774
40.0,1,1,578,774
12.0,7,0,577,774
32.0,2,3,475,774
0.0,63,0,605,775
0.0,60,0,604,775
0.0,49,0,603,775
0.0,48,0,602,775
0.0,71,0,484,775
0.0,69,0,601,775
0.0,37,0,478,775
0.0,56,0,600,775
0.0,35,0,459,775
0.0,27,0,431,775
0.0,24,0,360,775
0.0,33,0,486,775
0.0,62,0,502,775
0.0,43,0,549,775
0.0,29,0,437,775
0.0,23,0,566,775
0.0,41,0,526,775
9.0,10,0,403,775
0.0,52,0,455,775
0.0,26,0,482,775
0.0,87,0,599,775
0.0,86,0,536,775
0.0,85,0,598,775
0.0,84,0,510,775
0.0,81,0,597,775
0.0,80,0,596,775
0.0,78,0,537,775
0.0,77,0,514,775
0.0,76,0,562,775
0.0,74,0,563,775
0.0,73,0,512,775
0.0,70,0,527,775
0.0,68,0,595,775
0.0,66,0,449,775
0.0,64,0,523,775
0.0,61,0,555,775
0.0,58,0,565,775
0.0,55,0,531,775
0.0,54,0,539,775
0.0,53,0,516,775
0.0,47,0,594,775
0.0,46,0,593,775
0.0,45,0,558,775
0.0,42,0,560,775
0.0,39,0,513,775
0.0,34,0,564,775
0.0,30,0,528,775
0.0,28,0,592,775
2.0,21,0,509,775
4.0,17,0,529,775
4.0,16,0,533,775
6.0,15,0,591,775
8.0,13,1,525,775
0.0,22,0,418,775
0.0,44,0,430,775
0.0,83,0,589,775
0.0,82,0,588,775
0.0,79,0,587,775
0.0,75,0,586,775
0.0,50,0,543,775
0.0,72,0,553,775
0.0,40,0,551,775
0.0,67,0,585,775
0.0,65,0,584,775
0.0,36,0,583,775
0.0,59,0,582,775
0.0,57,0,541,775
11.0,9,0,590,775
24.0,3,3,479,775
0.0,51,0,483,775
15.0,4,0,456,775
0.0,25,0,289,775
3.0,20,0,347,775
9.0,11,0,476,775
3.0,19,0,477,775
3.0,18,0,356,775
12.0,7,1,427,775
14.0,5,1,581,775
0.0,38,0,547,775
0.0,32,0,580,775
0.0,31,0,496,775
14.0,6,0,501,775
9.0,12,0,554,775
7.0,14,0,579,775
42.0,1,1,578,775
12.0,8,0,577,775
41.0,2,4,475,775
0.0,10,0,476,776
1.0,6,0,498,776
0.0,8,0,581,776
0.0,16,0,577,776
0.0,15,0,578,776
0.0,14,0,608,776
0.0,13,0,586,776
0.0,12,0,573,776
1.0,7,0,475,776
0.0,11,0,347,776
0.0,9,0,607,776
1.0,5,0,606,776
3.0,4,0,501,776
4.0,3,0,496,776
6.0,2,0,554,776
8.0,1,1,579,776
1.0,10,0,498,777
0.0,29,0,610,777
0.0,28,0,609,777
0.0,27,0,478,777
0.0,26,0,456,777
0.0,24,0,547,777
0.0,22,0,549,777
0.0,21,0,541,777
0.0,20,0,483,777
0.0,12,0,476,777
0.0,14,0,356,777
2.0,8,0,427,777
3.0,7,0,590,777
4.0,5,0,418,777
6.0,3,0,479,777
0.0,13,0,581,777
0.0,25,0,577,777
0.0,19,0,578,777
0.0,23,0,608,777
0.0,18,0,586,777
0.0,17,0,573,777
1.0,11,0,475,777
0.0,16,0,347,777
0.0,15,0,607,777
1.0,9,0,606,777
3.0,6,0,501,777
4.0,4,0,496,777
6.0,2,0,554,777
17.0,1,2,579,777
0.0,62,0,616,778
0.0,61,0,532,778
0.0,60,0,526,778
0.0,59,0,449,778
0.0,58,0,596,778
0.0,57,0,556,778
0.0,56,0,558,778
0.0,55,0,560,778
0.0,54,0,513,778
0.0,53,0,565,778
0.0,52,0,527,778
0.0,51,0,615,778
0.0,49,0,538,778
0.0,48,0,594,778
0.0,46,0,614,778
0.0,45,0,592,778
0.0,35,0,528,778
0.0,34,0,593,778
0.0,33,0,529,778
0.0,32,0,563,778
0.0,31,0,516,778
0.0,30,0,512,778
0.0,29,0,562,778
0.0,28,0,520,778
0.0,26,0,514,778
0.0,24,0,597,778
0.0,23,0,613,778
0.0,19,0,533,778
2.0,12,0,612,778
3.0,11,0,555,778
4.0,7,0,525,778
7.0,3,0,509,778
8.0,2,1,611,778
0.0,50,0,610,778
0.0,47,0,609,778
0.0,44,0,478,778
0.0,43,0,456,778
0.0,41,0,547,778
0.0,39,0,549,778
0.0,38,0,541,778
0.0,37,0,483,778
0.0,17,0,476,778
0.0,20,0,356,778
2.0,13,0,427,778
3.0,10,0,590,778
4.0,8,0,418,778
6.0,5,0,479,778
0.0,18,0,581,778
0.0,42,0,577,778
0.0,36,0,578,778
0.0,40,0,608,778
0.0,27,0,586,778
0.0,25,0,573,778
1.0,16,0,475,778
0.0,22,0,347,778
0.0,21,0,607,778
1.0,14,0,606,778
3.0,9,0,501,778
4.0,6,0,496,778
6.0,4,0,554,778
17.0,1,2,579,778
1.0,18,0,498,779
0.0,44,0,618,779
0.0,25,0,617,779
0.0,64,0,616,779
0.0,63,0,532,779
0.0,62,0,526,779
0.0,61,0,449,779
0.0,60,0,596,779
0.0,59,0,556,779
0.0,58,0,558,779
0.0,57,0,560,779
0.0,56,0,513,779
0.0,55,0,565,779
0.0,54,0,527,779
0.0,53,0,615,779
0.0,51,0,538,779
0.0,50,0,594,779
0.0,48,0,614,779
0.0,47,0,592,779
0.0,38,0,528,779
0.0,37,0,593,779
0.0,36,0,529,779
0.0,35,0,563,779
0.0,34,0,516,779
0.0,33,0,512,779
0.0,32,0,562,779
0.0,31,0,520,779
0.0,29,0,514,779
0.0,27,0,597,779
0.0,26,0,613,779
0.0,22,0,533,779
2.0,16,0,612,779
3.0,14,0,555,779
4.0,10,0,525,779
7.0,4,0,509,779
8.0,2,1,611,779
0.0,52,0,610,779
0.0,49,0,609,779
0.0,46,0,478,779
0.0,41,0,456,779
0.0,45,0,547,779
0.0,42,0,549,779
0.0,40,0,541,779
0.0,39,0,483,779
0.0,21,0,476,779
0.0,20,0,356,779
2.0,15,0,427,779
3.0,13,0,590,779
4.0,11,0,418,779
6.0,6,0,479,779
4.0,8,0,581,779
7.0,3,0,577,779
3.0,12,0,578,779
0.0,43,0,608,779
0.0,30,0,586,779
0.0,28,0,573,779
1.0,19,0,475,779
0.0,24,0,347,779
0.0,23,0,607,779
1.0,17,0,606,779
5.0,7,0,501,779
4.0,9,0,496,779
6.0,5,0,554,779
25.0,1,3,579,779
1.0,20,0,498,780
0.0,47,0,486,780
0.0,24,0,619,780
0.0,45,0,618,780
0.0,27,0,617,780
0.0,66,0,616,780
0.0,65,0,532,780
0.0,64,0,526,780
0.0,63,0,449,780
0.0,62,0,596,780
0.0,61,0,556,780
0.0,60,0,558,780
0.0,59,0,560,780
0.0,58,0,513,780
0.0,57,0,565,780
0.0,56,0,527,780
0.0,55,0,615,780
0.0,54,0,538,780
0.0,53,0,594,780
0.0,51,0,614,780
0.0,50,0,592,780
0.0,41,0,528,780
0.0,40,0,593,780
0.0,39,0,529,780
0.0,38,0,563,780
0.0,37,0,516,780
0.0,36,0,512,780
0.0,35,0,562,780
0.0,34,0,520,780
0.0,32,0,514,780
0.0,30,0,597,780
0.0,28,0,613,780
0.0,23,0,533,780
2.0,18,0,612,780
3.0,16,0,555,780
4.0,13,0,525,780
7.0,5,0,509,780
8.0,4,1,611,780
0.0,48,0,610,780
0.0,52,0,609,780
0.0,49,0,478,780
2.0,17,0,456,780
0.0,46,0,547,780
0.0,29,0,549,780
0.0,43,0,541,780
0.0,42,0,483,780
0.0,22,0,476,780
0.0,21,0,356,780
5.0,10,0,427,780
3.0,15,0,590,780
4.0,14,0,418,780
10.0,3,1,479,780
4.0,11,0,581,780
13.0,2,0,577,780
7.0,6,0,578,780
0.0,44,0,608,780
0.0,33,0,586,780
0.0,31,0,573,780
6.0,7,1,475,780
0.0,26,0,347,780
0.0,25,0,607,780
1.0,19,0,606,780
5.0,9,0,501,780
4.0,12,0,496,780
6.0,8,0,554,780
25.0,1,3,579,780
0.0,64,0,601,781
0.0,63,0,621,781
0.0,58,0,580,781
0.0,55,0,620,781
0.0,45,0,459,781
0.0,42,0,430,781
0.0,41,0,484,781
0.0,38,0,431,781
0.0,36,0,506,781
0.0,52,0,486,781
0.0,24,0,619,781
0.0,50,0,618,781
0.0,27,0,617,781
0.0,75,0,616,781
0.0,74,0,532,781
0.0,73,0,526,781
0.0,72,0,449,781
0.0,71,0,596,781
0.0,70,0,556,781
0.0,69,0,558,781
0.0,68,0,560,781
0.0,67,0,513,781
0.0,66,0,565,781
0.0,65,0,527,781
0.0,62,0,615,781
0.0,61,0,538,781
0.0,60,0,594,781
0.0,57,0,614,781
0.0,56,0,592,781
0.0,47,0,528,781
0.0,46,0,593,781
0.0,44,0,529,781
0.0,43,0,563,781
0.0,40,0,516,781
0.0,39,0,512,781
0.0,37,0,562,781
0.0,35,0,520,781
0.0,32,0,514,781
0.0,30,0,597,781
0.0,28,0,613,781
0.0,23,0,533,781
2.0,18,0,612,781
3.0,16,0,555,781
4.0,14,0,525,781
7.0,8,0,509,781
8.0,6,1,611,781
0.0,53,0,610,781
0.0,59,0,609,781
0.0,54,0,478,781
2.0,17,0,456,781
0.0,51,0,547,781
0.0,29,0,549,781
0.0,48,0,541,781
0.0,33,0,483,781
0.0,22,0,476,781
0.0,21,0,356,781
5.0,11,0,427,781
3.0,15,0,590,781
4.0,12,0,418,781
10.0,4,1,479,781
8.0,7,0,581,781
16.0,2,0,577,781
13.0,3,0,578,781
0.0,49,0,608,781
0.0,34,0,586,781
0.0,31,0,573,781
8.0,5,1,475,781
0.0,26,0,347,781
0.0,25,0,607,781
1.0,19,0,606,781
5.0,10,0,501,781
4.0,13,0,496,781
6.0,9,0,554,781
34.0,1,4,579,781
0.0,64,0,601,782
0.0,63,0,621,782
0.0,49,0,580,782
0.0,56,0,620,782
0.0,45,0,459,782
0.0,42,0,430,782
0.0,41,0,484,782
0.0,38,0,431,782
0.0,36,0,506,782
0.0,53,0,486,782
0.0,25,0,619,782
0.0,51,0,618,782
0.0,28,0,617,782
0.0,75,0,616,782
0.0,74,0,532,782
0.0,73,0,526,782
0.0,72,0,449,782
0.0,71,0,596,782
0.0,70,0,556,782
0.0,69,0,558,782
0.0,68,0,560,782
0.0,67,0,513,782
0.0,66,0,565,782
0.0,65,0,527,782
0.0,62,0,615,782
0.0,61,0,538,782
0.0,60,0,594,782
0.0,58,0,614,782
0.0,57,0,592,782
0.0,47,0,528,782
0.0,46,0,593,782
0.0,44,0,529,782
0.0,43,0,563,782
0.0,40,0,516,782
0.0,39,0,512,782
0.0,37,0,562,782
0.0,35,0,520,782
0.0,33,0,514,782
0.0,31,0,597,782
0.0,29,0,613,782
0.0,24,0,533,782
2.0,18,0,612,782
3.0,16,0,555,782
4.0,15,0,525,782
7.0,9,0,509,782
8.0,7,1,611,782
0.0,54,0,610,782
0.0,59,0,609,782
0.0,55,0,478,782
2.0,17,0,456,782
0.0,52,0,547,782
0.0,30,0,549,782
0.0,48,0,541,782
0.0,22,0,483,782
0.0,23,0,476,782
0.0,21,0,356,782
5.0,13,0,427,782
5.0,12,0,590,782
7.0,10,0,418,782
10.0,5,1,479,782
8.0,8,0,581,782
16.0,3,0,577,782
13.0,4,0,578,782
0.0,50,0,608,782
0.0,34,0,586,782
0.0,32,0,573,782
17.0,2,2,475,782
0.0,27,0,347,782
0.0,26,0,607,782
1.0,19,0,606,782
9.0,6,0,501,782
4.0,14,0,496,782
6.0,11,0,554,782
40.0,1,4,579,782
0.0,41,0,638,783
1.0,22,0,498,783
0.0,65,0,601,783
0.0,64,0,621,783
0.0,32,0,580,783
0.0,58,0,620,783
0.0,49,0,459,783
0.0,46,0,430,783
0.0,45,0,484,783
0.0,42,0,431,783
0.0,38,0,506,783
0.0,55,0,486,783
0.0,25,0,619,783
0.0,54,0,618,783
0.0,28,0,617,783
0.0,76,0,616,783
0.0,75,0,532,783
0.0,74,0,526,783
0.0,73,0,449,783
0.0,72,0,596,783
0.0,71,0,556,783
0.0,70,0,558,783
0.0,69,0,560,783
0.0,68,0,513,783
0.0,67,0,565,783
0.0,66,0,527,783
0.0,63,0,615,783
0.0,62,0,538,783
0.0,61,0,594,783
0.0,60,0,614,783
0.0,59,0,592,783
0.0,51,0,528,783
0.0,50,0,593,783
0.0,48,0,529,783
0.0,47,0,563,783
0.0,44,0,516,783
0.0,43,0,512,783
0.0,40,0,562,783
0.0,37,0,520,783
0.0,34,0,514,783
0.0,31,0,597,783
0.0,29,0,613,783
0.0,24,0,533,783
2.0,19,0,612,783
3.0,17,0,555,783
4.0,16,0,525,783
7.0,10,0,509,783
8.0,8,1,611,783
0.0,56,0,610,783
0.0,39,0,609,783
0.0,57,0,478,783
2.0,18,0,456,783
0.0,35,0,547,783
0.0,30,0,549,783
0.0,52,0,541,783
1.0,20,0,483,783
4.0,14,0,476,783
0.0,23,0,356,783
5.0,13,0,427,783
5.0,12,0,590,783
10.0,6,0,418,783
11.0,5,1,479,783
8.0,9,0,581,783
16.0,3,0,577,783
13.0,4,0,578,783
0.0,53,0,608,783
0.0,36,0,586,783
0.0,33,0,573,783
25.0,2,3,475,783
0.0,27,0,347,783
0.0,26,0,607,783
1.0,21,0,606,783
10.0,7,0,501,783
4.0,15,0,496,783
6.0,11,0,554,783
40.0,1,4,579,783
0.0,8,0,806,784
1.5,6,0,583,784
5.0,2,1,579,784
0.0,15,0,498,784
0.0,14,0,608,784
0.0,13,0,496,784
0.0,12,0,586,784
0.0,11,0,581,784
0.0,10,0,475,784
0.0,9,0,623,784
2.0,5,0,482,784
1.5,7,0,622,784
4.0,4,0,578,784
6.0,1,0,554,784
4.0,3,1,577,784
0.0,14,0,429,785
0.0,13,0,806,785
1.5,10,0,583,785
0.0,27,0,589,785
0.0,26,0,479,785
0.0,25,0,483,785
0.0,24,0,501,785
0.0,23,0,427,785
0.0,21,0,627,785
0.0,18,0,626,785
0.0,17,0,547,785
0.0,16,0,607,785
0.0,12,0,625,785
2.0,7,0,624,785
10.5,1,1,579,785
0.0,22,0,498,785
1.5,9,0,608,785
0.0,20,0,496,785
0.0,19,0,586,785
3.0,6,0,581,785
8.0,3,1,475,785
0.0,15,0,623,785
2.0,8,0,482,785
1.5,11,0,622,785
4.0,5,0,578,785
10.0,2,0,554,785
4.0,4,1,577,785
0.0,52,0,532,786
0.0,20,0,429,786
0.0,19,0,806,786
1.5,15,0,583,786
1.0,17,0,555,786
0.0,61,0,512,786
0.0,60,0,526,786
0.0,59,0,533,786
0.0,58,0,561,786
0.0,57,0,538,786
0.0,56,0,612,786
0.0,55,0,631,786
0.0,54,0,562,786
0.0,53,0,556,786
0.0,51,0,596,786
0.0,50,0,529,786
0.0,49,0,594,786
0.0,48,0,509,786
0.0,37,0,525,786
0.0,36,0,597,786
0.0,35,0,630,786
0.0,34,0,595,786
0.0,33,0,513,786
0.0,32,0,558,786
0.0,31,0,516,786
0.0,30,0,615,786
0.0,29,0,520,786
0.0,28,0,629,786
0.0,27,0,592,786
0.0,26,0,449,786
0.0,24,0,514,786
0.0,21,0,628,786
2.0,13,0,537,786
3.0,10,0,593,786
4.0,8,0,528,786
6.0,5,0,611,786
8.0,4,1,559,786
0.0,47,0,589,786
0.0,46,0,479,786
0.0,45,0,483,786
0.0,44,0,501,786
0.0,43,0,427,786
0.0,41,0,627,786
0.0,38,0,626,786
0.0,25,0,547,786
0.0,23,0,607,786
0.0,18,0,625,786
2.0,11,0,624,786
10.5,1,1,579,786
0.0,42,0,498,786
1.5,14,0,608,786
0.0,40,0,496,786
0.0,39,0,586,786
3.0,9,0,581,786
8.0,3,1,475,786
0.0,22,0,623,786
2.0,12,0,482,786
1.5,16,0,622,786
4.0,7,0,578,786
10.0,2,0,554,786
4.0,6,1,577,786
0.0,56,0,532,787
0.0,24,0,806,787
1.5,19,0,583,787
0.0,48,0,580,787
0.0,47,0,634,787
0.0,22,0,429,787
2.0,17,0,633,787
6.0,6,0,632,787
1.0,21,0,555,787
0.0,65,0,512,787
0.0,64,0,526,787
0.0,63,0,533,787
0.0,62,0,561,787
0.0,61,0,538,787
0.0,60,0,612,787
0.0,59,0,631,787
0.0,58,0,562,787
0.0,57,0,556,787
0.0,55,0,596,787
0.0,54,0,529,787
0.0,53,0,594,787
0.0,52,0,509,787
0.0,41,0,525,787
0.0,40,0,597,787
0.0,39,0,630,787
0.0,38,0,595,787
0.0,37,0,513,787
0.0,36,0,558,787
0.0,35,0,516,787
0.0,34,0,615,787
0.0,33,0,520,787
0.0,32,0,629,787
0.0,31,0,592,787
0.0,30,0,449,787
0.0,27,0,514,787
0.0,25,0,628,787
2.0,16,0,537,787
3.0,12,0,593,787
4.0,10,0,528,787
6.0,7,0,611,787
8.0,5,1,559,787
0.0,51,0,589,787
0.0,50,0,479,787
0.0,49,0,483,787
3.0,11,0,501,787
0.0,44,0,427,787
0.0,28,0,627,787
0.0,42,0,626,787
0.0,29,0,547,787
2.0,13,0,607,787
0.0,23,0,625,787
2.0,14,0,624,787
10.5,3,1,579,787
0.0,46,0,498,787
1.5,18,0,608,787
0.0,45,0,496,787
0.0,43,0,586,787
11.0,1,1,581,787
11.0,2,1,475,787
0.0,26,0,623,787
2.0,15,0,482,787
1.5,20,0,622,787
4.0,9,0,578,787
10.0,4,0,554,787
4.0,8,1,577,787
0.0,59,0,532,788
0.0,25,0,806,788
1.5,19,0,583,788
0.0,54,0,635,788
0.0,51,0,606,788
0.0,48,0,609,788
0.0,28,0,580,788
0.0,49,0,634,788
0.0,22,0,429,788
2.0,17,0,633,788
6.0,7,0,632,788
1.0,21,0,555,788
0.0,68,0,512,788
0.0,67,0,526,788
0.0,66,0,533,788
0.0,65,0,561,788
0.0,64,0,538,788
0.0,63,0,612,788
0.0,62,0,631,788
0.0,61,0,562,788
0.0,60,0,556,788
0.0,58,0,596,788
0.0,57,0,529,788
0.0,56,0,594,788
0.0,55,0,509,788
0.0,43,0,525,788
0.0,42,0,597,788
0.0,41,0,630,788
0.0,40,0,595,788
0.0,39,0,513,788
0.0,38,0,558,788
0.0,37,0,516,788
0.0,36,0,615,788
0.0,35,0,520,788
0.0,34,0,629,788
0.0,33,0,592,788
0.0,31,0,449,788
0.0,29,0,514,788
0.0,26,0,628,788
2.0,18,0,537,788
3.0,14,0,593,788
4.0,11,0,528,788
6.0,8,0,611,788
8.0,5,1,559,788
0.0,53,0,589,788
0.0,52,0,479,788
0.0,50,0,483,788
3.0,13,0,501,788
0.0,45,0,427,788
0.0,23,0,627,788
0.0,32,0,626,788
0.0,30,0,547,788
3.0,12,0,607,788
0.0,24,0,625,788
2.0,15,0,624,788
14.5,2,1,579,788
0.0,47,0,498,788
7.5,6,0,608,788
0.0,46,0,496,788
0.0,44,0,586,788
19.0,1,2,581,788
12.0,4,1,475,788
0.0,27,0,623,788
2.0,16,0,482,788
1.5,20,0,622,788
4.0,10,0,578,788
14.0,3,0,554,788
4.0,9,1,577,788
0.0,65,0,532,789
0.0,28,0,806,789
1.5,22,0,583,789
0.0,72,0,541,789
0.0,71,0,356,789
0.0,68,0,585,789
0.0,67,0,637,789
0.0,64,0,620,789
0.0,62,0,506,789
0.0,57,0,456,789
0.0,53,0,636,789
0.0,37,0,619,789
3.0,15,0,486,789
0.0,58,0,635,789
3.0,12,0,606,789
0.0,51,0,609,789
0.0,31,0,580,789
0.0,52,0,634,789
0.0,25,0,429,789
2.0,17,0,633,789
6.0,7,0,632,789
1.0,24,0,555,789
0.0,78,0,512,789
0.0,77,0,526,789
0.0,76,0,533,789
0.0,75,0,561,789
0.0,74,0,538,789
0.0,73,0,612,789
0.0,70,0,631,789
0.0,69,0,562,789
0.0,66,0,556,789
0.0,63,0,596,789
0.0,61,0,529,789
0.0,60,0,594,789
0.0,59,0,509,789
0.0,46,0,525,789
0.0,45,0,597,789
0.0,44,0,630,789
0.0,43,0,595,789
0.0,42,0,513,789
0.0,41,0,558,789
0.0,40,0,516,789
0.0,39,0,615,789
0.0,38,0,520,789
0.0,36,0,629,789
0.0,35,0,592,789
0.0,33,0,449,789
0.0,32,0,514,789
0.0,29,0,628,789
2.0,21,0,537,789
3.0,16,0,593,789
4.0,11,0,528,789
6.0,8,0,611,789
8.0,5,1,559,789
0.0,56,0,589,789
0.0,55,0,479,789
0.0,54,0,483,789
3.0,14,0,501,789
0.0,48,0,427,789
0.0,26,0,627,789
0.0,34,0,626,789
2.0,19,0,547,789
3.0,13,0,607,789
0.0,27,0,625,789
2.0,18,0,624,789
22.5,1,2,579,789
0.0,50,0,498,789
7.5,6,0,608,789
0.0,49,0,496,789
0.0,47,0,586,789
22.0,2,2,581,789
13.0,4,1,475,789
0.0,30,0,623,789
2.0,20,0,482,789
1.5,23,0,622,789
4.0,10,0,578,789
18.0,3,0,554,789
4.0,9,1,577,789
0.0,67,0,532,790
0.0,29,0,806,790
1.5,24,0,583,790
0.0,48,0,639,790
0.0,47,0,638,790
0.0,74,0,541,790
0.0,73,0,356,790
0.0,70,0,585,790
0.0,69,0,637,790
0.0,57,0,620,790
0.0,65,0,506,790
0.0,58,0,456,790
0.0,55,0,636,790
0.0,37,0,619,790
3.0,16,0,486,790
0.0,61,0,635,790
3.0,12,0,606,790
0.0,53,0,609,790
3.0,14,0,580,790
0.0,54,0,634,790
0.0,27,0,429,790
2.0,19,0,633,790
6.0,7,0,632,790
1.0,26,0,555,790
0.0,80,0,512,790
0.0,79,0,526,790
0.0,78,0,533,790
0.0,77,0,561,790
0.0,76,0,538,790
0.0,75,0,612,790
0.0,72,0,631,790
0.0,71,0,562,790
0.0,68,0,556,790
0.0,66,0,596,790
0.0,64,0,529,790
0.0,63,0,594,790
0.0,62,0,509,790
0.0,46,0,525,790
0.0,45,0,597,790
0.0,44,0,630,790
0.0,43,0,595,790
0.0,42,0,513,790
0.0,41,0,558,790
0.0,40,0,516,790
0.0,39,0,615,790
0.0,38,0,520,790
0.0,36,0,629,790
0.0,35,0,592,790
0.0,33,0,449,790
0.0,32,0,514,790
0.0,30,0,628,790
2.0,23,0,537,790
3.0,17,0,593,790
4.0,11,0,528,790
6.0,8,0,611,790
8.0,5,1,559,790
0.0,60,0,589,790
0.0,59,0,479,790
0.0,56,0,483,790
3.0,15,0,501,790
0.0,50,0,427,790
2.0,18,0,627,790
0.0,34,0,626,790
2.0,21,0,547,790
3.0,13,0,607,790
0.0,28,0,625,790
2.0,20,0,624,790
30.0,1,3,579,790
0.0,52,0,498,790
7.5,6,0,608,790
0.0,51,0,496,790
0.0,49,0,586,790
22.0,2,2,581,790
19.0,4,1,475,790
0.0,31,0,623,790
2.0,22,0,482,790
1.5,25,0,622,790
4.0,10,0,578,790
22.0,3,0,554,790
4.0,9,1,577,790
0.0,65,0,347,791
0.0,72,0,532,791
0.0,31,0,806,791
0.0,77,0,476,791
0.0,71,0,610,791
0.0,64,0,641,791
1.5,25,0,583,791
0.0,34,0,640,791
0.0,53,0,639,791
0.0,52,0,638,791
4.0,13,0,541,791
0.0,79,0,356,791
0.0,75,0,585,791
0.0,74,0,637,791
0.0,57,0,620,791
0.0,61,0,506,791
0.0,41,0,456,791
0.0,59,0,636,791
0.0,42,0,619,791
5.0,10,0,486,791
0.0,66,0,635,791
3.0,15,0,606,791
0.0,38,0,609,791
6.0,9,0,580,791
0.0,58,0,634,791
0.0,28,0,429,791
2.0,20,0,633,791
6.0,7,0,632,791
1.0,27,0,555,791
0.0,85,0,512,791
0.0,84,0,526,791
0.0,83,0,533,791
0.0,82,0,561,791
0.0,81,0,538,791
0.0,80,0,612,791
0.0,78,0,631,791
0.0,76,0,562,791
0.0,73,0,556,791
0.0,70,0,596,791
0.0,69,0,529,791
0.0,68,0,594,791
0.0,67,0,509,791
0.0,51,0,525,791
0.0,50,0,597,791
0.0,49,0,630,791
0.0,48,0,595,791
0.0,47,0,513,791
0.0,46,0,558,791
0.0,45,0,516,791
0.0,44,0,615,791
0.0,43,0,520,791
0.0,40,0,629,791
0.0,39,0,592,791
0.0,36,0,449,791
0.0,35,0,514,791
0.0,32,0,628,791
2.0,24,0,537,791
3.0,18,0,593,791
4.0,14,0,528,791
6.0,8,0,611,791
8.0,5,1,559,791
0.0,63,0,589,791
0.0,62,0,479,791
0.0,60,0,483,791
3.0,17,0,501,791
0.0,54,0,427,791
2.0,19,0,627,791
0.0,37,0,626,791
2.0,22,0,547,791
3.0,16,0,607,791
0.0,30,0,625,791
2.0,21,0,624,791
30.0,1,3,579,791
0.0,56,0,498,791
7.5,6,0,608,791
0.0,55,0,496,791
0.0,29,0,586,791
25.0,3,2,581,791
27.0,2,2,475,791
0.0,33,0,623,791
2.0,23,0,482,791
1.5,26,0,622,791
4.0,12,0,578,791
22.0,4,0,554,791
4.0,11,1,577,791
1.33,6,0,620,792
0.0,14,0,496,792
0.0,22,0,649,792
0.0,17,0,633,792
1.0,8,0,648,792
0.0,11,0,554,792
0.0,21,0,625,792
0.0,20,0,647,792
0.0,19,0,623,792
1.0,7,0,475,792
0.0,18,0,608,792
3.33,2,0,427,792
0.0,16,0,646,792
0.0,15,0,645,792
0.0,12,0,644,792
0.0,13,0,577,792
0.0,10,0,501,792
2.0,5,0,643,792
1.0,9,0,478,792
3.33,3,0,642,792
2.0,4,0,498,792
9.0,1,1,579,792
0.0,19,0,632,793
1.33,10,0,620,793
0.0,33,0,652,793
0.0,32,0,651,793
0.0,30,0,627,793
0.0,29,0,578,793
0.0,28,0,609,793
0.0,27,0,626,793
2.0,7,0,607,793
0.0,20,0,641,793
0.0,18,0,650,793
0.0,15,0,589,793
0.0,21,0,496,793
0.0,31,0,649,793
2.0,8,0,633,793
1.0,12,0,648,793
2.0,6,0,554,793
0.0,25,0,625,793
0.0,24,0,647,793
0.0,26,0,623,793
1.0,11,0,475,793
6.0,4,0,608,793
11.33,1,1,427,793
0.0,23,0,646,793
0.0,22,0,645,793
0.0,17,0,644,793
0.0,16,0,577,793
0.0,14,0,501,793
2.0,9,0,643,793
1.0,13,0,478,793
6.33,3,0,642,793
2.0,5,0,498,793
10.0,2,1,579,793
1.0,20,0,519,794
3.0,8,0,555,794
0.0,29,0,632,794
1.33,15,0,620,794
0.0,68,0,592,794
0.0,67,0,615,794
0.0,66,0,659,794
0.0,65,0,596,794
0.0,64,0,533,794
0.0,63,0,449,794
0.0,62,0,558,794
0.0,61,0,658,794
1.0,21,0,657,794
0.0,60,0,525,794
0.0,59,0,561,794
0.0,57,0,532,794
0.0,56,0,593,794
0.0,53,0,631,794
0.0,51,0,611,794
0.0,50,0,523,794
0.0,47,0,656,794
0.0,46,0,655,794
0.0,44,0,528,794
0.0,37,0,509,794
0.0,36,0,513,794
0.0,35,0,563,794
0.0,34,0,518,794
0.0,33,0,559,794
0.0,32,0,556,794
0.0,30,0,597,794
0.0,27,0,538,794
0.0,24,0,612,794
1.0,19,0,654,794
3.0,9,0,512,794
4.0,6,0,653,794
3.0,7,0,529,794
8.0,3,1,628,794
0.0,58,0,652,794
0.0,55,0,651,794
0.0,52,0,627,794
0.0,49,0,578,794
0.0,48,0,609,794
0.0,45,0,626,794
2.0,12,0,607,794
0.0,31,0,641,794
0.0,28,0,650,794
0.0,23,0,589,794
0.0,38,0,496,794
0.0,54,0,649,794
2.0,13,0,633,794
1.0,17,0,648,794
2.0,11,0,554,794
0.0,42,0,625,794
0.0,41,0,647,794
0.0,43,0,623,794
1.0,16,0,475,794
6.0,5,0,608,794
11.33,1,1,427,794
0.0,40,0,646,794
0.0,39,0,645,794
0.0,26,0,644,794
0.0,25,0,577,794
0.0,22,0,501,794
2.0,14,0,643,794
1.0,18,0,478,794
6.33,4,0,642,794
2.0,10,0,498,794
10.0,2,1,579,794
1.0,21,0,519,795
3.0,9,0,555,795
1.33,17,0,620,795
0.0,45,0,660,795
3.0,11,0,632,795
0.0,69,0,592,795
0.0,68,0,615,795
0.0,67,0,659,795
0.0,66,0,596,795
0.0,65,0,533,795
0.0,64,0,449,795
0.0,63,0,558,795
0.0,62,0,658,795
1.0,22,0,657,795
0.0,61,0,525,795
0.0,60,0,561,795
0.0,58,0,532,795
0.0,57,0,593,795
0.0,54,0,631,795
0.0,53,0,611,795
0.0,52,0,523,795
0.0,50,0,656,795
0.0,49,0,655,795
0.0,47,0,528,795
0.0,38,0,509,795
0.0,37,0,513,795
0.0,36,0,563,795
0.0,35,0,518,795
0.0,34,0,559,795
0.0,33,0,556,795
0.0,31,0,597,795
0.0,28,0,538,795
0.0,25,0,612,795
1.0,20,0,654,795
3.0,12,0,512,795
4.0,7,0,653,795
3.0,8,0,529,795
8.0,4,1,628,795
0.0,59,0,652,795
0.0,56,0,651,795
0.0,32,0,627,795
0.0,43,0,578,795
0.0,51,0,609,795
0.0,48,0,626,795
2.0,15,0,607,795
0.0,30,0,641,795
0.0,29,0,650,795
0.0,24,0,589,795
0.0,39,0,496,795
0.0,55,0,649,795
2.0,16,0,633,795
1.0,18,0,648,795
3.0,10,0,554,795
0.0,44,0,625,795
0.0,42,0,647,795
0.0,46,0,623,795
7.0,5,0,475,795
6.0,6,0,608,795
11.33,2,1,427,795
0.0,41,0,646,795
0.0,40,0,645,795
0.0,27,0,644,795
0.0,26,0,577,795
0.0,23,0,501,795
3.0,13,0,643,795
1.0,19,0,478,795
10.33,3,0,642,795
2.0,14,0,498,795
19.0,1,2,579,795
0.0,52,0,661,796
0.0,48,0,547,796
0.0,32,0,624,796
0.0,37,0,660,796
3.0,13,0,632,796
0.0,72,0,592,796
0.0,71,0,615,796
0.0,70,0,659,796
0.0,69,0,596,796
0.0,68,0,533,796
0.0,67,0,449,796
0.0,66,0,558,796
0.0,65,0,658,796
1.0,23,0,657,796
0.0,64,0,525,796
0.0,63,0,561,796
0.0,61,0,532,796
0.0,60,0,593,796
0.0,57,0,631,796
0.0,56,0,611,796
0.0,55,0,523,796
0.0,53,0,656,796
0.0,51,0,655,796
0.0,50,0,528,796
0.0,41,0,509,796
0.0,40,0,513,796
0.0,39,0,563,796
0.0,38,0,518,796
0.0,36,0,559,796
0.0,35,0,556,796
0.0,33,0,597,796
0.0,30,0,538,796
0.0,26,0,612,796
1.0,21,0,654,796
3.0,14,0,512,796
4.0,9,0,653,796
3.0,10,0,529,796
8.0,5,1,628,796
0.0,62,0,652,796
0.0,59,0,651,796
0.0,34,0,627,796
0.0,29,0,578,796
0.0,54,0,609,796
0.0,46,0,626,796
2.0,16,0,607,796
0.0,31,0,641,796
0.0,27,0,650,796
0.0,25,0,589,796
0.0,42,0,496,796
0.0,58,0,649,796
2.0,17,0,633,796
1.0,19,0,648,796
3.0,12,0,554,796
0.0,47,0,625,796
0.0,45,0,647,796
0.0,49,0,623,796
13.0,2,0,475,796
8.0,6,0,608,796
11.33,3,1,427,796
0.0,44,0,646,796
0.0,43,0,645,796
0.0,28,0,644,796
4.0,8,0,577,796
0.0,24,0,501,796
7.0,7,0,643,796
1.0,20,0,478,796
10.33,4,0,642,796
2.0,15,0,498,796
27.0,1,3,579,796
1.0,23,0,519,797
3.0,12,0,555,797
1.33,20,0,620,797
0.0,73,0,486,797
0.0,67,0,665,797
0.0,64,0,666,797
0.0,59,0,456,797
0.0,54,0,581,797
0.0,51,0,664,797
0.0,49,0,356,797
0.0,38,0,663,797
0.0,32,0,662,797
0.0,57,0,661,797
0.0,53,0,547,797
0.0,33,0,624,797
0.0,40,0,660,797
3.0,15,0,632,797
0.0,81,0,592,797
0.0,80,0,615,797
0.0,79,0,659,797
0.0,78,0,596,797
0.0,77,0,533,797
0.0,76,0,449,797
0.0,75,0,558,797
0.0,74,0,658,797
1.0,24,0,657,797
0.0,72,0,525,797
0.0,71,0,561,797
0.0,69,0,532,797
0.0,68,0,593,797
0.0,65,0,631,797
0.0,63,0,611,797
0.0,62,0,523,797
0.0,61,0,656,797
0.0,58,0,655,797
0.0,56,0,528,797
0.0,44,0,509,797
0.0,43,0,513,797
0.0,42,0,563,797
0.0,41,0,518,797
0.0,39,0,559,797
0.0,37,0,556,797
0.0,35,0,597,797
0.0,31,0,538,797
0.0,28,0,612,797
1.0,22,0,654,797
3.0,16,0,512,797
4.0,10,0,653,797
3.0,11,0,529,797
8.0,5,1,628,797
0.0,70,0,652,797
0.0,34,0,651,797
0.0,36,0,627,797
0.0,26,0,578,797
0.0,60,0,609,797
0.0,50,0,626,797
2.0,18,0,607,797
3.0,14,0,641,797
0.0,29,0,650,797
0.0,27,0,589,797
0.0,45,0,496,797
0.0,66,0,649,797
2.0,19,0,633,797
5.0,9,0,648,797
3.0,13,0,554,797
0.0,52,0,625,797
0.0,48,0,647,797
0.0,55,0,623,797
22.0,2,1,475,797
8.0,6,0,608,797
11.33,3,1,427,797
0.0,47,0,646,797
0.0,46,0,645,797
0.0,30,0,644,797
6.0,8,0,577,797
0.0,25,0,501,797
7.0,7,0,643,797
1.0,21,0,478,797
10.33,4,0,642,797
2.0,17,0,498,797
33.0,1,3,579,797
0.0,74,0,586,798
0.0,65,0,668,798
0.0,40,0,667,798
1.33,21,0,620,798
0.0,76,0,486,798
0.0,69,0,665,798
0.0,66,0,666,798
0.0,60,0,456,798
0.0,55,0,581,798
0.0,53,0,664,798
0.0,50,0,356,798
0.0,38,0,663,798
0.0,33,0,662,798
0.0,58,0,661,798
0.0,51,0,547,798
0.0,34,0,624,798
0.0,42,0,660,798
3.0,15,0,632,798
0.0,84,0,592,798
0.0,83,0,615,798
0.0,82,0,659,798
0.0,81,0,596,798
0.0,80,0,533,798
0.0,79,0,449,798
0.0,78,0,558,798
0.0,77,0,658,798
1.0,25,0,657,798
0.0,75,0,525,798
0.0,73,0,561,798
0.0,71,0,532,798
0.0,70,0,593,798
0.0,67,0,631,798
0.0,64,0,611,798
0.0,63,0,523,798
0.0,62,0,656,798
0.0,59,0,655,798
0.0,57,0,528,798
0.0,46,0,509,798
0.0,45,0,513,798
0.0,44,0,563,798
0.0,43,0,518,798
0.0,41,0,559,798
0.0,39,0,556,798
0.0,36,0,597,798
0.0,32,0,538,798
0.0,29,0,612,798
1.0,23,0,654,798
3.0,16,0,512,798
4.0,12,0,653,798
3.0,13,0,529,798
8.0,7,1,628,798
0.0,72,0,652,798
0.0,35,0,651,798
0.0,37,0,627,798
0.0,27,0,578,798
0.0,61,0,609,798
0.0,52,0,626,798
2.0,18,0,607,798
9.0,6,0,641,798
0.0,30,0,650,798
0.0,28,0,589,798
2.0,19,0,496,798
0.0,68,0,649,798
2.0,20,0,633,798
5.0,11,0,648,798
6.0,9,0,554,798
0.0,54,0,625,798
0.0,49,0,647,798
0.0,56,0,623,798
23.0,2,1,475,798
12.0,3,0,608,798
11.33,4,1,427,798
0.0,48,0,646,798
0.0,47,0,645,798
0.0,31,0,644,798
6.0,10,0,577,798
0.0,26,0,501,798
7.0,8,0,643,798
1.0,22,0,478,798
10.33,5,0,642,798
2.0,17,0,498,798
40.0,1,4,579,798
0.0,16,0,496,799
0.0,15,0,577,799
0.0,14,0,627,799
0.0,13,0,672,799
0.0,12,0,671,799
0.0,11,0,643,799
0.0,10,0,670,799
0.0,9,0,620,799
0.0,8,0,640,799
0.0,7,0,669,799
0.0,6,0,501,799
2.0,5,0,625,799
3.0,4,0,427,799
5.0,3,0,498,799
0.0,55,0,805,800
0.0,54,0,559,800
0.0,50,0,513,800
0.0,38,0,730,800
0.0,36,0,702,800
0.0,33,0,799,800
0.0,31,0,613,800
0.0,27,0,654,800
0.0,22,0,653,800
0.0,58,0,519,800
0.0,25,0,593,800
0.0,57,0,678,800
0.0,56,0,677,800
0.0,32,0,529,800
0.0,48,0,509,800
0.0,52,0,556,800
0.0,16,0,659,800
0.0,24,0,612,800
0.0,53,0,512,800
0.0,40,0,520,800
0.0,51,0,449,800
0.0,49,0,597,800
0.0,23,0,611,800
0.0,39,0,676,800
0.0,37,0,596,800
0.0,35,0,592,800
0.0,34,0,679,800
1.5,10,0,518,800
0.0,30,0,628,800
0.0,29,0,675,800
0.0,28,0,521,800
0.0,26,0,656,800
0.0,21,0,655,800
0.0,19,0,674,800
0.0,18,0,555,800
0.0,12,0,615,800
2.0,9,0,673,800
1.5,11,0,526,800
6.0,3,0,525,800
8.0,2,1,657,800
0.0,47,0,496,800
0.0,46,0,577,800
0.0,45,0,627,800
0.0,44,0,672,800
0.0,43,0,671,800
0.0,42,0,643,800
0.0,41,0,670,800
0.0,20,0,620,800
0.0,17,0,640,800
0.0,14,0,669,800
1.5,13,0,578,801
0.0,62,0,805,801
0.0,61,0,559,801
0.0,57,0,513,801
0.0,42,0,730,801
0.0,40,0,702,801
0.0,37,0,799,801
0.0,35,0,613,801
0.0,31,0,654,801
0.0,26,0,653,801
0.0,49,0,680,801
0.0,46,0,554,801
0.0,45,0,632,801
0.0,19,0,644,801
2.0,11,0,429,801
4.0,8,0,475,801
0.0,65,0,519,801
0.0,29,0,593,801
0.0,64,0,678,801
0.0,63,0,677,801
0.0,36,0,529,801
0.0,55,0,509,801
0.0,59,0,556,801
0.0,20,0,659,801
0.0,28,0,612,801
0.0,60,0,512,801
0.0,44,0,520,801
0.0,58,0,449,801
0.0,56,0,597,801
0.0,27,0,611,801
0.0,41,0,596,801
0.0,39,0,592,801
0.0,38,0,679,801
1.5,12,0,518,801
0.0,34,0,628,801
0.0,33,0,675,801
0.0,32,0,521,801
0.0,30,0,656,801
0.0,25,0,655,801
0.0,23,0,674,801
0.0,22,0,555,801
0.0,16,0,615,801
2.0,10,0,673,801
1.5,14,0,526,801
5.0,7,0,658,801
6.0,6,0,525,801
8.0,3,1,657,801
0.0,54,0,496,801
0.0,53,0,577,801
0.0,52,0,627,801
0.0,51,0,672,801
0.0,72,0,805,802
0.0,71,0,559,802
0.0,67,0,513,802
0.0,47,0,730,802
0.0,45,0,702,802
0.0,42,0,799,802
0.0,40,0,613,802
0.0,36,0,654,802
0.0,31,0,653,802
0.0,65,0,647,802
0.0,64,0,650,802
1.5,17,0,578,802
0.0,61,0,681,802
0.0,59,0,651,802
0.0,58,0,456,802
1.0,19,0,478,802
0.0,54,0,663,802
2.0,15,0,633,802
4.0,9,0,626,802
6.0,7,0,648,802
0.0,55,0,680,802
0.0,20,0,554,802
0.0,50,0,632,802
0.0,23,0,644,802
2.0,14,0,429,802
4.0,10,0,475,802
0.0,75,0,519,802
0.0,34,0,593,802
0.0,74,0,678,802
0.0,73,0,677,802
0.0,41,0,529,802
0.0,63,0,509,802
0.0,69,0,556,802
0.0,25,0,659,802
0.0,33,0,612,802
0.0,70,0,512,802
0.0,49,0,520,802
0.0,68,0,449,802
0.0,66,0,597,802
0.0,32,0,611,802
0.0,48,0,676,802
0.0,46,0,596,802
0.0,44,0,592,802
0.0,43,0,679,802
1.5,16,0,518,802
0.0,39,0,628,802
0.0,38,0,675,802
0.0,37,0,521,802
0.0,35,0,656,802
0.0,30,0,655,802
0.0,28,0,674,802
0.0,27,0,555,802
0.0,24,0,528,802
0.0,22,0,615,802
2.0,13,0,673,802
0.0,70,0,541,803
0.0,85,0,805,803
0.0,82,0,559,803
0.0,74,0,513,803
0.0,55,0,730,803
0.0,53,0,702,803
0.0,50,0,799,803
0.0,47,0,613,803
0.0,41,0,654,803
0.0,35,0,653,803
0.0,89,0,690,803
0.0,87,0,689,803
0.0,84,0,688,803
0.0,83,0,687,803
0.0,81,0,581,803
0.0,80,0,645,803
0.0,77,0,686,803
0.0,75,0,685,803
0.0,66,0,684,803
0.0,49,0,547,803
0.0,46,0,683,803
0.0,44,0,665,803
0.0,39,0,682,803
0.0,33,0,619,803
0.0,72,0,647,803
0.0,71,0,650,803
7.64,5,0,578,803
0.0,67,0,681,803
0.0,62,0,456,803
1.0,20,0,478,803
0.0,27,0,663,803
2.0,15,0,633,803
4.0,12,0,626,803
6.0,6,0,648,803
0.0,60,0,680,803
0.0,22,0,554,803
0.0,58,0,632,803
0.0,25,0,644,803
2.0,14,0,429,803
4.0,11,0,475,803
0.0,90,0,519,803
0.0,38,0,593,803
0.0,88,0,678,803
0.0,86,0,677,803
0.0,48,0,529,803
0.0,69,0,509,803
0.0,78,0,556,803
0.0,28,0,659,803
0.0,37,0,612,803
0.0,79,0,512,803
0.0,57,0,520,803
0.0,76,0,449,803
0.0,73,0,597,803
0.0,36,0,611,803
0.0,56,0,676,803
0.0,54,0,596,803
0.0,52,0,592,803
0.0,51,0,679,803
1.5,18,0,518,803
0.0,45,0,628,803
0.0,43,0,675,803
0.0,42,0,521,803
0.0,40,0,656,803
0.0,31,0,674,803
0.0,26,0,528,803
0.0,24,0,615,803
1.5,19,0,526,803
6.0,8,0,525,803
8.0,4,1,657,803
0.0,68,0,496,803
0.0,65,0,577,803
0.0,59,0,627,803
0.0,63,0,672,803
0.0,61,0,671,803
4.14,10,0,670,803
0.0,32,0,620,803
0.0,29,0,640,803
0.0,21,0,501,803
2.0,16,0,625,803
11.0,3,0,427,803
14.64,2,1,498,803
6.0,7,0,642,803
28.14,1,3,579,803
0.0,74,0,541,804
0.0,88,0,805,804
0.0,85,0,559,804
0.0,78,0,513,804
0.0,57,0,730,804
0.0,55,0,702,804
0.0,52,0,799,804
0.0,49,0,613,804
0.0,43,0,654,804
0.0,37,0,653,804
0.0,64,0,692,804
0.0,61,0,691,804
0.0,26,0,641,804
0.0,92,0,690,804
0.0,90,0,689,804
0.0,87,0,688,804
0.0,86,0,687,804
0.0,84,0,581,804
0.0,62,0,645,804
0.0,81,0,686,804
0.0,79,0,685,804
0.0,70,0,684,804
0.0,51,0,547,804
0.0,48,0,683,804
0.0,46,0,665,804
0.0,41,0,682,804
0.0,35,0,619,804
0.0,76,0,647,804
0.0,75,0,650,804
10.64,4,0,578,804
0.0,71,0,681,804
0.0,68,0,651,804
0.0,66,0,456,804
1.0,21,0,478,804
0.0,29,0,663,804
2.0,16,0,633,804
4.0,11,0,626,804
10.0,5,0,648,804
0.0,63,0,680,804
0.0,23,0,554,804
0.0,60,0,632,804
2.0,14,0,644,804
2.0,15,0,429,804
4.0,12,0,475,804
0.0,93,0,519,804
0.0,40,0,593,804
0.0,91,0,678,804
0.0,89,0,677,804
0.0,50,0,529,804
0.0,73,0,509,804
0.0,82,0,556,804
0.0,30,0,659,804
0.0,39,0,612,804
0.0,83,0,512,804
0.0,59,0,520,804
0.0,80,0,449,804
0.0,77,0,597,804
0.0,38,0,611,804
0.0,58,0,676,804
0.0,56,0,596,804
0.0,54,0,592,804
0.0,53,0,679,804
1.5,19,0,518,804
0.0,47,0,628,804
0.0,45,0,675,804
0.0,44,0,521,804
0.0,42,0,656,804
0.0,33,0,674,804
0.0,32,0,555,804
0.0,27,0,528,804
2.0,18,0,673,804
1.5,20,0,526,804
5.0,9,0,658,804
6.0,8,0,525,804
8.0,6,1,657,804
0.0,72,0,496,804
0.0,69,0,577,804
0.0,28,0,627,804
0.0,67,0,672,804
0.0,65,0,671,804
4.14,10,0,670,804
0.0,34,0,620,804
3.0,13,0,669,804
0.0,22,0,501,804
2.0,17,0,625,804
17.64,2,1,498,804
4.0,3,0,341,679
9.0,1,1,345,679
0.0,75,0,541,805
0.0,89,0,805,805
0.0,86,0,559,805
0.0,79,0,513,805
0.0,58,0,730,805
0.0,56,0,702,805
0.0,53,0,799,805
0.0,50,0,613,805
0.0,44,0,654,805
0.0,38,0,653,805
0.0,66,0,693,805
0.0,64,0,692,805
0.0,62,0,691,805
0.0,27,0,641,805
0.0,93,0,690,805
0.0,91,0,689,805
0.0,88,0,688,805
0.0,87,0,687,805
0.0,85,0,581,805
0.0,63,0,645,805
0.0,82,0,686,805
0.0,80,0,685,805
0.0,71,0,684,805
0.0,52,0,547,805
0.0,49,0,683,805
0.0,47,0,665,805
0.0,42,0,682,805
0.0,36,0,619,805
0.0,77,0,647,805
0.0,76,0,650,805
10.64,4,0,578,805
0.0,72,0,681,805
0.0,69,0,651,805
0.0,67,0,456,805
5.0,9,0,478,805
0.0,24,0,663,805
2.0,18,0,633,805
4.0,12,0,626,805
10.0,5,0,648,805
0.0,31,0,680,805
0.0,25,0,554,805
0.0,61,0,632,805
4.0,14,0,644,805
2.0,17,0,429,805
4.0,13,0,475,805
0.0,94,0,519,805
0.0,41,0,593,805
0.0,92,0,678,805
0.0,90,0,677,805
0.0,51,0,529,805
0.0,74,0,509,805
0.0,83,0,556,805
0.0,32,0,659,805
0.0,40,0,612,805
0.0,84,0,512,805
0.0,60,0,520,805
0.0,81,0,449,805
0.0,78,0,597,805
0.0,39,0,611,805
0.0,59,0,676,805
0.0,57,0,596,805
0.0,55,0,592,805
0.0,54,0,679,805
1.5,21,0,518,805
0.0,48,0,628,805
0.0,46,0,675,805
0.0,45,0,521,805
0.0,43,0,656,805
0.0,37,0,655,805
0.0,35,0,674,805
0.0,77,0,541,806
0.0,90,0,805,806
0.0,87,0,559,806
0.0,81,0,513,806
0.0,61,0,730,806
0.0,59,0,702,806
0.0,56,0,799,806
0.0,53,0,613,806
0.0,47,0,654,806
0.0,41,0,653,806
0.0,79,0,694,806
0.0,27,0,693,806
0.0,68,0,692,806
0.0,66,0,691,806
0.0,29,0,641,806
0.0,94,0,690,806
0.0,92,0,689,806
0.0,89,0,688,806
0.0,88,0,687,806
0.0,30,0,581,806
0.0,67,0,645,806
0.0,84,0,686,806
0.0,82,0,685,806
0.0,73,0,684,806
0.0,55,0,547,806
0.0,52,0,683,806
0.0,50,0,665,806
0.0,45,0,682,806
0.0,38,0,619,806
0.0,65,0,647,806
16.64,4,0,578,806
0.0,74,0,681,806
0.0,72,0,651,806
0.0,70,0,456,806
8.0,7,0,478,806
0.0,25,0,663,806
2.0,19,0,633,806
4.0,12,0,626,806
10.0,5,0,648,806
0.0,33,0,680,806
0.0,26,0,554,806
0.0,64,0,632,806
4.0,14,0,644,806
2.0,18,0,429,806
4.0,13,0,475,806
0.0,95,0,519,806
0.0,44,0,593,806
0.0,93,0,678,806
0.0,91,0,677,806
0.0,54,0,529,806
0.0,76,0,509,806
0.0,85,0,556,806
0.0,34,0,659,806
0.0,43,0,612,806
0.0,86,0,512,806
0.0,63,0,520,806
0.0,83,0,449,806
0.0,80,0,597,806
0.0,42,0,611,806
0.0,62,0,676,806
0.0,60,0,596,806
0.0,58,0,592,806
0.0,57,0,679,806
1.5,22,0,518,806
0.0,51,0,628,806
0.0,49,0,675,806
0.0,48,0,521,806
0.0,46,0,656,806
0.0,39,0,655,806
0.0,36,0,555,806
0.0,31,0,528,806
0.0,28,0,615,806
2.0,21,0,673,806
1.5,23,0,526,806
5.0,10,0,658,806
6.0,9,0,525,806
8.0,6,1,657,806
0.0,75,0,496,806
0.0,71,0,577,806
0.0,32,0,627,806
0.0,40,0,672,806
0.0,69,0,671,806
3.0,16,0,643,806
4.14,11,0,670,806
6.0,8,0,642,806
0.0,68,0,638,807
0.0,80,0,541,807
0.0,92,0,805,807
0.0,89,0,559,807
0.0,83,0,513,807
0.0,64,0,730,807
0.0,62,0,702,807
0.0,59,0,799,807
0.0,56,0,613,807
0.0,50,0,654,807
0.0,44,0,653,807
0.0,31,0,580,807
0.0,81,0,694,807
0.0,29,0,693,807
0.0,72,0,692,807
0.0,69,0,691,807
0.0,32,0,641,807
0.0,96,0,690,807
0.0,94,0,689,807
0.0,91,0,688,807
0.0,90,0,687,807
0.0,34,0,581,807
0.0,70,0,645,807
0.0,86,0,686,807
0.0,84,0,685,807
0.0,76,0,684,807
0.0,58,0,547,807
0.0,55,0,683,807
0.0,53,0,665,807
0.0,48,0,682,807
0.0,41,0,619,807
1.0,25,0,647,807
0.0,71,0,650,807
24.64,3,1,578,807
0.0,77,0,681,807
0.0,75,0,651,807
0.0,74,0,456,807
8.0,7,0,478,807
0.0,27,0,663,807
2.0,20,0,633,807
4.0,14,0,626,807
12.0,5,0,648,807
0.0,37,0,680,807
0.0,28,0,554,807
0.0,67,0,632,807
4.0,16,0,644,807
2.0,19,0,429,807
4.0,15,0,475,807
0.0,97,0,519,807
0.0,47,0,593,807
0.0,95,0,678,807
0.0,93,0,677,807
0.0,57,0,529,807
0.0,79,0,509,807
0.0,87,0,556,807
0.0,38,0,659,807
0.0,46,0,612,807
0.0,88,0,512,807
0.0,66,0,520,807
0.0,85,0,449,807
0.0,82,0,597,807
0.0,45,0,611,807
0.0,65,0,676,807
0.0,63,0,596,807
0.0,61,0,592,807
0.0,60,0,679,807
1.5,23,0,518,807
0.0,54,0,628,807
0.0,52,0,675,807
0.0,51,0,521,807
0.0,42,0,655,807
0.0,40,0,674,807
0.0,39,0,555,807
0.0,30,0,615,807
2.0,22,0,673,807
5.0,12,0,658,807
6.0,10,0,525,807
8.0,6,1,657,807
0.0,78,0,496,807
0.0,33,0,627,807
0.0,73,0,671,807
6.0,11,0,643,807
4.14,13,0,670,807
2.0,18,0,620,807
0.0,36,0,640,807
0.0,26,0,501,807
17.0,4,0,427,807
25.14,2,1,498,807
6.0,8,0,642,807
0.0,7,0,501,808
0.0,17,0,698,808
0.0,16,0,649,808
0.0,15,0,496,808
0.0,14,0,642,808
0.0,13,0,697,808
0.0,12,0,579,808
0.0,11,0,626,808
0.0,10,0,689,808
0.0,9,0,696,808
0.0,8,0,427,808
0.0,6,0,554,808
2.0,5,0,695,808
3.0,4,0,578,808
4.0,3,0,498,808
6.0,2,0,633,808
9.0,1,1,647,808
0.0,46,0,797,809
0.0,36,0,804,809
0.0,33,0,630,809
0.0,16,0,513,809
0.0,17,0,501,809
0.0,32,0,612,809
0.0,45,0,512,809
0.0,27,0,702,809
0.0,54,0,655,809
0.0,21,0,521,809
0.0,22,0,520,809
0.0,53,0,528,809
0.0,52,0,593,809
1.5,11,0,555,809
2.0,7,0,518,809
0.0,51,0,659,809
0.0,50,0,559,809
0.0,49,0,673,809
0.0,48,0,628,809
0.0,47,0,677,809
0.0,44,0,613,809
0.0,35,0,654,809
0.0,34,0,449,809
0.0,31,0,701,809
0.0,30,0,525,809
0.0,29,0,675,809
0.0,28,0,700,809
0.0,26,0,699,809
0.0,25,0,653,809
0.0,23,0,529,809
0.0,20,0,679,809
0.0,15,0,509,809
0.0,14,0,556,809
2.0,10,0,658,809
1.5,12,0,615,809
2.0,8,0,611,809
6.0,3,0,656,809
9.0,2,1,657,809
0.0,43,0,698,809
0.0,42,0,649,809
0.0,41,0,496,809
0.0,40,0,642,809
0.0,39,0,697,809
0.0,38,0,579,809
0.0,37,0,626,809
0.0,24,0,689,809
0.0,19,0,696,809
0.0,18,0,427,809
0.0,13,0,554,809
2.0,9,0,695,809
3.0,6,0,578,809
4.0,5,0,498,809
6.0,4,0,633,809
9.0,1,1,647,809
0.0,55,0,797,810
0.0,42,0,804,810
0.0,39,0,630,810
0.0,21,0,513,810
0.0,56,0,651,810
0.0,52,0,456,810
0.0,51,0,663,810
0.0,49,0,643,810
0.0,46,0,660,810
0.0,20,0,501,810
0.0,45,0,664,810
0.0,30,0,475,810
0.0,24,0,581,810
0.0,22,0,627,810
2.0,11,0,640,810
0.0,38,0,612,810
0.0,54,0,512,810
0.0,33,0,702,810
0.0,64,0,655,810
0.0,26,0,521,810
0.0,27,0,520,810
0.0,63,0,528,810
0.0,62,0,593,810
1.5,14,0,555,810
2.0,9,0,518,810
0.0,61,0,659,810
0.0,60,0,559,810
0.0,59,0,673,810
0.0,58,0,628,810
0.0,57,0,677,810
0.0,53,0,613,810
0.0,41,0,654,810
0.0,40,0,449,810
0.0,37,0,701,810
0.0,36,0,525,810
0.0,35,0,675,810
0.0,34,0,700,810
0.0,32,0,699,810
0.0,31,0,653,810
0.0,28,0,529,810
0.0,25,0,679,810
0.0,19,0,509,810
0.0,18,0,556,810
2.0,13,0,658,810
1.5,15,0,615,810
2.0,10,0,611,810
6.0,5,0,656,810
9.0,2,1,657,810
0.0,50,0,698,810
0.0,48,0,649,810
0.0,47,0,496,810
6.0,4,0,642,810
2.0,8,0,697,810
0.0,44,0,579,810
0.0,43,0,626,810
0.0,29,0,689,810
0.0,23,0,696,810
0.0,16,0,427,810
0.0,17,0,554,810
2.0,12,0,695,810
6.0,7,0,578,810
6.0,6,0,498,810
7.0,3,0,633,810
17.0,1,2,647,810
0.0,61,0,797,811
0.0,46,0,804,811
0.0,43,0,630,811
0.0,23,0,513,811
0.0,63,0,703,811
0.0,60,0,681,811
0.0,36,0,429,811
0.0,34,0,632,811
0.0,32,0,693,811
4.0,9,0,670,811
0.0,51,0,651,811
0.0,57,0,456,811
0.0,56,0,663,811
0.0,54,0,643,811
0.0,50,0,660,811
0.0,20,0,501,811
0.0,49,0,664,811
0.0,31,0,475,811
0.0,24,0,581,811
0.0,21,0,627,811
5.0,8,0,640,811
0.0,42,0,612,811
0.0,59,0,512,811
0.0,37,0,702,811
0.0,70,0,655,811
0.0,27,0,521,811
0.0,28,0,520,811
0.0,69,0,528,811
0.0,68,0,593,811
1.5,16,0,555,811
2.0,11,0,518,811
0.0,67,0,659,811
0.0,66,0,559,811
0.0,65,0,673,811
0.0,64,0,628,811
0.0,62,0,677,811
0.0,58,0,613,811
0.0,45,0,654,811
0.0,44,0,449,811
0.0,41,0,701,811
0.0,40,0,525,811
0.0,39,0,675,811
0.0,38,0,700,811
0.0,35,0,699,811
0.0,33,0,653,811
0.0,29,0,529,811
0.0,26,0,679,811
0.0,22,0,509,811
0.0,19,0,556,811
2.0,15,0,658,811
1.5,17,0,615,811
2.0,12,0,611,811
6.0,6,0,656,811
9.0,3,1,657,811
0.0,55,0,698,811
0.0,53,0,649,811
0.0,52,0,496,811
6.0,5,0,642,811
2.0,10,0,697,811
0.0,48,0,579,811
0.0,47,0,626,811
0.0,30,0,689,811
0.0,25,0,696,811
2.0,13,0,427,811
0.0,18,0,554,811
2.0,14,0,695,811
6.0,7,0,578,811
7.0,4,0,498,811
13.0,2,0,633,811
25.0,1,3,647,811
0.0,64,0,625,812
0.0,61,0,669,812
0.0,45,0,589,812
0.0,44,0,704,812
0.0,36,0,619,812
0.0,68,0,703,812
0.0,65,0,681,812
0.0,38,0,429,812
0.0,35,0,632,812
0.0,33,0,693,812
4.0,10,0,670,812
0.0,54,0,651,812
0.0,60,0,456,812
0.0,59,0,663,812
0.0,56,0,643,812
0.0,39,0,660,812
0.0,21,0,501,812
0.0,53,0,664,812
0.0,28,0,475,812
0.0,25,0,581,812
0.0,22,0,627,812
5.0,9,0,640,812
0.0,47,0,612,812
0.0,63,0,512,812
0.0,40,0,702,812
0.0,75,0,655,812
0.0,29,0,521,812
0.0,30,0,520,812
0.0,74,0,528,812
0.0,73,0,593,812
1.5,17,0,555,812
2.0,12,0,518,812
0.0,72,0,659,812
0.0,71,0,559,812
0.0,70,0,673,812
0.0,69,0,628,812
0.0,67,0,677,812
0.0,62,0,613,812
0.0,50,0,654,812
0.0,49,0,449,812
0.0,46,0,701,812
0.0,43,0,525,812
0.0,42,0,675,812
0.0,41,0,700,812
0.0,37,0,699,812
0.0,34,0,653,812
0.0,31,0,529,812
0.0,27,0,679,812
0.0,23,0,509,812
0.0,20,0,556,812
2.0,16,0,658,812
1.5,18,0,615,812
2.0,13,0,611,812
6.0,8,0,656,812
9.0,5,1,657,812
0.0,58,0,698,812
0.0,57,0,649,812
0.0,55,0,496,812
8.0,6,0,642,812
2.0,11,0,697,812
7.0,7,0,579,812
0.0,52,0,626,812
0.0,32,0,689,812
0.0,26,0,696,812
2.0,14,0,427,812
0.0,19,0,554,812
2.0,15,0,695,812
14.0,2,1,578,812
11.0,4,0,498,812
13.0,3,0,633,812
28.0,1,3,647,812
0.0,80,0,705,813
0.0,78,0,708,813
0.0,76,0,707,813
0.0,64,0,486,813
0.0,58,0,666,813
0.0,57,0,706,813
0.0,36,0,687,813
0.0,68,0,625,813
0.0,24,0,669,813
0.0,48,0,589,813
0.0,47,0,704,813
0.0,39,0,619,813
0.0,72,0,703,813
0.0,69,0,681,813
0.0,41,0,429,813
0.0,38,0,632,813
0.0,35,0,693,813
4.0,10,0,670,813
0.0,59,0,651,813
0.0,65,0,456,813
0.0,27,0,663,813
0.0,61,0,643,813
0.0,42,0,660,813
0.0,21,0,501,813
0.0,56,0,664,813
0.0,31,0,475,813
0.0,26,0,581,813
0.0,22,0,627,813
5.0,9,0,640,813
0.0,50,0,612,813
0.0,67,0,512,813
0.0,43,0,702,813
0.0,82,0,655,813
0.0,32,0,521,813
0.0,33,0,520,813
0.0,81,0,528,813
0.0,79,0,593,813
1.5,17,0,555,813
2.0,12,0,518,813
0.0,77,0,659,813
0.0,75,0,559,813
0.0,74,0,673,813
0.0,73,0,628,813
0.0,71,0,677,813
0.0,66,0,613,813
0.0,53,0,654,813
0.0,52,0,449,813
0.0,49,0,701,813
0.0,46,0,525,813
0.0,45,0,675,813
0.0,44,0,700,813
0.0,40,0,699,813
0.0,37,0,653,813
0.0,34,0,529,813
0.0,29,0,679,813
0.0,23,0,509,813
0.0,20,0,556,813
2.0,16,0,658,813
1.5,18,0,615,813
2.0,13,0,611,813
6.0,8,0,656,813
9.0,7,1,657,813
0.0,63,0,698,813
0.0,62,0,649,813
0.0,60,0,496,813
12.0,6,0,642,813
2.0,11,0,697,813
13.0,5,0,579,813
0.0,55,0,626,813
0.0,30,0,689,813
0.0,28,0,696,813
2.0,14,0,427,813
0.0,19,0,554,813
2.0,15,0,695,813
16.0,2,1,578,813
13.5,3,0,498,813
13.0,4,0,633,813
33.5,1,4,647,813
0.0,77,0,797,814
0.0,62,0,804,814
0.0,58,0,630,814
0.0,26,0,513,814
0.0,98,0,718,814
0.0,97,0,717,814
0.0,96,0,716,814
0.0,94,0,715,814
0.0,93,0,714,814
0.0,91,0,713,814
0.0,86,0,712,814
0.0,84,0,711,814
0.0,79,0,431,814
0.0,59,0,455,814
0.0,56,0,709,814
0.0,53,0,710,814
0.0,47,0,692,814
0.0,43,0,690,814
0.0,36,0,478,814
0.0,27,0,680,814
0.0,90,0,705,814
0.0,88,0,708,814
0.0,85,0,707,814
0.0,71,0,486,814
0.0,65,0,666,814
0.0,64,0,706,814
0.0,38,0,687,814
0.0,75,0,625,814
0.0,25,0,669,814
0.0,54,0,589,814
0.0,52,0,704,814
0.0,41,0,619,814
0.0,80,0,703,814
0.0,76,0,681,814
0.0,44,0,429,814
0.0,40,0,632,814
0.0,37,0,693,814
4.0,11,0,670,814
0.0,66,0,651,814
0.0,72,0,456,814
0.0,29,0,663,814
0.0,68,0,643,814
0.0,45,0,660,814
0.0,22,0,501,814
0.0,49,0,664,814
0.0,19,0,475,814
0.0,28,0,581,814
0.0,23,0,627,814
7.0,8,0,640,814
0.0,57,0,612,814
0.0,74,0,512,814
0.0,46,0,702,814
0.0,95,0,655,814
0.0,33,0,521,814
0.0,34,0,520,814
0.0,92,0,528,814
0.0,89,0,593,814
1.5,17,0,555,814
2.0,12,0,518,814
0.0,87,0,659,814
0.0,83,0,559,814
0.0,82,0,673,814
0.0,81,0,628,814
0.0,78,0,677,814
0.0,73,0,613,814
0.0,61,0,654,814
0.0,60,0,449,814
0.0,55,0,701,814
0.0,51,0,525,814
0.0,50,0,675,814
0.0,48,0,700,814
0.0,42,0,699,814
0.0,39,0,653,814
0.0,35,0,529,814
0.0,31,0,679,814
0.0,24,0,509,814
0.0,21,0,556,814
2.0,16,0,658,814
1.5,18,0,615,814
2.0,13,0,611,814
6.0,9,0,656,814
9.0,7,1,657,814
0.0,70,0,698,814
0.0,69,0,649,814
0.0,67,0,496,814
20.0,2,1,642,814
5.0,10,0,697,814
19.0,3,0,579,814
0.0,63,0,626,814
0.0,32,0,689,814
0.0,30,0,696,814
2.0,14,0,427,814
0.0,20,0,554,814
2.0,15,0,695,814
18.0,4,1,578,814
13.5,5,0,498,814
13.0,6,0,633,814
33.5,1,4,647,814
0.0,82,0,797,815
0.0,65,0,804,815
0.0,61,0,630,815
0.0,29,0,513,815
0.0,76,0,721,815
0.0,66,0,622,815
0.0,39,0,719,815
0.0,32,0,720,815
2.0,16,0,691,815
0.0,103,0,718,815
0.0,102,0,717,815
0.0,101,0,716,815
0.0,99,0,715,815
0.0,98,0,714,815
0.0,96,0,713,815
0.0,91,0,712,815
0.0,89,0,711,815
0.0,84,0,431,815
0.0,62,0,455,815
0.0,59,0,709,815
0.0,56,0,710,815
0.0,50,0,692,815
0.0,46,0,690,815
0.0,38,0,478,815
0.0,28,0,680,815
0.0,95,0,705,815
0.0,93,0,708,815
0.0,90,0,707,815
0.0,75,0,486,815
0.0,69,0,666,815
0.0,68,0,706,815
0.0,41,0,687,815
0.0,80,0,625,815
0.0,27,0,669,815
0.0,57,0,589,815
0.0,55,0,704,815
0.0,44,0,619,815
0.0,85,0,703,815
0.0,81,0,681,815
0.0,47,0,429,815
0.0,42,0,632,815
0.0,40,0,693,815
4.0,11,0,670,815
0.0,70,0,651,815
0.0,77,0,456,815
0.0,25,0,663,815
0.0,72,0,643,815
0.0,48,0,660,815
0.0,23,0,501,815
0.0,52,0,664,815
0.0,20,0,475,815
0.0,30,0,581,815
0.0,24,0,627,815
7.0,8,0,640,815
0.0,60,0,612,815
0.0,79,0,512,815
0.0,49,0,702,815
0.0,100,0,655,815
0.0,35,0,521,815
0.0,36,0,520,815
0.0,97,0,528,815
0.0,94,0,593,815
1.5,18,0,555,815
2.0,12,0,518,815
0.0,92,0,659,815
0.0,88,0,559,815
0.0,87,0,673,815
0.0,86,0,628,815
0.0,83,0,677,815
0.0,78,0,613,815
0.0,64,0,654,815
0.0,63,0,449,815
0.0,58,0,701,815
0.0,54,0,525,815
0.0,53,0,675,815
0.0,51,0,700,815
0.0,45,0,699,815
0.0,43,0,653,815
0.0,37,0,529,815
0.0,33,0,679,815
0.0,26,0,509,815
0.0,22,0,556,815
2.0,17,0,658,815
1.5,19,0,615,815
2.0,13,0,611,815
6.0,10,0,656,815
9.0,7,1,657,815
0.0,74,0,698,815
0.0,73,0,649,815
0.0,71,0,496,815
24.0,2,1,642,815
6.5,9,0,697,815
20.5,3,0,579,815
0.0,67,0,626,815
0.0,34,0,689,815
0.0,31,0,696,815
2.0,14,0,427,815
0.0,21,0,554,815
2.0,15,0,695,815
19.0,4,1,578,815
13.5,5,0,498,815
13.0,6,0,633,815
34.5,1,5,647,815
0.0,32,0,577,816
0.0,86,0,797,816
0.0,70,0,804,816
0.0,66,0,630,816
0.0,30,0,513,816
0.0,104,0,667,816
0.0,97,0,722,816
0.0,36,0,620,816
0.0,31,0,644,816
0.0,80,0,721,816
0.0,71,0,622,816
0.0,43,0,719,816
0.0,35,0,720,816
2.0,16,0,691,816
0.0,108,0,718,816
0.0,60,0,717,816
0.0,107,0,716,816
0.0,105,0,715,816
0.0,103,0,714,816
0.0,101,0,713,816
0.0,95,0,712,816
0.0,93,0,711,816
0.0,88,0,431,816
0.0,67,0,455,816
0.0,64,0,709,816
0.0,62,0,710,816
0.0,55,0,692,816
0.0,51,0,690,816
0.0,42,0,478,816
0.0,29,0,680,816
0.0,100,0,705,816
0.0,98,0,708,816
0.0,94,0,707,816
0.0,79,0,486,816
0.0,74,0,666,816
0.0,73,0,706,816
0.0,45,0,687,816
0.0,83,0,625,816
0.0,27,0,669,816
0.0,46,0,589,816
0.0,59,0,704,816
0.0,49,0,619,816
0.0,89,0,703,816
0.0,85,0,681,816
0.0,52,0,429,816
0.0,47,0,632,816
0.0,44,0,693,816
4.0,11,0,670,816
0.0,75,0,651,816
0.0,81,0,456,816
0.0,26,0,663,816
0.0,22,0,643,816
0.0,53,0,660,816
0.0,24,0,501,816
0.0,57,0,664,816
0.0,20,0,475,816
0.0,33,0,581,816
0.0,25,0,627,816
7.0,8,0,640,816
0.0,65,0,612,816
0.0,84,0,512,816
0.0,54,0,702,816
0.0,106,0,655,816
0.0,39,0,521,816
0.0,40,0,520,816
0.0,102,0,528,816
0.0,99,0,593,816
1.5,18,0,555,816
2.0,13,0,518,816
0.0,96,0,659,816
0.0,92,0,559,816
0.0,91,0,673,816
0.0,90,0,628,816
0.0,87,0,677,816
0.0,82,0,613,816
0.0,69,0,654,816
0.0,68,0,449,816
0.0,63,0,701,816
0.0,61,0,525,816
0.0,58,0,675,816
0.0,56,0,700,816
0.0,50,0,699,816
0.0,48,0,653,816
0.0,41,0,529,816
0.0,37,0,679,816
0.0,28,0,509,816
0.0,23,0,556,816
2.0,17,0,658,816
1.5,19,0,615,816
2.0,14,0,611,816
6.0,10,0,656,816
9.0,7,1,657,816
0.0,78,0,698,816
0.0,77,0,649,816
0.0,76,0,496,816
26.0,3,1,642,816
6.5,9,0,697,816
28.0,2,1,579,816
0.0,72,0,626,816
0.0,38,0,689,816
0.0,34,0,696,816
4.0,12,0,427,816
0.0,21,0,554,816
2.0,15,0,695,816
19.0,4,1,578,816
13.5,6,0,498,816
17.0,5,0,633,816
34.5,1,5,647,816
0.0,21,0,720,817
0.0,20,0,627,817
0.0,19,0,724,817
0.0,18,0,717,817
0.0,17,0,725,817
0.0,16,0,581,817
0.0,10,0,642,817
0.0,15,0,626,817
0.0,14,0,651,817
0.0,13,0,475,817
0.0,12,0,501,817
0.0,11,0,609,817
0.0,9,0,669,817
0.0,8,0,688,817
0.0,7,0,721,817
0.0,6,0,640,817
2.0,5,0,689,817
3.0,4,0,663,817
4.0,3,0,554,817
6.0,2,0,723,817
9.0,1,1,641,817
0.0,54,0,612,818
0.0,53,0,734,818
0.0,52,0,647,818
0.0,51,0,733,818
0.0,50,0,702,818
0.0,49,0,520,818
0.0,48,0,615,818
0.0,47,0,628,818
0.0,46,0,699,818
0.0,45,0,529,818
0.0,44,0,449,818
0.0,43,0,677,818
0.0,29,0,732,818
0.0,28,0,675,818
0.0,27,0,731,818
0.0,26,0,521,818
1.0,11,0,657,818
0.0,25,0,513,818
0.0,24,0,730,818
0.0,23,0,729,818
0.0,22,0,728,818
0.0,21,0,727,818
0.0,20,0,658,818
0.0,19,0,593,818
0.0,18,0,629,818
0.0,17,0,726,818
0.0,15,0,592,818
0.0,12,0,525,818
2.0,10,0,656,818
3.0,7,0,518,818
4.0,6,0,611,818
6.0,4,0,509,818
8.0,2,1,526,818
0.0,42,0,720,818
0.0,41,0,627,818
0.0,40,0,724,818
0.0,39,0,717,818
0.0,38,0,725,818
0.0,37,0,581,818
0.0,31,0,642,818
0.0,36,0,626,818
0.0,35,0,651,818
0.0,34,0,475,818
0.0,33,0,501,818
0.0,32,0,609,818
0.0,30,0,669,818
0.0,16,0,688,818
0.0,14,0,721,818
0.0,13,0,640,818
2.0,9,0,689,818
3.0,8,0,663,818
4.0,5,0,554,818
6.0,3,0,723,818
9.0,1,1,641,818
0.0,47,0,739,819
0.0,37,0,738,819
0.0,34,0,737,819
0.0,33,0,703,819
0.0,30,0,736,819
0.0,23,0,660,819
0.0,19,0,735,819
2.0,15,0,632,819
3.0,12,0,578,819
0.0,63,0,612,819
0.0,62,0,734,819
9.0,2,1,647,819
0.0,61,0,733,819
0.0,60,0,702,819
0.0,59,0,520,819
0.0,58,0,615,819
0.0,57,0,628,819
0.0,56,0,699,819
0.0,55,0,529,819
0.0,54,0,449,819
0.0,53,0,677,819
0.0,42,0,732,819
0.0,41,0,675,819
0.0,40,0,731,819
0.0,39,0,521,819
1.0,16,0,657,819
0.0,38,0,513,819
0.0,36,0,730,819
0.0,35,0,729,819
0.0,32,0,728,819
0.0,31,0,727,819
0.0,29,0,658,819
0.0,27,0,593,819
0.0,25,0,629,819
0.0,24,0,726,819
0.0,21,0,592,819
0.0,17,0,525,819
2.0,14,0,656,819
3.0,11,0,518,819
4.0,9,0,611,819
6.0,6,0,509,819
8.0,3,1,526,819
0.0,52,0,720,819
0.0,51,0,627,819
0.0,50,0,724,819
0.0,49,0,717,819
0.0,48,0,725,819
0.0,46,0,581,819
6.0,4,0,642,819
4.0,7,0,626,819
0.0,28,0,651,819
0.0,45,0,475,819
0.0,44,0,501,819
0.0,43,0,609,819
0.0,26,0,669,819
0.0,22,0,688,819
0.0,20,0,721,819
0.0,18,0,640,819
2.0,13,0,689,819
3.0,10,0,663,819
4.0,8,0,554,819
6.0,5,0,723,819
9.0,1,1,641,819
0.0,57,0,722,820
0.0,52,0,687,820
0.0,34,0,740,820
0.0,31,0,704,820
0.0,26,0,741,820
2.0,16,0,427,820
0.0,51,0,739,820
0.0,42,0,738,820
0.0,39,0,737,820
0.0,38,0,703,820
0.0,35,0,736,820
0.0,25,0,660,820
0.0,22,0,735,820
2.0,15,0,632,820
3.0,10,0,578,820
0.0,69,0,612,820
0.0,68,0,734,820
18.0,1,2,647,820
0.0,67,0,733,820
0.0,66,0,702,820
0.0,65,0,520,820
0.0,64,0,615,820
0.0,63,0,628,820
0.0,62,0,699,820
0.0,61,0,529,820
0.0,60,0,449,820
0.0,59,0,677,820
0.0,47,0,732,820
0.0,46,0,675,820
0.0,45,0,731,820
0.0,44,0,521,820
1.0,17,0,657,820
0.0,43,0,513,820
0.0,41,0,730,820
0.0,40,0,729,820
0.0,37,0,728,820
0.0,36,0,727,820
0.0,33,0,658,820
0.0,32,0,593,820
0.0,29,0,629,820
0.0,27,0,726,820
0.0,23,0,592,820
0.0,20,0,525,820
2.0,14,0,656,820
3.0,12,0,518,820
4.0,9,0,611,820
6.0,7,0,509,820
8.0,4,1,526,820
0.0,58,0,720,820
0.0,53,0,627,820
0.0,56,0,724,820
0.0,55,0,717,820
0.0,54,0,725,820
0.0,19,0,581,820
12.0,3,0,642,820
7.0,5,0,626,820
0.0,28,0,651,820
0.0,50,0,475,820
0.0,49,0,501,820
0.0,48,0,609,820
0.0,30,0,669,820
0.0,24,0,688,820
0.0,21,0,721,820
0.0,18,0,640,820
2.0,13,0,689,820
3.0,11,0,663,820
4.0,8,0,554,820
6.0,6,0,723,820
13.0,2,1,641,820
0.0,80,0,749,821
0.0,79,0,748,821
0.0,76,0,747,821
0.0,71,0,708,821
0.0,57,0,705,821
0.0,53,0,746,821
0.0,51,0,664,821
0.0,43,0,745,821
0.0,33,0,744,821
0.0,31,0,456,821
0.0,25,0,686,821
2.0,18,0,743,821
3.0,13,0,742,821
0.0,66,0,722,821
0.0,36,0,687,821
0.0,40,0,740,821
0.0,37,0,704,821
0.0,29,0,741,821
2.0,15,0,427,821
0.0,61,0,739,821
0.0,48,0,738,821
0.0,46,0,737,821
0.0,45,0,703,821
0.0,41,0,736,821
0.0,28,0,660,821
0.0,24,0,735,821
2.0,17,0,632,821
7.0,6,0,578,821
0.0,82,0,612,821
0.0,81,0,734,821
27.0,1,3,647,821
0.0,78,0,733,821
0.0,77,0,702,821
0.0,75,0,520,821
0.0,74,0,615,821
0.0,73,0,628,821
0.0,72,0,699,821
0.0,70,0,529,821
0.0,69,0,449,821
0.0,68,0,677,821
0.0,58,0,732,821
0.0,56,0,675,821
0.0,55,0,731,821
0.0,54,0,521,821
1.0,19,0,657,821
0.0,50,0,513,821
0.0,49,0,730,821
0.0,47,0,729,821
0.0,44,0,728,821
0.0,42,0,727,821
0.0,39,0,658,821
0.0,38,0,593,821
0.0,34,0,629,821
0.0,30,0,726,821
0.0,26,0,592,821
0.0,22,0,525,821
2.0,16,0,656,821
3.0,12,0,518,821
4.0,10,0,611,821
6.0,8,0,509,821
8.0,4,1,526,821
0.0,67,0,720,821
0.0,62,0,627,821
0.0,65,0,724,821
0.0,64,0,717,821
0.0,63,0,725,821
0.0,21,0,581,821
12.0,3,0,642,821
7.0,5,0,626,821
0.0,32,0,651,821
0.0,60,0,475,821
0.0,52,0,501,821
0.0,59,0,609,821
0.0,35,0,669,821
0.0,27,0,688,821
0.0,23,0,721,821
0.0,20,0,640,821
2.0,14,0,689,821
3.0,11,0,663,821
4.0,9,0,554,821
6.0,7,0,723,821
19.0,2,1,641,821
0.0,92,0,757,822
0.0,89,0,692,822
0.0,85,0,697,822
0.0,84,0,756,822
0.0,78,0,755,822
0.0,76,0,710,822
0.0,72,0,715,822
0.0,71,0,754,822
0.0,67,0,750,822
0.0,66,0,712,822
0.0,46,0,709,822
0.0,43,0,753,822
0.0,38,0,752,822
0.0,28,0,751,822
0.0,79,0,749,822
0.0,74,0,748,822
0.0,91,0,747,822
0.0,83,0,708,822
0.0,62,0,705,822
0.0,58,0,746,822
0.0,56,0,664,822
0.0,48,0,745,822
0.0,36,0,744,822
0.0,34,0,456,822
0.0,26,0,686,822
2.0,18,0,743,822
3.0,13,0,742,822
0.0,75,0,722,822
0.0,40,0,687,822
0.0,45,0,740,822
0.0,41,0,704,822
0.0,32,0,741,822
2.0,15,0,427,822
0.0,68,0,739,822
0.0,53,0,738,822
0.0,51,0,737,822
0.0,50,0,703,822
0.0,20,0,736,822
0.0,30,0,660,822
0.0,25,0,735,822
2.0,16,0,632,822
7.0,7,0,578,822
0.0,96,0,612,822
0.0,95,0,734,822
36.0,1,4,647,822
0.0,94,0,733,822
0.0,93,0,702,822
0.0,90,0,520,822
0.0,88,0,615,822
0.0,87,0,628,822
0.0,86,0,699,822
0.0,82,0,529,822
0.0,81,0,449,822
0.0,80,0,677,822
0.0,63,0,732,822
0.0,61,0,675,822
0.0,60,0,731,822
0.0,59,0,521,822
1.0,19,0,657,822
0.0,55,0,513,822
0.0,54,0,730,822
0.0,52,0,729,822
0.0,49,0,728,822
0.0,47,0,727,822
0.0,44,0,658,822
0.0,42,0,593,822
0.0,37,0,629,822
0.0,33,0,726,822
0.0,27,0,592,822
0.0,23,0,525,822
2.0,17,0,656,822
3.0,12,0,518,822
4.0,10,0,611,822
6.0,8,0,509,822
8.0,5,1,526,822
0.0,77,0,720,822
0.0,69,0,627,822
0.0,31,0,724,822
0.0,73,0,717,822
0.0,70,0,725,822
0.0,22,0,581,822
18.0,3,0,642,822
7.0,6,0,626,822
0.0,35,0,651,822
0.0,65,0,475,822
0.0,57,0,501,822
0.0,64,0,609,822
0.0,39,0,669,822
0.0,29,0,688,822
0.0,24,0,721,822
0.0,21,0,640,822
2.0,14,0,689,822
3.0,11,0,663,822
6.0,9,0,554,822
10.0,4,0,723,822
22.0,2,1,641,822
0.0,39,0,759,823
0.0,70,0,758,823
0.0,41,0,622,823
4.0,11,0,633,823
0.0,96,0,757,823
0.0,93,0,692,823
0.0,89,0,697,823
0.0,88,0,756,823
0.0,83,0,755,823
0.0,81,0,710,823
0.0,77,0,715,823
0.0,76,0,754,823
0.0,72,0,750,823
0.0,71,0,712,823
0.0,50,0,709,823
0.0,47,0,753,823
0.0,42,0,752,823
0.0,30,0,751,823
0.0,84,0,749,823
0.0,79,0,748,823
0.0,95,0,747,823
0.0,27,0,708,823
0.0,66,0,705,823
0.0,62,0,746,823
0.0,60,0,664,823
0.0,52,0,745,823
0.0,38,0,744,823
0.0,37,0,456,823
0.0,28,0,686,823
2.0,19,0,743,823
3.0,14,0,742,823
0.0,80,0,722,823
0.0,44,0,687,823
0.0,49,0,740,823
0.0,45,0,704,823
0.0,35,0,741,823
2.0,16,0,427,823
0.0,73,0,739,823
0.0,57,0,738,823
0.0,55,0,737,823
0.0,54,0,703,823
0.0,21,0,736,823
0.0,33,0,660,823
0.0,26,0,735,823
2.0,17,0,632,823
10.0,5,0,578,823
0.0,100,0,612,823
0.0,99,0,734,823
36.0,1,5,647,823
0.0,98,0,733,823
0.0,97,0,702,823
0.0,94,0,520,823
0.0,92,0,615,823
0.0,91,0,628,823
0.0,90,0,699,823
0.0,87,0,529,823
0.0,86,0,449,823
0.0,85,0,677,823
0.0,67,0,732,823
0.0,65,0,675,823
0.0,64,0,731,823
0.0,63,0,521,823
1.0,20,0,657,823
0.0,59,0,513,823
0.0,58,0,730,823
0.0,56,0,729,823
0.0,53,0,728,823
0.0,51,0,727,823
0.0,48,0,658,823
0.0,46,0,593,823
0.0,40,0,629,823
0.0,36,0,726,823
0.0,29,0,592,823
0.0,24,0,525,823
2.0,18,0,656,823
3.0,13,0,518,823
4.0,10,0,611,823
6.0,8,0,509,823
8.0,7,1,526,823
0.0,82,0,720,823
0.0,74,0,627,823
0.0,34,0,724,823
0.0,78,0,717,823
0.0,75,0,725,823
0.0,23,0,581,823
24.0,2,0,642,823
9.0,6,0,626,823
0.0,31,0,651,823
0.0,69,0,475,823
0.0,61,0,501,823
0.0,68,0,609,823
0.0,43,0,669,823
0.0,32,0,688,823
0.0,25,0,721,823
0.0,22,0,640,823
2.0,15,0,689,823
3.0,12,0,663,823
6.0,9,0,554,823
10.0,4,0,723,823
22.0,3,1,641,823
0.0,105,0,760,824
0.0,94,0,761,824
0.0,90,0,625,824
0.0,84,0,762,824
6.5,9,0,498,824
0.0,43,0,759,824
0.0,74,0,758,824
0.0,36,0,622,824
8.0,8,0,633,824
0.0,100,0,757,824
0.0,97,0,692,824
2.0,19,0,697,824
0.0,92,0,756,824
0.0,86,0,755,824
0.0,83,0,710,824
0.0,81,0,715,824
0.0,79,0,754,824
0.0,76,0,750,824
0.0,75,0,712,824
0.0,55,0,709,824
0.0,52,0,753,824
0.0,45,0,752,824
0.0,33,0,751,824
0.0,87,0,749,824
0.0,51,0,748,824
0.0,99,0,747,824
0.0,30,0,708,824
0.0,71,0,705,824
0.0,67,0,746,824
0.0,64,0,664,824
0.0,57,0,745,824
0.0,42,0,744,824
0.0,41,0,456,824
0.0,31,0,686,824
2.0,21,0,743,824
3.0,14,0,742,824
0.0,82,0,722,824
0.0,47,0,687,824
0.0,54,0,740,824
0.0,49,0,704,824
0.0,39,0,741,824
2.0,17,0,427,824
0.0,77,0,739,824
0.0,62,0,738,824
0.0,60,0,737,824
0.0,59,0,703,824
0.0,23,0,736,824
0.0,37,0,660,824
0.0,29,0,735,824
2.0,18,0,632,824
10.0,5,0,578,824
0.0,104,0,612,824
0.0,103,0,734,824
36.0,1,6,647,824
0.0,102,0,733,824
0.0,101,0,702,824
0.0,98,0,520,824
0.0,96,0,615,824
0.0,95,0,628,824
0.0,93,0,699,824
0.0,91,0,529,824
0.0,89,0,449,824
0.0,88,0,677,824
0.0,72,0,732,824
0.0,70,0,675,824
0.0,69,0,731,824
0.0,68,0,521,824
1.0,22,0,657,824
0.0,65,0,513,824
0.0,63,0,730,824
0.0,61,0,729,824
0.0,58,0,728,824
0.0,56,0,727,824
0.0,53,0,658,824
0.0,50,0,593,824
0.0,44,0,629,824
0.0,40,0,726,824
0.0,32,0,592,824
0.0,27,0,525,824
2.0,20,0,656,824
3.0,15,0,518,824
4.0,12,0,611,824
6.0,10,0,509,824
8.0,7,1,526,824
0.0,85,0,720,824
0.0,48,0,627,824
0.0,38,0,724,824
0.0,80,0,717,824
0.0,78,0,725,824
0.0,26,0,581,824
24.0,2,0,642,824
9.0,6,0,626,824
0.0,34,0,651,824
0.0,73,0,475,824
0.0,66,0,501,824
0.0,25,0,609,824
0.0,46,0,669,824
0.0,35,0,688,824
0.0,28,0,721,824
0.0,24,0,640,824
2.0,16,0,689,824
3.0,13,0,663,824
6.0,11,0,554,824
10.0,4,0,723,824
22.0,3,1,641,824
0.0,21,0,721,825
0.0,20,0,498,825
0.0,19,0,633,825
0.0,18,0,704,825
0.0,17,0,725,825
0.0,16,0,765,825
0.0,15,0,687,825
0.0,14,0,764,825
0.0,13,0,660,825
0.0,12,0,501,825
0.0,11,0,723,825
0.0,10,0,741,825
0.0,9,0,627,825
0.0,8,0,475,825
0.0,7,0,589,825
0.0,6,0,647,825
2.0,5,0,640,825
3.0,4,0,763,825
4.0,3,0,642,825
6.0,2,0,641,825
9.0,1,1,579,825
2.0,11,0,675,826
0.0,55,0,728,826
0.0,54,0,732,826
0.0,53,0,772,826
0.0,52,0,726,826
0.0,51,0,657,826
0.0,50,0,629,826
0.0,49,0,449,826
0.0,48,0,771,826
0.0,47,0,733,826
0.0,46,0,630,826
0.0,45,0,526,826
0.0,44,0,770,826
0.0,43,0,593,826
0.0,41,0,521,826
0.0,38,0,769,826
0.0,37,0,700,826
0.0,35,0,615,826
0.0,32,0,653,826
0.0,30,0,654,826
0.0,29,0,768,826
0.0,28,0,729,826
0.0,27,0,611,826
0.0,26,0,534,826
0.0,25,0,699,826
0.0,24,0,529,826
0.0,16,0,518,826
0.0,15,0,767,826
0.0,13,0,731,826
2.0,9,0,734,826
3.0,6,0,612,826
2.0,8,0,658,826
6.0,3,0,673,826
9.0,2,1,766,826
0.0,42,0,721,826
0.0,40,0,498,826
0.0,39,0,633,826
0.0,36,0,704,826
0.0,34,0,725,826
0.0,33,0,765,826
0.0,31,0,687,826
0.0,23,0,764,826
0.0,22,0,660,826
0.0,21,0,501,826
0.0,20,0,723,826
0.0,19,0,741,826
0.0,18,0,627,826
0.0,17,0,475,826
0.0,14,0,589,826
0.0,12,0,647,826
2.0,10,0,640,826
3.0,7,0,763,826
4.0,5,0,642,826
6.0,4,0,641,826
9.0,1,1,579,826
0.0,22,0,773,827
0.0,17,0,429,827
0.0,57,0,728,827
0.0,56,0,732,827
0.0,55,0,772,827
0.0,54,0,726,827
0.0,53,0,657,827
0.0,52,0,629,827
0.0,51,0,449,827
0.0,50,0,771,827
0.0,49,0,733,827
0.0,48,0,630,827
0.0,47,0,526,827
0.0,46,0,770,827
0.0,45,0,593,827
0.0,43,0,521,827
0.0,41,0,769,827
0.0,40,0,700,827
0.0,39,0,615,827
0.0,36,0,653,827
0.0,34,0,654,827
0.0,33,0,768,827
0.0,32,0,729,827
0.0,31,0,611,827
0.0,30,0,534,827
0.0,29,0,699,827
0.0,28,0,529,827
0.0,21,0,518,827
0.0,20,0,767,827
0.0,16,0,731,827
2.0,13,0,734,827
3.0,10,0,612,827
2.0,11,0,658,827
6.0,6,0,673,827
9.0,3,1,766,827
0.0,44,0,721,827
0.0,42,0,498,827
4.0,7,0,633,827
2.0,12,0,704,827
0.0,38,0,725,827
0.0,37,0,765,827
0.0,35,0,687,827
0.0,27,0,764,827
0.0,18,0,660,827
0.0,26,0,501,827
0.0,25,0,723,827
0.0,24,0,741,827
3.0,8,0,627,827
0.0,23,0,475,827
0.0,19,0,589,827
6.0,4,0,647,827
2.0,14,0,640,827
3.0,9,0,763,827
12.0,1,1,642,827
6.0,5,0,641,827
10.0,2,1,579,827
2.0,18,0,675,828
0.0,52,0,670,828
0.0,49,0,626,828
0.0,48,0,609,828
0.0,45,0,427,828
0.0,40,0,775,828
0.0,25,0,774,828
3.0,13,0,686,828
4.0,8,1,786,828
0.0,26,0,773,828
0.0,21,0,429,828
0.0,65,0,728,828
0.0,64,0,732,828
0.0,63,0,772,828
0.0,62,0,726,828
0.0,61,0,657,828
0.0,60,0,629,828
0.0,59,0,449,828
0.0,58,0,771,828
0.0,57,0,733,828
0.0,56,0,630,828
0.0,55,0,526,828
0.0,54,0,770,828
0.0,53,0,593,828
0.0,50,0,521,828
0.0,47,0,769,828
0.0,46,0,700,828
0.0,44,0,615,828
0.0,41,0,653,828
0.0,39,0,654,828
0.0,37,0,768,828
0.0,36,0,729,828
0.0,35,0,611,828
0.0,34,0,534,828
0.0,33,0,699,828
0.0,32,0,529,828
0.0,24,0,518,828
0.0,23,0,767,828
0.0,20,0,731,828
2.0,17,0,734,828
3.0,12,0,612,828
2.0,14,0,658,828
6.0,7,0,673,828
9.0,3,1,766,828
0.0,51,0,721,828
3.0,9,0,498,828
8.0,5,0,633,828
2.0,15,0,704,828
0.0,43,0,725,828
0.0,42,0,765,828
0.0,38,0,687,828
0.0,28,0,764,828
0.0,22,0,660,828
0.0,31,0,501,828
0.0,30,0,723,828
0.0,29,0,741,828
3.0,10,0,627,828
0.0,27,0,475,828
0.0,19,0,589,828
9.0,4,0,647,828
2.0,16,0,640,828
3.0,11,0,763,828
14.0,2,1,642,828
6.0,6,0,641,828
15.0,1,2,579,828
0.0,53,0,747,829
0.0,51,0,777,829
0.0,46,0,776,829
0.0,37,0,708,829
0.0,35,0,619,829
0.0,30,0,778,829
0.0,25,0,661,829
3.0,13,0,697,829
0.0,61,0,670,829
0.0,58,0,626,829
0.0,56,0,609,829
0.0,52,0,427,829
0.0,45,0,775,829
0.0,27,0,774,829
5.0,9,0,686,829
4.0,10,1,786,829
0.0,28,0,773,829
0.0,22,0,429,829
0.0,74,0,728,829
0.0,73,0,732,829
0.0,72,0,772,829
0.0,71,0,726,829
0.0,70,0,657,829
0.0,69,0,629,829
0.0,68,0,449,829
0.0,67,0,771,829
0.0,66,0,733,829
0.0,65,0,630,829
0.0,64,0,526,829
0.0,63,0,770,829
0.0,62,0,593,829
0.0,59,0,521,829
0.0,55,0,769,829
0.0,54,0,700,829
0.0,50,0,615,829
0.0,47,0,653,829
0.0,44,0,654,829
0.0,43,0,768,829
0.0,42,0,729,829
0.0,41,0,611,829
0.0,40,0,534,829
0.0,39,0,699,829
0.0,38,0,529,829
0.0,26,0,518,829
0.0,24,0,767,829
0.0,21,0,731,829
2.0,18,0,734,829
3.0,14,0,612,829
2.0,15,0,658,829
6.0,8,0,673,829
9.0,5,1,766,829
0.0,60,0,721,829
11.0,4,1,498,829
12.0,3,0,633,829
2.0,16,0,704,829
0.0,49,0,725,829
0.0,48,0,765,829
0.0,32,0,687,829
0.0,31,0,764,829
0.0,23,0,660,829
0.0,36,0,501,829
0.0,34,0,723,829
0.0,33,0,741,829
3.0,12,0,627,829
0.0,29,0,475,829
0.0,20,0,589,829
9.0,6,0,647,829
2.0,17,0,640,829
3.0,11,0,763,829
15.0,2,1,642,829
6.0,7,0,641,829
21.0,1,2,579,829
0.0,52,0,756,830
0.0,36,0,680,830
0.0,60,0,779,830
0.0,57,0,747,830
0.0,56,0,777,830
0.0,49,0,776,830
0.0,38,0,708,830
0.0,37,0,619,830
0.0,32,0,778,830
0.0,27,0,661,830
3.0,13,0,697,830
0.0,64,0,670,830
0.0,25,0,626,830
0.0,53,0,609,830
0.0,44,0,427,830
0.0,48,0,775,830
0.0,30,0,774,830
5.0,9,0,686,830
4.0,10,1,786,830
0.0,28,0,773,830
0.0,23,0,429,830
0.0,77,0,728,830
0.0,76,0,732,830
0.0,75,0,772,830
0.0,74,0,726,830
0.0,73,0,657,830
0.0,72,0,629,830
0.0,71,0,449,830
0.0,70,0,771,830
0.0,69,0,733,830
0.0,68,0,630,830
0.0,67,0,526,830
0.0,66,0,770,830
0.0,65,0,593,830
0.0,61,0,521,830
0.0,59,0,769,830
0.0,58,0,700,830
0.0,55,0,615,830
0.0,50,0,653,830
0.0,47,0,654,830
0.0,46,0,768,830
0.0,45,0,729,830
0.0,43,0,611,830
0.0,42,0,534,830
0.0,41,0,699,830
0.0,40,0,529,830
0.0,29,0,518,830
0.0,26,0,767,830
0.0,22,0,731,830
2.0,18,0,734,830
3.0,14,0,612,830
2.0,15,0,658,830
6.0,8,0,673,830
9.0,6,1,766,830
0.0,63,0,721,830
15.0,3,1,498,830
15.0,5,0,633,830
2.0,16,0,704,830
0.0,54,0,725,830
0.0,51,0,765,830
0.0,34,0,687,830
0.0,33,0,764,830
0.0,24,0,660,830
0.0,39,0,501,830
0.0,21,0,723,830
0.0,35,0,741,830
3.0,12,0,627,830
0.0,31,0,475,830
0.0,20,0,589,830
17.0,2,1,647,830
2.0,17,0,640,830
3.0,11,0,763,830
15.0,4,1,642,830
8.0,7,0,641,830
27.0,1,2,579,830
2.0,19,0,675,831
0.0,69,0,781,831
0.0,62,0,622,831
0.0,36,0,762,831
0.0,64,0,780,831
0.0,54,0,756,831
0.0,38,0,680,831
0.0,61,0,779,831
0.0,58,0,747,831
0.0,57,0,777,831
0.0,51,0,776,831
0.0,40,0,708,831
0.0,39,0,619,831
0.0,33,0,778,831
0.0,28,0,661,831
5.0,9,0,697,831
0.0,66,0,670,831
0.0,26,0,626,831
0.0,22,0,609,831
0.0,44,0,427,831
0.0,50,0,775,831
0.0,31,0,774,831
5.0,10,0,686,831
4.0,11,1,786,831
0.0,29,0,773,831
0.0,24,0,429,831
0.0,80,0,728,831
0.0,79,0,732,831
0.0,78,0,772,831
0.0,77,0,726,831
0.0,76,0,657,831
0.0,75,0,629,831
0.0,74,0,449,831
0.0,73,0,771,831
0.0,72,0,733,831
0.0,71,0,630,831
0.0,70,0,526,831
0.0,68,0,770,831
0.0,67,0,593,831
0.0,63,0,521,831
0.0,60,0,769,831
0.0,59,0,700,831
0.0,56,0,615,831
0.0,52,0,653,831
0.0,49,0,654,831
0.0,48,0,768,831
0.0,47,0,729,831
0.0,46,0,611,831
0.0,45,0,534,831
0.0,43,0,699,831
0.0,42,0,529,831
0.0,30,0,518,831
0.0,27,0,767,831
0.0,23,0,731,831
2.0,18,0,734,831
3.0,14,0,612,831
2.0,15,0,658,831
6.0,8,0,673,831
9.0,7,1,766,831
0.0,65,0,721,831
21.0,3,1,498,831
15.0,5,0,633,831
2.0,16,0,704,831
0.0,55,0,725,831
0.0,53,0,765,831
0.0,35,0,687,831
0.0,34,0,764,831
0.0,25,0,660,831
0.0,41,0,501,831
0.0,21,0,723,831
0.0,37,0,741,831
3.0,13,0,627,831
0.0,32,0,475,831
0.0,20,0,589,831
25.0,2,2,647,831
2.0,17,0,640,831
3.0,12,0,763,831
17.0,4,1,642,831
10.0,6,0,641,831
27.0,1,2,579,831
0.0,62,0,669,832
0.0,54,0,783,832
0.0,39,0,580,832
0.0,73,0,781,832
0.0,66,0,622,832
0.0,37,0,762,832
0.0,68,0,780,832
0.0,56,0,756,832
0.0,38,0,680,832
0.0,64,0,779,832
0.0,60,0,747,832
0.0,59,0,777,832
0.0,52,0,776,832
0.0,41,0,708,832
0.0,40,0,619,832
0.0,34,0,778,832
0.0,28,0,661,832
7.0,8,0,697,832
0.0,70,0,670,832
0.0,25,0,626,832
0.0,22,0,609,832
0.0,45,0,427,832
0.0,51,0,775,832
0.0,32,0,774,832
5.0,10,0,686,832
4.0,11,1,786,832
0.0,29,0,773,832
0.0,24,0,429,832
0.0,84,0,728,832
0.0,83,0,732,832
0.0,82,0,772,832
0.0,81,0,726,832
0.0,80,0,657,832
0.0,79,0,629,832
0.0,78,0,449,832
0.0,77,0,771,832
0.0,76,0,733,832
0.0,75,0,630,832
0.0,74,0,526,832
0.0,72,0,770,832
0.0,71,0,593,832
0.0,67,0,521,832
0.0,63,0,769,832
0.0,61,0,700,832
0.0,58,0,615,832
0.0,53,0,653,832
0.0,50,0,654,832
0.0,49,0,768,832
0.0,48,0,729,832
0.0,47,0,611,832
0.0,46,0,534,832
0.0,44,0,699,832
0.0,43,0,529,832
0.0,31,0,518,832
0.0,27,0,767,832
0.0,23,0,731,832
2.0,18,0,734,832
3.0,14,0,612,832
2.0,15,0,658,832
6.0,9,0,673,832
9.0,7,1,766,832
0.0,69,0,721,832
24.0,3,1,498,832
15.0,5,0,633,832
2.0,17,0,704,832
0.0,57,0,725,832
0.0,55,0,765,832
0.0,36,0,687,832
0.0,35,0,764,832
0.0,26,0,660,832
0.0,42,0,501,832
0.0,21,0,723,832
0.0,30,0,741,832
3.0,13,0,627,832
0.0,33,0,475,832
0.0,20,0,589,832
25.0,2,2,647,832
2.0,16,0,640,832
3.0,12,0,763,832
19.0,4,1,642,832
10.0,6,0,641,832
31.0,1,3,579,832
0.0,21,0,666,833
0.0,10,0,788,833
0.0,23,0,790,833
0.0,22,0,661,833
0.0,20,0,789,833
0.0,19,0,589,833
0.0,18,0,640,833
0.0,17,0,785,833
0.0,16,0,747,833
0.0,15,0,669,833
0.0,14,0,776,833
0.0,13,0,579,833
0.0,12,0,660,833
0.0,11,0,778,833
0.0,9,0,784,833
0.0,8,0,741,833
0.0,7,0,787,833
0.0,6,0,619,833
2.0,5,0,627,833
3.0,4,0,704,833
0.0,29,0,666,834
0.0,16,0,788,834
0.0,33,0,792,834
0.0,31,0,687,834
0.0,28,0,501,834
0.0,26,0,762,834
0.0,25,0,427,834
0.0,21,0,626,834
0.0,19,0,498,834
0.0,18,0,633,834
3.0,8,0,793,834
6.0,4,0,647,834
0.0,30,0,661,834
0.0,27,0,789,834
4.0,5,0,589,834
0.0,22,0,640,834
0.0,24,0,785,834
0.0,23,0,747,834
0.0,20,0,776,834
9.0,2,1,579,834
0.0,12,0,660,834
0.0,17,0,778,834
0.0,15,0,784,834
0.0,14,0,741,834
0.0,13,0,787,834
2.0,9,0,627,834
3.0,7,0,704,834
6.0,3,0,786,834
9.0,1,1,642,834
0.0,60,0,803,835
0.0,54,0,666,835
0.0,27,0,788,835
0.0,66,0,630,835
0.0,65,0,537,835
1.0,15,0,529,835
0.0,64,0,611,835
0.0,63,0,799,835
0.0,62,0,615,835
0.0,61,0,798,835
0.0,59,0,729,835
0.0,67,0,731,835
0.0,42,0,509,835
0.0,41,0,797,835
0.0,40,0,796,835
0.0,39,0,659,835
0.0,38,0,677,835
0.0,37,0,771,835
0.0,36,0,732,835
0.0,35,0,653,835
0.0,34,0,520,835
0.0,33,0,526,835
0.0,32,0,658,835
0.0,31,0,772,835
0.0,30,0,518,835
0.0,29,0,795,835
0.0,26,0,559,835
0.0,25,0,555,835
0.0,23,0,726,835
0.0,21,0,654,835
0.0,18,0,766,835
1.0,16,0,794,835
3.0,11,0,770,835
4.0,9,0,768,835
6.0,6,0,701,835
9.0,3,1,593,835
0.0,58,0,792,835
0.0,56,0,687,835
0.0,53,0,501,835
0.0,51,0,762,835
0.0,50,0,427,835
0.0,46,0,626,835
0.0,44,0,498,835
0.0,43,0,633,835
6.0,5,0,647,835
0.0,57,0,790,835
0.0,55,0,661,835
0.0,52,0,789,835
4.0,7,0,589,835
0.0,47,0,640,835
0.0,49,0,785,835
0.0,48,0,747,835
2.0,14,0,669,835
0.0,45,0,776,835
0.0,63,0,803,836
0.0,31,0,788,836
0.0,33,0,780,836
0.0,24,0,800,836
2.0,15,0,697,836
0.0,69,0,630,836
0.0,68,0,537,836
1.0,16,0,529,836
0.0,67,0,611,836
0.0,66,0,799,836
0.0,65,0,615,836
0.0,64,0,798,836
0.0,62,0,729,836
0.0,70,0,731,836
0.0,47,0,509,836
0.0,46,0,797,836
0.0,45,0,796,836
0.0,44,0,659,836
0.0,43,0,677,836
0.0,42,0,771,836
0.0,41,0,732,836
0.0,40,0,653,836
0.0,39,0,520,836
0.0,38,0,526,836
0.0,37,0,658,836
0.0,36,0,772,836
0.0,35,0,518,836
0.0,30,0,559,836
0.0,29,0,555,836
0.0,27,0,726,836
0.0,23,0,654,836
0.0,20,0,766,836
1.0,17,0,794,836
3.0,14,0,770,836
4.0,11,0,768,836
6.0,6,0,701,836
9.0,4,1,593,836
0.0,61,0,792,836
0.0,59,0,687,836
0.0,26,0,501,836
0.0,55,0,427,836
0.0,49,0,498,836
0.0,48,0,633,836
3.0,12,0,793,836
6.0,5,0,647,836
0.0,60,0,790,836
0.0,58,0,661,836
0.0,51,0,789,836
4.0,9,0,589,836
0.0,19,0,640,836
0.0,54,0,785,836
0.0,53,0,747,836
5.0,8,0,669,836
0.0,50,0,776,836
9.0,3,1,579,836
0.0,21,0,660,836
0.0,32,0,778,836
0.0,28,0,784,836
0.0,22,0,787,836
6.0,7,0,627,836
4.0,10,0,686,836
12.0,2,0,786,836
0.0,65,0,803,837
0.0,59,0,666,837
0.0,35,0,788,837
0.0,25,0,773,837
0.0,33,0,780,837
0.0,26,0,800,837
2.0,15,0,697,837
0.0,71,0,630,837
0.0,70,0,537,837
1.0,16,0,529,837
0.0,69,0,611,837
0.0,68,0,799,837
0.0,67,0,615,837
0.0,66,0,798,837
0.0,64,0,729,837
0.0,72,0,731,837
0.0,50,0,509,837
0.0,49,0,797,837
0.0,48,0,796,837
0.0,47,0,659,837
0.0,46,0,677,837
0.0,45,0,771,837
0.0,44,0,732,837
0.0,43,0,653,837
0.0,42,0,520,837
0.0,41,0,526,837
0.0,40,0,658,837
0.0,39,0,772,837
0.0,38,0,518,837
0.0,34,0,559,837
0.0,32,0,555,837
0.0,29,0,726,837
0.0,24,0,654,837
0.0,21,0,766,837
1.0,17,0,794,837
3.0,14,0,770,837
4.0,11,0,768,837
6.0,7,0,701,837
9.0,5,1,593,837
0.0,63,0,792,837
0.0,61,0,687,837
0.0,28,0,501,837
0.0,58,0,762,837
0.0,55,0,626,837
0.0,51,0,498,837
0.0,19,0,633,837
3.0,12,0,793,837
8.0,6,0,647,837
0.0,62,0,790,837
0.0,60,0,661,837
0.0,54,0,789,837
0.0,20,0,640,837
0.0,30,0,785,837
0.0,56,0,747,837
5.0,8,0,669,837
0.0,53,0,776,837
17.0,3,2,579,837
0.0,22,0,660,837
0.0,36,0,778,837
0.0,31,0,784,837
0.0,23,0,787,837
10.0,4,0,627,837
4.0,10,0,686,837
18.0,2,0,786,837
0.0,66,0,803,838
0.0,61,0,666,838
0.0,39,0,788,838
0.0,25,0,801,838
1.0,19,0,774,838
0.0,28,0,773,838
0.0,37,0,780,838
0.0,31,0,800,838
2.0,17,0,697,838
0.0,72,0,630,838
0.0,71,0,537,838
1.0,20,0,529,838
0.0,70,0,611,838
0.0,69,0,799,838
0.0,68,0,615,838
0.0,67,0,798,838
0.0,65,0,729,838
0.0,73,0,731,838
0.0,54,0,509,838
0.0,53,0,797,838
0.0,52,0,796,838
0.0,51,0,659,838
0.0,50,0,677,838
0.0,49,0,771,838
0.0,48,0,732,838
0.0,47,0,653,838
0.0,46,0,520,838
0.0,45,0,526,838
0.0,44,0,658,838
0.0,43,0,772,838
0.0,42,0,518,838
0.0,41,0,795,838
0.0,38,0,559,838
0.0,36,0,555,838
0.0,33,0,726,838
0.0,30,0,654,838
0.0,26,0,766,838
1.0,21,0,794,838
3.0,16,0,770,838
4.0,12,0,768,838
6.0,7,0,701,838
9.0,5,1,593,838
0.0,64,0,792,838
4.0,11,0,687,838
0.0,57,0,762,838
0.0,60,0,427,838
3.0,15,0,626,838
0.0,55,0,498,838
0.0,23,0,633,838
3.0,14,0,793,838
8.0,6,0,647,838
0.0,63,0,790,838
0.0,58,0,789,838
4.0,9,0,589,838
0.0,34,0,785,838
0.0,59,0,747,838
5.0,8,0,669,838
0.0,56,0,776,838
26.0,1,3,579,838
0.0,27,0,660,838
0.0,74,0,803,839
0.0,67,0,666,839
0.0,40,0,788,839
0.0,72,0,756,839
0.0,71,0,763,839
0.0,66,0,740,839
0.0,65,0,765,839
0.0,64,0,791,839
0.0,61,0,641,839
0.0,58,0,764,839
3.0,13,0,802,839
0.0,26,0,801,839
0.0,29,0,773,839
0.0,38,0,780,839
0.0,32,0,800,839
2.0,19,0,697,839
0.0,80,0,630,839
0.0,79,0,537,839
1.0,21,0,529,839
0.0,78,0,611,839
0.0,77,0,799,839
0.0,76,0,615,839
0.0,75,0,798,839
0.0,73,0,729,839
0.0,81,0,731,839
0.0,55,0,509,839
0.0,54,0,797,839
0.0,53,0,796,839
0.0,52,0,659,839
0.0,51,0,677,839
0.0,50,0,771,839
0.0,49,0,732,839
0.0,48,0,653,839
0.0,47,0,520,839
0.0,46,0,526,839
0.0,45,0,658,839
0.0,44,0,772,839
0.0,43,0,518,839
0.0,39,0,559,839
0.0,37,0,555,839
0.0,34,0,726,839
0.0,31,0,654,839
0.0,27,0,766,839
1.0,22,0,794,839
3.0,17,0,770,839
4.0,12,0,768,839
6.0,7,0,701,839
9.0,6,1,593,839
4.0,9,0,687,839
0.0,33,0,501,839
0.0,59,0,762,839
0.0,63,0,427,839
3.0,16,0,626,839
0.0,57,0,498,839
0.0,25,0,633,839
3.0,15,0,793,839
11.0,5,0,647,839
0.0,69,0,790,839
0.0,68,0,661,839
0.0,62,0,789,839
4.0,10,0,589,839
0.0,23,0,640,839
0.0,35,0,785,839
0.0,56,0,747,839
5.0,8,0,669,839
0.0,60,0,776,839
27.0,2,3,579,839
4.0,3,0,686,833
6.0,2,0,786,833
9.0,2,1,579,835
0.0,19,0,660,835
0.0,28,0,778,835
0.0,24,0,784,835
0.0,22,0,741,835
3.0,10,0,704,835
6.0,4,0,786,835
0.0,40,0,778,838
0.0,35,0,784,838
3.0,13,0,704,838
4.0,10,0,686,838
22.0,3,2,642,838
0.0,28,0,660,839
0.0,41,0,778,839
0.0,24,0,619,839
13.0,4,0,627,839
4.0,11,0,686,839
24.0,3,0,786,839
0.0,13,0,501,800
3.0,7,0,427,800
5.0,5,0,498,800
8.0,1,1,579,800
0.0,50,0,671,801
0.0,48,0,643,801
0.0,47,0,670,801
0.0,24,0,620,801
0.0,21,0,640,801
0.0,17,0,501,801
2.0,9,0,625,801
9.0,2,0,427,801
6.0,5,0,642,801
9.0,1,1,642,833
2.0,10,0,669,834
0.0,32,0,790,834
4.0,6,0,686,834
0.0,11,0,619,834
9.0,1,1,642,835
4.0,8,0,686,835
3.0,12,0,793,835
2.0,13,0,627,835
0.0,17,0,619,835
0.0,20,0,787,835
18.0,1,2,642,836
0.0,52,0,626,836
0.0,25,0,741,836
3.0,13,0,704,836
0.0,56,0,762,836
0.0,18,0,619,836
0.0,57,0,666,836
0.0,34,0,795,836
22.0,1,2,642,837
0.0,27,0,741,837
0.0,57,0,427,837
4.0,9,0,589,837
3.0,13,0,704,837
0.0,18,0,619,837
0.0,52,0,774,837
0.0,37,0,795,837
0.0,24,0,640,838
24.0,2,0,786,838
0.0,32,0,501,838
0.0,62,0,661,838
10.0,4,0,627,838
0.0,22,0,619,838
0.0,29,0,787,838
1.0,18,0,741,838
30.0,1,3,642,839
0.0,30,0,787,839
3.0,18,0,741,839
0.0,36,0,784,839
3.0,14,0,704,839
0.0,70,0,792,839
1.0,20,0,774,839
0.0,42,0,795,839
2.0,15,0,675,827
0.0,57,0,779,829
2.0,19,0,675,829
0.0,62,0,780,830
2.0,19,0,675,830
0.0,65,0,782,832
2.0,19,0,675,832
0.0,24,0,513,812
0.0,48,0,630,812
0.0,51,0,804,812
0.0,66,0,797,812
0.0,25,0,513,813
0.0,51,0,630,813
0.0,54,0,804,813
0.0,70,0,797,813
8.0,1,1,579,799
6.0,2,0,642,799
5.0,6,0,658,800
6.0,4,0,642,800
2.0,8,0,625,800
0.0,15,0,528,800
17.0,1,2,579,801
6.5,4,0,498,801
0.0,15,0,669,801
0.0,43,0,676,801
0.0,18,0,528,801
1.5,18,0,526,802
5.0,8,0,658,802
6.0,6,0,525,802
8.0,3,1,657,802
0.0,60,0,577,802
0.0,57,0,672,802
6.0,5,0,642,802
6.5,4,0,498,802
9.0,2,0,427,802
2.0,12,0,625,802
0.0,21,0,501,802
3.0,11,0,669,802
0.0,26,0,640,802
0.0,29,0,620,802
0.0,52,0,670,802
0.0,53,0,643,802
0.0,62,0,496,802
0.0,51,0,627,802
0.0,56,0,671,802
25.0,1,3,579,802
5.0,9,0,658,803
0.0,64,0,651,803
2.0,17,0,673,803
0.0,23,0,643,803
3.0,13,0,669,803
0.0,34,0,655,803
0.0,30,0,555,803
36.14,1,4,579,804
6.0,7,0,642,804
0.0,25,0,615,804
15.0,3,0,427,804
0.0,24,0,643,804
0.0,31,0,640,804
0.0,36,0,655,804
0.0,34,0,555,805
0.0,29,0,528,805
0.0,26,0,615,805
2.0,20,0,673,805
1.5,22,0,526,805
6.0,7,0,642,805
23.64,2,1,498,805
15.0,3,0,427,805
2.0,19,0,625,805
0.0,23,0,501,805
3.0,15,0,669,805
0.0,33,0,640,805
0.0,28,0,620,805
4.14,11,0,670,805
3.0,16,0,643,805
0.0,65,0,671,805
0.0,68,0,672,805
0.0,30,0,627,805
0.0,70,0,577,805
0.0,73,0,496,805
8.0,6,1,657,805
42.0,1,5,579,805
5.0,10,0,658,805
6.0,8,0,525,805
42.0,1,6,579,806
0.0,78,0,650,806
0.0,37,0,674,806
25.14,2,1,498,806
17.0,3,0,427,806
2.0,20,0,625,806
0.0,24,0,501,806
3.0,15,0,669,806
0.0,35,0,640,806
2.0,17,0,620,806
42.0,1,6,579,807
2.0,21,0,625,807
0.0,35,0,528,807
1.5,24,0,526,807
6.0,9,0,577,807
0.0,43,0,672,807
3.0,17,0,669,807
0.0,49,0,656,807
1.33,18,0,620,796
3.0,11,0,555,796
1.0,22,0,519,796
3.0,14,0,555,798
1.0,24,0,519,798
1.0,15,0,498,778
1.0,20,0,498,781
1.0,20,0,498,782
4.0,3,0,427,756
3.0,4,0,403,756
3.0,7,0,529,757
5.0,5,0,512,757
6.0,4,0,509,757
0.0,46,0,552,757
8.0,2,1,347,758
0.0,32,0,501,758
0.0,31,0,541,758
1.0,15,0,475,758
0.0,16,0,456,758
2.0,14,0,360,758
4.0,9,0,418,759
0.0,21,0,289,759
2.0,14,0,554,759
8.0,4,1,347,759
0.0,20,0,501,759
0.0,17,0,541,759
2.0,16,0,475,759
0.0,18,0,456,759
4.0,10,0,360,759
0.0,60,0,353,760
0.0,56,0,551,760
0.0,51,0,376,760
0.0,49,0,550,760
0.0,23,0,483,760
0.0,36,0,549,760
0.0,44,0,506,760
0.0,27,0,477,760
9.0,3,0,403,760
0.0,38,0,549,761
0.0,46,0,506,761
0.0,29,0,477,761
0.0,45,0,476,761
4.0,12,0,418,761
0.0,23,0,289,761
2.0,17,0,554,761
10.0,4,1,347,761
3.0,13,0,501,761
8.5,6,0,475,761
2.0,17,0,554,762
10.0,6,1,347,762
5.0,13,0,501,762
0.0,20,0,541,762
17.5,3,1,475,762
0.0,19,0,456,762
8.5,9,0,360,762
0.0,24,0,289,763
2.0,18,0,554,763
10.0,7,1,347,763
5.0,13,0,501,763
0.0,21,0,541,763
25.5,2,2,475,763
0.0,20,0,456,763
8.5,9,0,360,763
12.0,6,0,427,763
6.0,11,0,509,764
8.0,10,1,449,764
0.0,73,0,553,764
0.0,70,0,552,764
0.0,67,0,353,764
0.0,63,0,551,764
0.0,60,0,376,764
0.0,7,0,427,746
3.0,6,0,341,720
9.0,3,1,289,720
18.0,1,2,373,721
2.0,8,0,347,721
1.0,11,0,401,721
1.0,13,0,401,722
8.0,6,0,408,722
7.0,7,0,341,722
10.0,4,0,360,722
0.0,19,0,438,723
2.0,10,0,347,723
1.0,15,0,401,723
8.0,7,0,408,723
13.0,4,0,341,723
0.0,27,0,376,724
3.0,9,0,404,724
3.0,8,0,356,724
1.0,15,0,401,724
8.0,7,0,408,724
22.0,2,1,341,724
9.0,7,0,408,725
22.0,3,1,341,725
14.0,4,0,360,725
0.0,24,0,403,726
6.0,9,0,404,726
3.0,12,0,347,726
1.0,16,0,401,726
9.0,7,0,408,726
22.0,4,1,341,726
14.0,5,0,360,726
28.0,2,0,386,726
22.0,3,2,289,726
0.0,25,0,403,727
6.0,9,0,404,727
54.0,1,6,373,727
5.0,10,0,347,727
1.0,16,0,401,727
22.0,4,1,341,727
9.0,8,0,408,727
1.0,15,0,346,728
0.0,18,0,278,728
0.0,25,0,428,728
0.0,26,0,403,728
0.0,35,0,394,728
0.0,32,0,436,728
29.0,2,2,289,728
0.0,55,0,452,728
0.0,29,0,382,728
0.0,53,0,429,728
2.0,14,0,430,728
54.0,1,7,373,728
0.0,51,0,410,728
0.0,48,0,310,728
0.0,46,0,368,728
0.0,45,0,413,728
0.0,42,0,362,728
0.0,31,0,409,728
0.0,24,0,340,728
0.0,50,0,451,728
0.0,54,0,450,728
0.0,49,0,433,728
0.0,19,0,434,728
0.0,40,0,345,728
0.0,39,0,449,728
0.0,20,0,448,728
0.0,62,0,447,728
0.0,61,0,446,728
0.0,60,0,445,728
0.0,59,0,444,728
0.0,57,0,443,728
0.0,33,0,374,728
0.0,58,0,442,728
0.0,56,0,441,728
0.0,38,0,432,728
0.0,44,0,420,728
0.0,22,0,305,728
0.0,30,0,383,728
0.0,27,0,418,728
3.0,12,0,423,728
1.0,17,0,375,728
0.0,47,0,397,728
0.0,37,0,376,728
6.0,10,0,385,728
0.0,52,0,439,728
0.0,23,0,438,728
0.0,41,0,437,728
3.0,13,0,440,728
2.0,5,0,383,679
1.0,6,0,356,679
1.0,10,0,356,680
11.0,2,1,345,680
4.0,5,0,341,680
2.0,10,0,383,681
11.0,2,1,345,681
0.0,17,0,293,681
7.0,5,0,278,681
7.0,4,0,356,681
7.0,6,0,356,682
11.0,2,1,345,682
0.0,20,0,385,682
0.0,25,0,347,682
0.0,24,0,368,682
4.0,10,0,341,682
11.0,3,0,278,682
0.0,21,0,293,682
2.0,16,0,383,683
12.0,3,1,345,683
3.0,13,0,360,683
3.0,14,0,374,683
10.0,6,0,328,683
0.0,21,0,293,683
19.0,3,1,356,684
14.0,5,1,345,684
5.0,10,0,341,684
0.0,25,0,293,685
14.0,5,1,345,685
2.0,16,0,383,685
8.0,8,0,341,685
0.0,28,0,368,685
34.0,2,2,356,686
3.0,13,0,360,686
14.0,5,1,345,686
2.0,16,0,383,686
8.0,9,0,341,686
9.0,8,0,289,686
0.0,29,0,384,686
40.0,2,2,356,687
0.0,28,0,293,687
2.0,16,0,383,687
14.0,6,1,345,687
17.0,5,1,341,687
9.0,9,0,289,687
0.0,31,0,368,687
0.0,29,0,293,688
42.0,2,2,356,688
14.0,7,1,345,688
17.0,5,1,341,688
47.0,1,2,304,688
0.0,32,0,368,688
46.0,2,2,356,689
2.0,17,0,383,689
15.0,6,1,345,689
20.0,4,1,341,689
0.0,32,0,384,689
9.0,3,0,403,759
2.0,5,0,360,756
8.0,2,1,449,757
3.0,9,0,403,758
4.0,7,0,427,758
0.0,42,0,476,760
27.0,2,2,479,764
19.0,5,0,427,764
20.0,4,0,403,764
0.0,48,0,553,757
0.0,44,0,353,757
6.0,4,0,479,758
19.0,1,1,356,759
8.5,5,0,360,760
0.0,20,0,541,761
0.0,19,0,456,761
23.0,2,2,479,761
27.0,1,2,356,762
23.0,2,2,479,762
20.0,4,0,403,763
0.0,58,0,550,764
0.0,29,0,483,764
16.5,6,1,360,764
0.0,42,0,551,757
0.0,47,0,353,758
15.0,1,1,356,758
6.0,9,0,427,760
8.5,7,0,360,761
9.0,5,0,427,761
13.0,4,0,403,762
12.0,5,0,427,762
31.0,1,2,356,763
6.0,2,0,479,756
9.0,1,1,356,756
3.0,12,0,529,759
0.0,25,0,502,760
0.0,35,0,514,760
0.0,38,0,556,760
0.0,71,0,522,763
0.0,34,0,432,763
0.0,77,0,564,763
0.0,42,0,538,763
23.0,3,2,479,763
31.0,1,2,356,764
10.0,1,0,360,720
9.0,4,0,386,720
7.0,6,0,341,721
10.0,4,0,360,721
11.0,3,0,386,722
10.0,6,0,360,723
14.0,2,0,386,723
10.0,6,0,360,724
13.0,4,1,289,724
24.0,2,0,386,725
14.0,5,0,360,727
25.0,3,2,289,727
19.0,5,0,364,728
0.0,21,0,427,728
6.0,9,0,404,728
0.0,36,0,435,728
14.0,7,0,356,728
6.0,11,0,347,728
1.0,16,0,401,728
22.0,4,1,341,728
9.0,8,0,408,728
17.0,6,0,360,728
29.0,3,0,386,728
0.0,28,0,439,720
3.0,7,0,404,721
0.0,16,0,356,721
0.0,20,0,435,722
9.0,5,1,289,722
1.0,14,0,430,723
13.0,3,1,289,723
18.0,3,0,386,724
3.0,12,0,440,725
0.0,41,0,429,726
0.0,34,0,437,726
0.0,40,0,439,726
3.0,12,0,423,727
0.0,29,0,436,727
29.0,2,0,386,727
0.0,28,0,411,728
0.0,43,0,407,728
0.0,34,0,412,728
25.0,1,1,4,337
18.0,2,0,13,337
15.0,3,0,1,337
12.0,4,0,20,337
10.0,5,0,3,337
8.0,6,0,30,337
6.0,7,0,18,337
4.0,8,0,17,337
2.0,9,0,24,337
1.0,10,0,22,337
0.0,11,0,9,337
0.0,12,0,16,337
0.0,13,0,153,337
0.0,14,0,807,337
0.0,15,0,5,337
0.0,16,0,67,337
0.0,17,0,15,337
0.0,18,0,37,337
0.0,19,0,811,337
0.0,20,0,10,337
0.0,21,0,808,337
0.0,22,0,155,337
0.0,23,0,810,337
0.0,24,0,812,337
37.0,1,1,4,338
33.0,2,0,13,338
23.0,4,0,1,338
12.0,7,0,20,338
20.0,5,0,3,338
9.0,8,0,30,338
31.0,3,1,18,338
6.0,10,0,17,338
8.0,9,0,24,338
5.0,11,0,22,338
18.0,6,0,9,338
0.0,13,0,16,338
0.0,12,0,153,338
0.0,17,0,807,338
0.0,15,0,5,338
0.0,18,0,67,338
0.0,19,0,15,338
0.0,14,0,37,338
0.0,20,0,811,338
0.0,21,0,10,338
0.0,22,0,808,338
0.0,23,0,155,338
0.0,24,0,810,338
0.0,16,0,812,338
37.0,2,1,4,339
39.0,1,0,13,339
31.0,6,0,1,339
37.0,3,1,20,339
35.0,5,0,3,339
9.0,10,0,30,339
35.0,4,1,18,339
24.0,8,0,17,339
8.0,11,0,24,339
5.0,12,0,22,339
30.0,7,0,9,339
10.0,9,0,16,339
2.0,13,0,153,339
1.0,14,0,807,339
0.0,17,0,5,339
0.0,15,0,67,339
0.0,21,0,15,339
0.0,16,0,37,339
0.0,20,0,811,339
0.0,22,0,10,339
0.0,23,0,808,339
0.0,24,0,155,339
0.0,19,0,810,339
0.0,18,0,812,339
49.0,3,1,4,340
41.0,6,0,13,340
49.0,4,0,1,340
45.0,5,1,20,340
50.0,2,0,3,340
10.0,10,0,30,340
60.0,1,2,18,340
28.0,8,0,17,340
8.0,11,0,24,340
5.0,13,0,22,340
40.0,7,0,9,340
10.0,9,0,16,340
2.0,14,0,153,340
1.0,15,0,807,340
0.0,18,0,5,340
0.0,16,0,67,340
0.0,22,0,15,340
0.0,17,0,37,340
0.0,21,0,811,340
0.0,23,0,10,340
6.0,12,0,808,340
0.0,24,0,155,340
0.0,20,0,810,340
0.0,19,0,812,340
67.0,2,1,4,341
49.0,7,0,13,341
49.0,6,0,1,341
60.0,3,1,20,341
50.0,5,0,3,341
22.0,9,0,30,341
70.0,1,2,18,341
53.0,4,1,17,341
8.0,11,0,24,341
7.0,12,0,22,341
44.0,8,0,9,341
16.0,10,0,16,341
3.0,14,0,153,341
1.0,15,0,807,341
0.0,19,0,5,341
0.0,16,0,67,341
0.0,23,0,15,341
0.0,17,0,37,341
0.0,22,0,811,341
0.0,24,0,10,341
6.0,13,0,808,341
0.0,18,0,155,341
0.0,21,0,810,341
0.0,20,0,812,341
79.0,4,1,4,343
0.0,20,0,812,342
0.0,21,0,810,342
0.0,18,0,155,342
0.0,24,0,10,342
0.0,23,0,811,342
0.0,22,0,15,342
1.0,15,0,67,342
1.0,16,0,807,342
3.0,14,0,153,342
10.0,11,0,24,342
78.0,1,2,17,342
70.0,4,2,18,342
61.0,5,0,13,342
59.0,7,0,1,342
78.0,2,1,20,342
56.0,8,0,3,342
22.0,9,0,30,342
0.0,17,0,37,342
6.0,13,0,808,342
0.0,19,0,5,342
20.0,10,0,16,342
75.0,3,1,4,342
59.0,6,0,9,342
7.0,12,0,22,342
67.0,7,0,13,343
84.0,3,1,1,343
78.0,5,1,20,343
66.0,8,0,3,343
34.0,9,0,30,343
88.0,2,2,18,343
93.0,1,2,17,343
10.0,11,0,24,343
7.0,12,0,22,343
67.0,6,0,9,343
22.0,10,0,16,343
3.0,14,0,153,343
1.0,17,0,807,343
0.0,19,0,5,343
1.0,15,0,67,343
0.0,22,0,15,343
0.0,18,0,37,343
0.0,23,0,811,343
0.0,24,0,10,343
6.0,13,0,808,343
1.0,16,0,155,343
0.0,21,0,810,343
0.0,20,0,812,343
94.0,4,1,4,344
67.0,8,0,13,344
109.0,1,2,1,344
90.0,5,1,20,344
74.0,6,0,3,344
34.0,9,0,30,344
106.0,2,2,18,344
103.0,3,2,17,344
12.0,11,0,24,344
7.0,12,0,22,344
73.0,7,0,9,344
23.0,10,0,16,344
3.0,15,0,153,344
1.0,17,0,807,344
0.0,19,0,5,344
5.0,14,0,67,344
0.0,22,0,15,344
0.0,18,0,37,344
0.0,23,0,811,344
0.0,24,0,10,344
6.0,13,0,808,344
1.0,16,0,155,344
0.0,21,0,810,344
0.0,20,0,812,344
98.0,5,1,4,345
67.0,8,0,13,345
127.0,1,2,1,345
115.0,3,2,20,345
75.0,7,0,3,345
34.0,9,0,30,345
121.0,2,2,18,345
103.0,4,2,17,345
12.0,12,0,24,345
19.0,11,0,22,345
83.0,6,0,9,345
31.0,10,0,16,345
3.0,16,0,153,345
1.0,17,0,807,345
0.0,19,0,5,345
7.0,14,0,67,345
0.0,22,0,15,345
0.0,18,0,37,345
0.0,23,0,811,345
0.0,24,0,10,345
6.0,15,0,808,345
7.0,13,0,155,345
0.0,21,0,810,345
0.0,20,0,812,345
98.0,5,1,4,346
67.0,8,0,13,346
145.0,1,2,1,346
121.0,4,2,20,346
90.0,6,0,3,346
36.0,9,0,30,346
133.0,2,2,18,346
128.0,3,3,17,346
12.0,13,0,24,346
29.0,11,0,22,346
83.0,7,0,9,346
35.0,10,0,16,346
3.0,16,0,153,346
2.0,17,0,807,346
0.0,19,0,5,346
7.0,14,0,67,346
0.0,22,0,15,346
0.0,18,0,37,346
0.0,23,0,811,346
0.0,24,0,10,346
6.0,15,0,808,346
15.0,12,0,155,346
0.0,21,0,810,346
0.0,20,0,812,346
0.0,25,0,29,346
123.0,5,2,4,347
85.0,8,0,13,347
157.0,1,2,1,347
136.0,4,2,20,347
94.0,6,0,3,347
38.0,9,0,30,347
143.0,2,2,18,347
136.0,3,3,17,347
12.0,13,0,24,347
29.0,11,0,22,347
89.0,7,0,9,347
35.0,10,0,16,347
3.0,16,0,153,347
2.0,17,0,807,347
0.0,19,0,5,347
7.0,15,0,67,347
0.0,22,0,15,347
0.0,18,0,37,347
0.0,23,0,811,347
0.0,24,0,10,347
7.0,14,0,808,347
15.0,12,0,155,347
0.0,21,0,810,347
0.0,20,0,812,347
0.0,25,0,29,347
141.0,5,2,4,348
97.0,6,0,13,348
157.0,2,2,1,348
151.0,3,2,20,348
94.0,7,0,3,348
38.0,9,0,30,348
147.0,4,2,18,348
161.0,1,4,17,348
12.0,14,0,24,348
30.0,11,0,22,348
89.0,8,0,9,348
35.0,10,0,16,348
3.0,18,0,153,348
10.0,15,0,807,348
0.0,19,0,5,348
7.0,16,0,67,348
0.0,22,0,15,348
6.0,17,0,37,348
0.0,23,0,811,348
0.0,24,0,10,348
17.0,12,0,808,348
17.0,13,0,155,348
0.0,21,0,810,348
0.0,20,0,812,348
0.0,25,0,29,348
141.0,5,2,4,349
109.0,6,0,13,349
182.0,1,3,1,349
151.0,3,2,20,349
102.0,8,0,3,349
44.0,10,0,30,349
147.0,4,2,18,349
179.0,2,4,17,349
13.0,14,0,24,349
30.0,11,0,22,349
104.0,7,0,9,349
45.0,9,0,16,349
3.0,18,0,153,349
10.0,15,0,807,349
0.0,19,0,5,349
7.0,16,0,67,349
0.0,22,0,15,349
6.0,17,0,37,349
0.0,23,0,811,349
0.0,24,0,10,349
19.0,13,0,808,349
21.0,12,0,155,349
0.0,21,0,810,349
0.0,20,0,812,349
0.0,25,0,29,349
166.0,3,3,4,350
124.0,6,0,13,350
182.0,2,3,1,350
163.0,5,2,20,350
112.0,7,0,3,350
46.0,9,0,30,350
165.0,4,2,18,350
187.0,1,4,17,350
13.0,15,0,24,350
31.0,11,0,22,350
108.0,8,0,9,350
45.0,10,0,16,350
3.0,18,0,153,350
16.0,14,0,807,350
0.0,19,0,5,350
7.0,16,0,67,350
0.0,22,0,15,350
6.0,17,0,37,350
0.0,23,0,811,350
0.0,24,0,10,350
19.0,13,0,808,350
21.0,12,0,155,350
0.0,21,0,810,350
0.0,20,0,812,350
0.0,25,0,29,350
0.0,27,0,32,351
0.0,25,0,29,351
0.0,20,0,812,351
0.0,21,0,810,351
21.0,12,0,155,351
0.0,24,0,10,351
6.0,17,0,37,351
0.0,22,0,15,351
0.0,19,0,5,351
17.0,14,0,807,351
3.0,18,0,153,351
13.0,15,0,24,351
177.0,5,2,18,351
122.0,7,0,3,351
0.0,26,0,2,351
19.0,13,0,808,351
0.0,23,0,811,351
46.0,10,0,30,351
202.0,1,4,17,351
47.0,9,0,16,351
7.0,16,0,67,351
181.0,4,2,20,351
114.0,8,0,9,351
39.0,11,0,22,351
182.0,3,3,1,351
128.0,6,0,13,351
191.0,2,4,4,351
4.0,18,0,2,352
0.0,26,0,29,352
0.0,22,0,812,352
0.0,23,0,810,352
19.0,13,0,808,352
0.0,25,0,811,352
6.0,17,0,37,352
8.0,16,0,67,352
47.0,10,0,16,352
114.0,8,0,9,352
13.0,15,0,24,352
189.0,5,2,18,352
192.0,4,3,1,352
0.0,27,0,32,352
27.0,12,0,155,352
0.0,24,0,10,352
220.0,1,4,17,352
41.0,11,0,22,352
0.0,20,0,5,352
3.0,19,0,153,352
128.0,6,0,13,352
0.0,21,0,15,352
17.0,14,0,807,352
122.0,7,0,3,352
54.0,9,0,30,352
206.0,3,3,20,352
206.0,2,4,4,352
6.0,18,0,2,353
0.0,22,0,812,353
31.0,12,0,155,353
0.0,25,0,10,353
0.0,21,0,15,353
8.0,16,0,67,353
124.0,7,0,9,353
47.0,10,0,22,353
220.0,2,4,17,353
189.0,5,2,18,353
66.0,9,0,30,353
210.0,3,3,1,353
0.0,24,0,810,353
0.0,26,0,29,353
0.0,23,0,811,353
0.0,27,0,32,353
19.0,14,0,808,353
6.0,17,0,37,353
21.0,13,0,24,353
18.0,15,0,807,353
47.0,11,0,16,353
143.0,6,0,13,353
0.0,20,0,5,353
3.0,19,0,153,353
122.0,8,0,3,353
206.0,4,3,20,353
231.0,1,5,4,353
246.0,1,5,4,354
143.0,6,0,13,354
222.0,4,3,1,354
231.0,3,4,20,354
130.0,7,0,3,354
72.0,9,0,30,354
199.0,5,2,18,354
238.0,2,4,17,354
21.0,14,0,24,354
47.0,10,0,22,354
126.0,8,0,9,354
47.0,11,0,16,354
3.0,19,0,153,354
22.0,13,0,807,354
0.0,20,0,5,354
8.0,16,0,67,354
0.0,21,0,15,354
6.0,17,0,37,354
0.0,23,0,811,354
0.0,25,0,10,354
19.0,15,0,808,354
32.0,12,0,155,354
0.0,24,0,810,354
0.0,22,0,812,354
0.0,26,0,29,354
6.0,18,0,2,354
0.0,27,0,32,354
252.0,2,5,4,355
144.0,6,0,13,355
240.0,4,3,1,355
256.0,1,5,20,355
142.0,7,0,3,355
72.0,9,0,30,355
214.0,5,2,18,355
242.0,3,4,17,355
21.0,15,0,24,355
47.0,10,0,22,355
136.0,8,0,9,355
47.0,11,0,16,355
5.0,19,0,153,355
22.0,14,0,807,355
0.0,20,0,5,355
8.0,16,0,67,355
0.0,21,0,15,355
6.0,17,0,37,355
0.0,23,0,811,355
0.0,25,0,10,355
27.0,13,0,808,355
32.0,12,0,155,355
0.0,24,0,810,355
0.0,22,0,812,355
0.0,26,0,29,355
6.0,18,0,2,355
0.0,27,0,32,355
44.0,1,3,4,75
8.0,11,0,22,75
14.0,4,1,21,75
20.0,5,0,4,842
15.0,8,0,808,842
22.0,3,0,1,842
0.0,20,0,813,841
0.0,19,0,30,841
0.0,18,0,5,841
0.0,17,0,3,841
0.0,16,0,22,841
50.0,1,2,20,842
0.0,15,0,10,841
0.0,14,0,816,841
0.0,13,0,15,841
0.0,12,0,2,841
0.0,11,0,153,841
1.0,10,0,814,841
2.0,9,0,16,841
4.0,8,0,67,841
6.0,7,0,13,841
8.0,6,0,18,841
10.0,5,0,17,841
12.0,4,0,4,841
15.0,3,0,808,841
18.0,2,0,1,841
25.0,1,1,20,841
22.0,4,0,17,842
26.0,2,0,18,842
16.0,6,0,13,842
4.0,10,0,67,842
2.0,11,0,16,842
2.0,13,0,814,842
0.0,14,0,153,842
15.0,7,0,2,842
0.0,16,0,15,842
0.0,17,0,816,842
0.0,19,0,10,842
0.0,21,0,22,842
0.0,15,0,3,842
0.0,18,0,5,842
2.0,12,0,30,842
0.0,23,0,813,842
6.0,9,0,155,842
0.0,22,0,24,842
0.0,20,0,815,842
0.0,24,0,39,842
68.0,1,2,20,843
47.0,2,1,1,843
17.0,7,0,808,843
26.0,5,0,4,843
37.0,4,0,17,843
38.0,3,0,18,843
24.0,6,0,13,843
4.0,12,0,67,843
2.0,13,0,16,843
2.0,14,0,814,843
0.0,15,0,153,843
15.0,8,0,2,843
0.0,16,0,15,843
0.0,18,0,816,843
0.0,20,0,10,843
0.0,17,0,22,843
10.0,9,0,3,843
0.0,19,0,5,843
6.0,11,0,30,843
0.0,22,0,813,843
7.0,10,0,155,843
0.0,23,0,24,843
0.0,21,0,815,843
0.0,24,0,39,843
93.0,1,3,20,844
59.0,2,1,1,844
21.0,8,0,808,844
41.0,5,0,4,844
55.0,3,0,17,844
46.0,4,0,18,844
24.0,6,0,13,844
6.0,12,0,67,844
2.0,13,0,16,844
2.0,14,0,814,844
0.0,15,0,153,844
21.0,7,0,2,844
0.0,17,0,15,844
0.0,19,0,816,844
0.0,21,0,10,844
0.0,16,0,22,844
20.0,9,0,3,844
0.0,20,0,5,844
6.0,11,0,30,844
0.0,22,0,813,844
8.0,10,0,155,844
0.0,24,0,24,844
0.0,18,0,815,844
0.0,23,0,39,844
118.0,1,4,20,845
77.0,2,1,1,845
21.0,9,0,808,845
51.0,5,0,4,845
67.0,3,0,17,845
61.0,4,0,18,845
24.0,8,0,13,845
6.0,12,0,67,845
2.0,13,0,16,845
2.0,15,0,814,845
0.0,16,0,153,845
25.0,7,0,2,845
0.0,18,0,15,845
0.0,19,0,816,845
0.0,22,0,10,845
0.0,17,0,22,845
26.0,6,0,3,845
0.0,20,0,5,845
14.0,10,0,30,845
0.0,21,0,813,845
9.0,11,0,155,845
0.0,24,0,24,845
2.0,14,0,815,845
0.0,23,0,39,845
143.0,1,5,20,846
85.0,2,1,1,846
21.0,9,0,808,846
69.0,5,0,4,846
79.0,3,0,17,846
76.0,4,0,18,846
24.0,8,0,13,846
7.0,13,0,67,846
8.0,12,0,16,846
2.0,16,0,814,846
0.0,17,0,153,846
29.0,6,0,2,846
0.0,18,0,15,846
0.0,20,0,816,846
0.0,22,0,10,846
2.0,14,0,22,846
26.0,7,0,3,846
0.0,19,0,5,846
14.0,11,0,30,846
0.0,21,0,813,846
19.0,10,0,155,846
0.0,23,0,24,846
2.0,15,0,815,846
0.0,24,0,39,846
161.0,1,5,20,847
85.0,4,1,1,847
31.0,7,0,808,847
69.0,5,0,4,847
94.0,3,0,17,847
101.0,2,1,18,847
32.0,6,0,13,847
8.0,13,0,67,847
8.0,12,0,16,847
2.0,17,0,814,847
4.0,14,0,153,847
29.0,8,0,2,847
0.0,19,0,15,847
0.0,21,0,816,847
0.0,25,0,10,847
4.0,15,0,22,847
26.0,10,0,3,847
0.0,22,0,5,847
26.0,9,0,30,847
0.0,24,0,813,847
25.0,11,0,155,847
0.0,20,0,24,847
2.0,16,0,815,847
0.0,23,0,39,847
0.0,18,0,37,847
186.0,1,6,20,848
97.0,4,1,1,848
31.0,8,0,808,848
87.0,5,0,4,848
109.0,3,0,17,848
109.0,2,1,18,848
42.0,6,0,13,848
8.0,14,0,67,848
10.0,12,0,16,848
2.0,17,0,814,848
8.0,13,0,153,848
30.0,9,0,2,848
0.0,19,0,15,848
0.0,21,0,816,848
0.0,25,0,10,848
4.0,15,0,22,848
32.0,7,0,3,848
0.0,22,0,5,848
26.0,10,0,30,848
0.0,24,0,813,848
25.0,11,0,155,848
0.0,20,0,24,848
2.0,16,0,815,848
0.0,23,0,39,848
0.0,18,0,37,848
204.0,1,6,20,849
109.0,4,1,1,849
31.0,9,0,808,849
112.0,3,1,4,849
124.0,2,0,17,849
109.0,5,1,18,849
52.0,6,0,13,849
8.0,15,0,67,849
10.0,12,0,16,849
2.0,17,0,814,849
9.0,13,0,153,849
34.0,8,0,2,849
0.0,19,0,15,849
0.0,21,0,816,849
0.0,25,0,10,849
4.0,16,0,22,849
40.0,7,0,3,849
0.0,22,0,5,849
28.0,10,0,30,849
0.0,23,0,813,849
25.0,11,0,155,849
0.0,20,0,24,849
8.0,14,0,815,849
0.0,24,0,39,849
0.0,18,0,37,849
0.0,26,0,817,849
216.0,1,6,20,850
134.0,3,2,1,850
32.0,9,0,808,850
130.0,4,1,4,850
139.0,2,0,17,850
109.0,5,1,18,850
62.0,6,0,13,850
8.0,15,0,67,850
18.0,12,0,16,850
2.0,17,0,814,850
9.0,13,0,153,850
34.0,8,0,2,850
0.0,19,0,15,850
0.0,22,0,816,850
0.0,24,0,10,850
4.0,16,0,22,850
46.0,7,0,3,850
0.0,23,0,5,850
32.0,10,0,30,850
0.0,21,0,813,850
27.0,11,0,155,850
0.0,20,0,24,850
8.0,14,0,815,850
0.0,25,0,39,850
0.0,18,0,37,850
0.0,26,0,817,850
0.0,27,0,812,850
234.0,1,6,20,851
146.0,3,2,1,851
32.0,9,0,808,851
145.0,4,1,4,851
149.0,2,0,17,851
134.0,5,2,18,851
70.0,6,0,13,851
12.0,13,0,67,851
18.0,12,0,16,851
8.0,16,0,814,851
10.0,14,0,153,851
34.0,8,0,2,851
0.0,19,0,15,851
0.0,22,0,816,851
0.0,24,0,10,851
4.0,17,0,22,851
48.0,7,0,3,851
0.0,23,0,5,851
32.0,10,0,30,851
0.0,21,0,813,851
27.0,11,0,155,851
0.0,20,0,24,851
8.0,15,0,815,851
0.0,25,0,39,851
0.0,18,0,37,851
0.0,26,0,817,851
0.0,27,0,812,851
0.0,22,0,811,852
0.0,27,0,817,852
0.0,26,0,39,852
8.0,15,0,815,852
0.0,21,0,24,852
42.0,8,0,30,852
0.0,24,0,5,852
0.0,25,0,10,852
0.0,23,0,816,852
10.0,14,0,153,852
12.0,13,0,67,852
74.0,6,0,13,852
149.0,4,2,18,852
146.0,5,2,1,852
0.0,28,0,812,852
0.0,19,0,37,852
4.0,17,0,22,852
0.0,20,0,15,852
1.0,18,0,813,852
8.0,16,0,814,852
27.0,11,0,155,852
56.0,7,0,3,852
34.0,10,0,2,852
167.0,2,0,17,852
24.0,12,0,16,852
259.0,1,7,20,852
157.0,3,1,4,852
34.0,9,0,808,852
284.0,1,8,20,853
158.0,5,2,1,853
34.0,9,0,808,853
172.0,2,1,4,853
167.0,4,0,17,853
167.0,3,2,18,853
82.0,6,0,13,853
13.0,14,0,67,853
24.0,12,0,16,853
12.0,15,0,814,853
16.0,13,0,153,853
34.0,10,0,2,853
0.0,21,0,15,853
0.0,24,0,816,853
0.0,25,0,10,853
4.0,17,0,22,853
56.0,7,0,3,853
0.0,22,0,5,853
52.0,8,0,30,853
1.0,19,0,813,853
27.0,11,0,155,853
0.0,23,0,24,853
8.0,16,0,815,853
0.0,26,0,39,853
0.0,20,0,37,853
0.0,27,0,817,853
0.0,28,0,812,853
2.0,18,0,811,853
309.0,1,9,20,854
168.0,5,2,1,854
34.0,9,0,808,854
184.0,3,1,4,854
182.0,4,0,17,854
185.0,2,2,18,854
84.0,6,0,13,854
13.0,15,0,67,854
28.0,11,0,16,854
20.0,13,0,814,854
16.0,14,0,153,854
34.0,10,0,2,854
0.0,21,0,15,854
0.0,24,0,816,854
0.0,25,0,10,854
4.0,17,0,22,854
62.0,7,0,3,854
0.0,22,0,5,854
52.0,8,0,30,854
1.0,19,0,813,854
27.0,12,0,155,854
0.0,23,0,24,854
9.0,16,0,815,854
0.0,26,0,39,854
0.0,20,0,37,854
0.0,27,0,817,854
0.0,28,0,812,854
2.0,18,0,811,854
324.0,1,9,20,855
178.0,5,2,1,855
36.0,9,0,808,855
202.0,3,1,4,855
194.0,4,0,17,855
210.0,2,3,18,855
90.0,6,0,13,855
13.0,16,0,67,855
28.0,11,0,16,855
20.0,13,0,814,855
16.0,14,0,153,855
34.0,10,0,2,855
0.0,21,0,15,855
0.0,24,0,816,855
0.0,25,0,10,855
4.0,17,0,22,855
63.0,7,0,3,855
0.0,22,0,5,855
60.0,8,0,30,855
1.0,19,0,813,855
27.0,12,0,155,855
0.0,23,0,24,855
13.0,15,0,815,855
0.0,26,0,39,855
0.0,20,0,37,855
0.0,27,0,817,855
0.0,28,0,812,855
2.0,18,0,811,855
349.0,1,10,20,856
196.0,5,2,1,856
36.0,9,0,808,856
212.0,3,1,4,856
209.0,4,0,17,856
222.0,2,3,18,856
98.0,6,0,13,856
15.0,15,0,67,856
28.0,11,0,16,856
21.0,14,0,814,856
22.0,13,0,153,856
34.0,10,0,2,856
0.0,21,0,15,856
0.0,24,0,816,856
0.0,25,0,10,856
4.0,17,0,22,856
67.0,7,0,3,856
0.0,22,0,5,856
60.0,8,0,30,856
1.0,19,0,813,856
27.0,12,0,155,856
0.0,23,0,24,856
13.0,16,0,815,856
0.0,26,0,39,856
0.0,20,0,37,856
0.0,27,0,817,856
0.0,28,0,812,856
2.0,18,0,811,856
374.0,1,11,20,857
202.0,5,2,1,857
36.0,9,0,808,857
227.0,3,1,4,857
221.0,4,0,17,857
240.0,2,3,18,857
98.0,6,0,13,857
15.0,15,0,67,857
30.0,11,0,16,857
21.0,14,0,814,857
26.0,13,0,153,857
34.0,10,0,2,857
0.0,21,0,15,857
0.0,24,0,816,857
0.0,25,0,10,857
4.0,17,0,22,857
75.0,7,0,3,857
0.0,22,0,5,857
70.0,8,0,30,857
1.0,19,0,813,857
27.0,12,0,155,857
0.0,23,0,24,857
14.0,16,0,815,857
0.0,26,0,39,857
0.0,20,0,37,857
0.0,27,0,817,857
0.0,28,0,812,857
2.0,18,0,811,857
374.0,1,11,20,858
227.0,5,3,1,858
36.0,9,0,808,858
245.0,3,1,4,858
233.0,4,0,17,858
255.0,2,3,18,858
108.0,6,0,13,858
15.0,15,0,67,858
34.0,11,0,16,858
23.0,14,0,814,858
26.0,13,0,153,858
34.0,10,0,2,858
0.0,21,0,15,858
0.0,24,0,816,858
0.0,25,0,10,858
4.0,17,0,22,858
83.0,7,0,3,858
0.0,22,0,5,858
76.0,8,0,30,858
1.0,19,0,813,858
28.0,12,0,155,858
0.0,23,0,24,858
14.0,16,0,815,858
0.0,26,0,39,858
0.0,20,0,37,858
0.0,27,0,817,858
0.0,28,0,812,858
2.0,18,0,811,858
392.0,1,11,20,859
227.0,5,3,1,859
37.0,10,0,808,859
257.0,4,1,4,859
258.0,3,1,17,859
270.0,2,3,18,859
118.0,6,0,13,859
15.0,15,0,67,859
42.0,9,0,16,859
27.0,13,0,814,859
26.0,14,0,153,859
34.0,11,0,2,859
0.0,21,0,15,859
0.0,24,0,816,859
0.0,25,0,10,859
4.0,17,0,22,859
89.0,7,0,3,859
0.0,22,0,5,859
76.0,8,0,30,859
1.0,19,0,813,859
30.0,12,0,155,859
0.0,23,0,24,859
14.0,16,0,815,859
0.0,26,0,39,859
0.0,20,0,37,859
0.0,27,0,817,859
0.0,28,0,812,859
2.0,18,0,811,859
0.0,24,0,39,860
0.0,22,0,807,860
0.0,20,0,30,860
0.0,18,0,5,860
0.0,16,0,811,860
0.0,14,0,10,860
0.0,12,0,3,860
0.0,23,0,37,860
0.0,21,0,154,860
0.0,19,0,808,860
0.0,17,0,13,860
0.0,15,0,819,860
0.0,13,0,813,860
0.0,11,0,818,860
1.0,10,0,814,860
2.0,9,0,817,860
4.0,8,0,815,860
6.0,7,0,8,860
8.0,6,0,155,860
10.0,5,0,4,860
12.0,4,0,17,860
15.0,3,0,1,860
18.0,2,0,20,860
25.0,1,1,18,860
25.0,3,1,18,861
18.0,6,0,20,861
30.0,2,0,1,861
24.0,4,0,17,861
35.0,1,1,4,861
8.0,9,0,155,861
16.0,7,0,8,861
22.0,5,0,815,861
2.0,12,0,817,861
7.0,10,0,814,861
4.0,11,0,818,861
0.0,15,0,3,861
0.0,16,0,813,861
0.0,17,0,10,861
0.0,18,0,819,861
8.0,8,0,811,861
0.0,19,0,13,861
0.0,21,0,5,861
0.0,20,0,808,861
1.0,14,0,30,861
0.0,24,0,154,861
2.0,13,0,807,861
0.0,23,0,37,861
0.0,22,0,39,861
43.0,2,1,18,862
28.0,5,0,20,862
45.0,1,0,1,862
36.0,4,0,17,862
37.0,3,1,4,862
9.0,10,0,155,862
16.0,8,0,8,862
22.0,7,0,815,862
2.0,15,0,817,862
7.0,12,0,814,862
4.0,13,0,818,862
25.0,6,1,3,862
4.0,14,0,813,862
0.0,19,0,10,862
0.0,20,0,819,862
14.0,9,0,811,862
0.0,18,0,13,862
0.0,22,0,5,862
0.0,21,0,808,862
1.0,17,0,30,862
8.0,11,0,154,862
2.0,16,0,807,862
0.0,23,0,37,862
0.0,24,0,39,862
43.0,4,1,18,863
53.0,1,1,20,863
49.0,2,0,1,863
48.0,3,0,17,863
43.0,5,1,4,863
9.0,12,0,155,863
34.0,7,0,8,863
22.0,9,0,815,863
2.0,15,0,817,863
15.0,10,0,814,863
4.0,13,0,818,863
35.0,6,1,3,863
4.0,14,0,813,863
0.0,19,0,10,863
0.0,20,0,819,863
14.0,11,0,811,863
2.0,17,0,13,863
0.0,22,0,5,863
0.0,21,0,808,863
2.0,18,0,30,863
23.0,8,0,154,863
2.0,16,0,807,863
0.0,23,0,37,863
0.0,24,0,39,863
45.0,6,1,18,864
61.0,1,1,20,864
53.0,3,0,1,864
48.0,5,0,17,864
61.0,2,1,4,864
19.0,11,0,155,864
49.0,4,0,8,864
22.0,10,0,815,864
2.0,16,0,817,864
15.0,12,0,814,864
4.0,14,0,818,864
41.0,7,1,3,864
29.0,9,1,813,864
0.0,19,0,10,864
0.0,20,0,819,864
14.0,13,0,811,864
2.0,17,0,13,864
0.0,22,0,5,864
0.0,21,0,808,864
2.0,18,0,30,864
35.0,8,0,154,864
3.0,15,0,807,864
0.0,23,0,37,864
0.0,24,0,39,864
45.0,7,1,18,865
73.0,2,1,20,865
63.0,4,0,1,865
73.0,3,1,17,865
76.0,1,1,4,865
19.0,12,0,155,865
51.0,6,0,8,865
22.0,10,0,815,865
2.0,17,0,817,865
21.0,11,0,814,865
4.0,16,0,818,865
59.0,5,1,3,865
29.0,9,1,813,865
0.0,20,0,10,865
0.0,21,0,819,865
15.0,13,0,811,865
10.0,14,0,13,865
0.0,19,0,5,865
0.0,23,0,808,865
2.0,18,0,30,865
35.0,8,0,154,865
7.0,15,0,807,865
0.0,24,0,37,865
0.0,22,0,39,865
45.0,8,1,18,866
85.0,3,1,20,866
88.0,1,1,1,866
79.0,4,1,17,866
86.0,2,1,4,866
21.0,11,0,155,866
55.0,6,0,8,866
37.0,9,0,815,866
2.0,17,0,817,866
21.0,12,0,814,866
4.0,16,0,818,866
67.0,5,1,3,866
29.0,10,1,813,866
0.0,20,0,10,866
0.0,21,0,819,866
15.0,13,0,811,866
11.0,14,0,13,866
0.0,19,0,5,866
0.0,23,0,808,866
2.0,18,0,30,866
53.0,7,0,154,866
7.0,15,0,807,866
0.0,24,0,37,866
0.0,22,0,39,866
49.0,8,1,18,867
85.0,4,1,20,867
88.0,3,1,1,867
91.0,2,1,17,867
111.0,1,2,4,867
21.0,12,0,155,867
73.0,6,0,8,867
39.0,9,0,815,867
2.0,18,0,817,867
27.0,11,0,814,867
4.0,17,0,818,867
75.0,5,1,3,867
29.0,10,1,813,867
0.0,21,0,10,867
0.0,22,0,819,867
16.0,15,0,811,867
11.0,16,0,13,867
0.0,19,0,5,867
0.0,20,0,808,867
17.0,13,0,30,867
53.0,7,0,154,867
17.0,14,0,807,867
0.0,24,0,37,867
0.0,23,0,39,867
50.0,8,1,18,868
100.0,3,1,20,868
92.0,4,1,1,868
116.0,2,2,17,868
129.0,1,2,4,868
21.0,14,0,155,868
83.0,5,0,8,868
39.0,9,0,815,868
2.0,18,0,817,868
27.0,11,0,814,868
4.0,17,0,818,868
75.0,6,1,3,868
29.0,10,1,813,868
0.0,21,0,10,868
0.0,22,0,819,868
18.0,15,0,811,868
23.0,13,0,13,868
0.0,19,0,5,868
0.0,20,0,808,868
23.0,12,0,30,868
61.0,7,0,154,868
17.0,16,0,807,868
0.0,24,0,37,868
0.0,23,0,39,868
164.0,1,3,4,870
124.0,2,2,17,870
117.0,4,2,1,870
122.0,3,1,20,870
76.0,7,1,18,870
0.0,23,0,39,869
0.0,24,0,37,869
19.0,15,0,807,869
61.0,8,0,154,869
29.0,12,0,30,869
0.0,20,0,808,869
0.0,19,0,5,869
23.0,14,0,13,869
18.0,16,0,811,869
0.0,22,0,819,869
110.0,3,1,20,869
92.0,5,1,1,869
120.0,2,2,17,869
154.0,1,3,4,869
33.0,10,0,155,869
98.0,4,0,8,869
47.0,9,0,815,869
2.0,18,0,817,869
27.0,13,0,814,869
4.0,17,0,818,869
76.0,6,1,3,869
29.0,11,1,813,869
0.0,21,0,10,869
68.0,7,1,18,869
33.0,10,0,155,870
116.0,5,0,8,870
47.0,9,0,815,870
2.0,18,0,817,870
27.0,13,0,814,870
4.0,17,0,818,870
77.0,6,1,3,870
29.0,11,1,813,870
0.0,21,0,10,870
0.0,22,0,819,870
24.0,15,0,811,870
25.0,14,0,13,870
0.0,19,0,5,870
0.0,20,0,808,870
29.0,12,0,30,870
76.0,8,0,154,870
19.0,16,0,807,870
0.0,24,0,37,870
0.0,23,0,39,870
101.0,6,2,18,871
140.0,2,1,20,871
117.0,5,2,1,871
132.0,3,2,17,871
164.0,1,3,4,871
33.0,12,0,155,871
131.0,4,0,8,871
47.0,9,0,815,871
4.0,18,0,817,871
28.0,15,0,814,871
8.0,17,0,818,871
77.0,7,1,3,871
29.0,14,1,813,871
0.0,21,0,10,871
0.0,22,0,819,871
24.0,16,0,811,871
35.0,11,0,13,871
0.0,20,0,5,871
0.0,19,0,808,871
35.0,10,0,30,871
76.0,8,0,154,871
31.0,13,0,807,871
0.0,24,0,37,871
0.0,23,0,39,871
101.0,6,2,18,872
140.0,4,1,20,872
142.0,2,3,1,872
132.0,5,2,17,872
179.0,1,3,4,872
35.0,12,0,155,872
141.0,3,0,8,872
65.0,9,0,815,872
4.0,18,0,817,872
32.0,13,0,814,872
8.0,17,0,818,872
83.0,7,1,3,872
29.0,15,1,813,872
0.0,22,0,10,872
0.0,23,0,819,872
25.0,16,0,811,872
47.0,10,0,13,872
0.0,19,0,5,872
0.0,20,0,808,872
43.0,11,0,30,872
76.0,8,0,154,872
31.0,14,0,807,872
0.0,25,0,37,872
0.0,24,0,39,872
0.0,21,0,816,872
43.0,12,0,30,873
82.0,8,0,154,873
35.0,13,0,155,873
0.0,19,0,10,873
0.0,24,0,39,873
149.0,3,0,8,873
132.0,5,2,17,873
0.0,25,0,37,873
31.0,14,0,807,873
0.0,21,0,808,873
0.0,20,0,5,873
25.0,16,0,811,873
51.0,10,0,13,873
0.0,23,0,819,873
29.0,15,1,813,873
93.0,7,1,3,873
8.0,17,0,818,873
44.0,11,0,814,873
66.0,9,0,815,873
6.0,18,0,817,873
194.0,1,3,4,873
165.0,2,2,20,873
119.0,6,2,18,873
0.0,22,0,816,874
0.0,25,0,37,874
37.0,14,0,807,874
82.0,8,0,154,874
43.0,13,0,30,874
0.0,21,0,808,874
69.0,9,0,13,874
25.0,16,0,811,874
0.0,23,0,819,874
33.0,15,1,813,874
7.0,18,0,817,874
50.0,11,0,155,874
134.0,5,2,17,874
190.0,2,3,20,874
0.0,24,0,39,874
0.0,20,0,5,874
157.0,3,0,8,874
66.0,10,0,815,874
44.0,12,0,814,874
194.0,1,3,4,874
0.0,19,0,10,874
93.0,7,1,3,874
8.0,17,0,818,874
131.0,6,2,18,874
152.0,4,3,1,874
0.0,22,0,816,873
142.0,4,3,1,873
131.0,6,2,18,875
215.0,1,4,20,875
153.0,4,3,1,875
152.0,5,2,17,875
209.0,2,3,4,875
50.0,11,0,155,875
167.0,3,0,8,875
66.0,10,0,815,875
9.0,18,0,817,875
44.0,13,0,814,875
12.0,17,0,818,875
93.0,7,1,3,875
33.0,15,1,813,875
0.0,19,0,10,875
0.0,23,0,819,875
25.0,16,0,811,875
81.0,9,0,13,875
0.0,20,0,5,875
0.0,21,0,808,875
43.0,14,0,30,875
88.0,8,0,154,875
45.0,12,0,807,875
0.0,25,0,37,875
0.0,24,0,39,875
0.0,22,0,816,875
141.0,6,2,18,876
240.0,1,5,20,876
165.0,5,3,1,876
167.0,4,2,17,876
227.0,2,3,4,876
50.0,11,0,155,876
173.0,3,0,8,876
66.0,10,0,815,876
9.0,18,0,817,876
44.0,13,0,814,876
12.0,17,0,818,876
93.0,7,1,3,876
33.0,15,1,813,876
0.0,19,0,10,876
0.0,23,0,819,876
26.0,16,0,811,876
89.0,9,0,13,876
0.0,20,0,5,876
0.0,21,0,808,876
43.0,14,0,30,876
90.0,8,0,154,876
49.0,12,0,807,876
0.0,25,0,37,876
0.0,24,0,39,876
0.0,22,0,816,876
153.0,6,2,18,877
255.0,1,5,20,877
165.0,5,3,1,877
167.0,4,2,17,877
245.0,2,3,4,877
58.0,11,0,155,877
198.0,3,1,8,877
66.0,10,0,815,877
10.0,18,0,817,877
46.0,13,0,814,877
12.0,17,0,818,877
93.0,8,1,3,877
43.0,14,1,813,877
0.0,19,0,10,877
0.0,23,0,819,877
30.0,16,0,811,877
95.0,7,0,13,877
0.0,20,0,5,877
0.0,21,0,808,877
43.0,15,0,30,877
90.0,9,0,154,877
49.0,12,0,807,877
0.0,25,0,37,877
0.0,24,0,39,877
0.0,22,0,816,877
163.0,6,2,18,878
273.0,1,5,20,878
190.0,4,4,1,878
167.0,5,2,17,878
260.0,2,3,4,878
58.0,11,0,155,878
206.0,3,1,8,878
66.0,10,0,815,878
10.0,18,0,817,878
46.0,13,0,814,878
12.0,17,0,818,878
93.0,9,1,3,878
45.0,14,1,813,878
0.0,19,0,10,878
0.0,23,0,819,878
31.0,16,0,811,878
107.0,7,0,13,878
0.0,20,0,5,878
0.0,21,0,808,878
43.0,15,0,30,878
96.0,8,0,154,878
53.0,12,0,807,878
0.0,25,0,37,878
0.0,24,0,39,878
0.0,22,0,816,878
188.0,5,3,18,879
281.0,1,5,20,879
190.0,4,4,1,879
179.0,6,2,17,879
278.0,2,3,4,879
60.0,12,0,155,879
207.0,3,1,8,879
66.0,10,0,815,879
10.0,18,0,817,879
46.0,14,0,814,879
16.0,17,0,818,879
93.0,9,1,3,879
45.0,15,1,813,879
0.0,20,0,10,879
0.0,21,0,819,879
31.0,16,0,811,879
122.0,7,0,13,879
0.0,22,0,5,879
0.0,19,0,808,879
49.0,13,0,30,879
96.0,8,0,154,879
63.0,11,0,807,879
0.0,25,0,37,879
0.0,24,0,39,879
0.0,23,0,816,879
25.0,1,1,8,880
18.0,2,0,4,880
15.0,3,0,20,880
12.0,4,0,13,880
10.0,5,0,1,880
8.0,6,0,17,880
6.0,7,0,16,880
4.0,8,0,814,880
2.0,9,0,18,880
1.0,10,0,154,880
0.0,11,0,815,880
0.0,12,0,818,880
0.0,13,0,821,880
0.0,14,0,822,880
0.0,15,0,824,880
0.0,16,0,819,880
0.0,17,0,820,880
0.0,18,0,823,880
0.0,19,0,817,880
0.0,20,0,3,880
0.0,21,0,813,880
0.0,22,0,807,880
31.0,2,1,8,881
18.0,6,0,4,881
40.0,1,1,20,881
22.0,5,0,13,881
25.0,4,0,1,881
26.0,3,0,17,881
6.0,9,0,16,881
4.0,10,0,814,881
2.0,13,0,18,881
9.0,8,0,154,881
2.0,12,0,815,881
1.0,14,0,818,881
0.0,16,0,821,881
0.0,15,0,822,881
0.0,17,0,824,881
0.0,18,0,819,881
0.0,20,0,820,881
0.0,19,0,823,881
0.0,21,0,817,881
12.0,7,0,3,881
0.0,22,0,813,881
4.0,11,0,807,881
49.0,2,1,8,882
43.0,3,1,4,882
52.0,1,1,20,882
30.0,5,0,13,882
40.0,4,0,1,882
26.0,6,0,17,882
6.0,12,0,16,882
8.0,10,0,814,882
12.0,8,0,18,882
11.0,9,0,154,882
2.0,14,0,815,882
1.0,15,0,818,882
0.0,17,0,821,882
0.0,16,0,822,882
0.0,18,0,824,882
0.0,19,0,819,882
0.0,22,0,820,882
0.0,21,0,823,882
6.0,11,0,817,882
12.0,7,0,3,882
0.0,20,0,813,882
5.0,13,0,807,882
67.0,2,1,8,883
47.0,4,1,4,883
77.0,1,2,20,883
30.0,6,0,13,883
50.0,3,0,1,883
32.0,5,0,17,883
6.0,12,0,16,883
20.0,8,0,814,883
13.0,10,0,18,883
26.0,7,0,154,883
10.0,11,0,815,883
1.0,15,0,818,883
0.0,18,0,821,883
0.0,16,0,822,883
0.0,19,0,824,883
0.0,20,0,819,883
0.0,22,0,820,883
0.0,21,0,823,883
6.0,13,0,817,883
14.0,9,0,3,883
0.0,17,0,813,883
5.0,14,0,807,883
0.0,18,0,813,884
22.0,9,0,3,884
7.0,12,0,817,884
0.0,22,0,820,884
0.0,19,0,824,884
0.0,17,0,822,884
0.0,16,0,821,884
1.0,15,0,818,884
17.0,10,0,18,884
26.0,8,0,814,884
6.0,13,0,16,884
42.0,6,0,17,884
50.0,4,0,1,884
89.0,1,2,20,884
72.0,3,2,4,884
85.0,2,1,8,884
5.0,14,0,807,884
0.0,21,0,823,884
0.0,20,0,819,884
12.0,11,0,815,884
26.0,7,0,154,884
45.0,5,0,13,884
86.0,2,1,8,885
78.0,3,2,4,885
107.0,1,2,20,885
45.0,7,0,13,885
62.0,4,0,1,885
57.0,5,0,17,885
16.0,11,0,16,885
28.0,8,0,814,885
25.0,10,0,18,885
26.0,9,0,154,885
12.0,12,0,815,885
5.0,15,0,818,885
0.0,16,0,821,885
0.0,17,0,822,885
0.0,19,0,824,885
0.0,20,0,819,885
0.0,21,0,820,885
0.0,22,0,823,885
7.0,13,0,817,885
47.0,6,1,3,885
0.0,18,0,813,885
5.0,14,0,807,885
88.0,3,1,8,886
96.0,2,2,4,886
132.0,1,3,20,886
49.0,7,0,13,886
77.0,4,0,1,886
69.0,5,0,17,886
17.0,11,0,16,886
34.0,8,0,814,886
25.0,10,0,18,886
26.0,9,0,154,886
12.0,13,0,815,886
13.0,12,0,818,886
0.0,16,0,821,886
0.0,17,0,822,886
0.0,19,0,824,886
0.0,20,0,819,886
0.0,21,0,820,886
0.0,22,0,823,886
7.0,14,0,817,886
57.0,6,1,3,886
0.0,18,0,813,886
5.0,15,0,807,886
6.0,15,0,807,887
0.0,16,0,813,887
11.0,14,0,817,887
0.0,22,0,823,887
0.0,20,0,819,887
0.0,19,0,824,887
0.0,18,0,821,887
13.0,12,0,818,887
23.0,11,0,16,887
87.0,5,0,17,887
132.0,1,3,20,887
57.0,7,0,13,887
89.0,4,0,1,887
82.0,6,2,3,887
0.0,21,0,820,887
0.0,17,0,822,887
36.0,8,0,814,887
98.0,3,1,8,887
111.0,2,2,4,887
12.0,13,0,815,887
26.0,9,0,154,887
25.0,10,0,18,887
116.0,3,1,8,888
123.0,2,2,4,888
157.0,1,4,20,888
57.0,7,0,13,888
99.0,4,0,1,888
93.0,5,0,17,888
23.0,11,0,16,888
36.0,9,0,814,888
33.0,10,0,18,888
41.0,8,0,154,888
16.0,12,0,815,888
13.0,13,0,818,888
0.0,18,0,821,888
0.0,17,0,822,888
0.0,19,0,824,888
0.0,20,0,819,888
0.0,21,0,820,888
0.0,22,0,823,888
11.0,14,0,817,888
84.0,6,2,3,888
0.0,16,0,813,888
7.0,15,0,807,888
134.0,2,1,8,890
133.0,3,2,4,890
172.0,1,4,20,890
61.0,7,0,13,890
124.0,4,1,1,890
105.0,5,0,17,890
23.0,11,0,16,890
36.0,10,0,814,890
39.0,9,0,18,890
49.0,8,0,154,890
18.0,12,0,815,890
13.0,13,0,818,890
0.0,18,0,821,890
0.0,17,0,822,890
0.0,19,0,824,890
0.0,20,0,819,890
0.0,22,0,820,890
0.0,21,0,823,890
11.0,14,0,817,890
84.0,6,2,3,890
1.0,16,0,813,890
7.0,15,0,807,890
134.0,4,1,8,891
151.0,2,2,4,891
197.0,1,5,20,891
67.0,7,0,13,891
139.0,3,1,1,891
115.0,5,0,17,891
25.0,11,0,16,891
36.0,10,0,814,891
47.0,9,0,18,891
53.0,8,0,154,891
18.0,12,0,815,891
13.0,13,0,818,891
0.0,18,0,821,891
0.0,17,0,822,891
0.0,19,0,824,891
0.0,20,0,819,891
0.0,22,0,820,891
0.0,21,0,823,891
12.0,14,0,817,891
96.0,6,2,3,891
1.0,16,0,813,891
7.0,15,0,807,891
134.0,4,1,8,892
169.0,2,2,4,892
222.0,1,6,20,892
79.0,7,0,13,892
141.0,3,1,1,892
130.0,5,0,17,892
25.0,11,0,16,892
36.0,10,0,814,892
48.0,9,0,18,892
57.0,8,0,154,892
18.0,12,0,815,892
13.0,15,0,818,892
0.0,18,0,821,892
0.0,17,0,822,892
0.0,19,0,824,892
0.0,20,0,819,892
0.0,22,0,820,892
0.0,21,0,823,892
18.0,13,0,817,892
104.0,6,2,3,892
1.0,16,0,813,892
17.0,14,0,807,892
149.0,4,1,8,893
187.0,2,2,4,893
247.0,1,7,20,893
87.0,7,0,13,893
151.0,3,1,1,893
130.0,5,0,17,893
26.0,11,0,16,893
36.0,10,0,814,893
54.0,9,0,18,893
57.0,8,0,154,893
22.0,12,0,815,893
13.0,15,0,818,893
0.0,17,0,821,893
0.0,18,0,822,893
0.0,19,0,824,893
0.0,20,0,819,893
0.0,22,0,820,893
0.0,21,0,823,893
18.0,14,0,817,893
116.0,6,2,3,893
1.0,16,0,813,893
19.0,13,0,807,893
167.0,3,1,8,894
195.0,2,2,4,894
272.0,1,8,20,894
89.0,7,0,13,894
161.0,4,1,1,894
130.0,5,0,17,894
26.0,12,0,16,894
36.0,10,0,814,894
58.0,9,0,18,894
72.0,8,0,154,894
23.0,13,0,815,894
13.0,15,0,818,894
0.0,17,0,821,894
0.0,18,0,822,894
0.0,19,0,824,894
0.0,20,0,819,894
0.0,22,0,820,894
0.0,21,0,823,894
18.0,14,0,817,894
122.0,6,2,3,894
1.0,16,0,813,894
31.0,11,0,807,894
177.0,3,1,8,895
207.0,2,2,4,895
297.0,1,9,20,895
90.0,7,0,13,895
161.0,4,1,1,895
148.0,5,0,17,895
26.0,12,0,16,895
36.0,11,0,814,895
60.0,9,0,18,895
87.0,8,0,154,895
23.0,13,0,815,895
13.0,15,0,818,895
6.0,16,0,821,895
0.0,18,0,822,895
0.0,19,0,824,895
0.0,20,0,819,895
0.0,22,0,820,895
0.0,21,0,823,895
18.0,14,0,817,895
126.0,6,2,3,895
1.0,17,0,813,895
39.0,10,0,807,895
183.0,3,1,8,896
207.0,2,2,4,896
322.0,1,10,20,896
102.0,8,0,13,896
169.0,4,1,1,896
148.0,5,0,17,896
28.0,13,0,16,896
40.0,10,0,814,896
60.0,9,0,18,896
102.0,7,0,154,896
33.0,12,0,815,896
13.0,15,0,818,896
6.0,16,0,821,896
0.0,18,0,822,896
0.0,19,0,824,896
0.0,20,0,819,896
0.0,22,0,820,896
0.0,21,0,823,896
19.0,14,0,817,896
144.0,6,2,3,896
1.0,17,0,813,896
39.0,11,0,807,896
183.0,3,1,8,897
217.0,2,2,4,897
347.0,1,11,20,897
106.0,8,0,13,897
175.0,4,1,1,897
166.0,5,0,17,897
29.0,13,0,16,897
48.0,10,0,814,897
60.0,9,0,18,897
114.0,7,0,154,897
35.0,12,0,815,897
13.0,15,0,818,897
6.0,16,0,821,897
0.0,18,0,822,897
0.0,19,0,824,897
0.0,20,0,819,897
0.0,22,0,820,897
0.0,21,0,823,897
19.0,14,0,817,897
159.0,6,2,3,897
1.0,17,0,813,897
39.0,11,0,807,897
183.0,4,1,8,898
227.0,2,2,4,898
372.0,1,12,20,898
106.0,8,0,13,898
187.0,3,1,1,898
181.0,5,0,17,898
29.0,13,0,16,898
48.0,10,0,814,898
61.0,9,0,18,898
132.0,7,0,154,898
41.0,12,0,815,898
13.0,15,0,818,898
6.0,16,0,821,898
4.0,17,0,822,898
0.0,19,0,824,898
0.0,20,0,819,898
0.0,22,0,820,898
0.0,21,0,823,898
19.0,14,0,817,898
161.0,6,2,3,898
1.0,18,0,813,898
47.0,11,0,807,898
0.0,23,0,5,898
183.0,5,1,8,899
242.0,2,2,4,899
397.0,1,13,20,899
112.0,8,0,13,899
189.0,4,1,1,899
199.0,3,0,17,899
29.0,13,0,16,899
48.0,12,0,814,899
73.0,9,0,18,899
132.0,7,0,154,899
49.0,11,0,815,899
13.0,15,0,818,899
6.0,16,0,821,899
4.0,17,0,822,899
0.0,19,0,824,899
0.0,20,0,819,899
0.0,23,0,820,899
0.0,21,0,823,899
20.0,14,0,817,899
171.0,6,2,3,899
1.0,18,0,813,899
51.0,10,0,807,899
0.0,22,0,5,899
0.0,43,0,112,272
0.0,35,0,114,272
0.0,36,0,113,272
0.0,37,0,93,272
0.0,44,0,115,272
0.0,32,0,63,272
0.0,33,0,116,272
0.0,45,0,89,272
0.0,41,0,98,272
0.0,13,0,102,257
0.0,14,0,84,257
0.0,15,0,56,257
0.0,16,0,50,257
0.0,17,0,103,257
0.0,18,0,87,257
0.0,19,0,104,257
0.0,20,0,49,257
0.0,21,0,57,257
0.0,22,0,105,257
0.0,23,0,81,257
0.0,24,0,77,257
0.0,25,0,106,257
0.0,26,0,92,257
0.0,27,0,107,257
0.0,28,0,108,257
0.0,24,0,87,258
3.0,6,0,104,258
2.0,7,0,49,258
0.0,26,0,57,258
0.0,21,0,105,258
0.0,18,0,81,258
6.0,4,0,77,258
0.0,27,0,106,258
0.0,29,0,92,258
0.0,16,0,107,258
0.0,30,0,108,258
0.0,25,0,88,258
0.0,28,0,78,258
0.0,24,0,105,259
0.0,22,0,81,259
6.0,4,0,77,259
0.0,30,0,106,259
0.0,28,0,92,259
0.0,20,0,107,259
0.0,32,0,108,259
0.0,29,0,88,259
6.0,5,0,78,259
0.0,25,0,110,259
0.0,31,0,109,259
0.0,29,0,92,260
0.0,24,0,107,260
0.0,28,0,108,260
0.0,32,0,88,260
6.0,6,0,78,260
3.0,12,0,110,260
0.0,17,0,109,260
0.0,30,0,108,261
0.0,34,0,88,261
6.0,7,0,78,261
3.0,13,0,110,261
0.0,21,0,109,261
0.0,25,0,70,261
0.0,33,0,14,261
0.0,35,0,85,261
0.0,34,0,88,262
6.0,7,0,78,262
3.0,13,0,110,262
1.0,17,0,109,262
0.0,26,0,70,262
2.0,16,0,14,262
0.0,35,0,85,262
6.0,7,0,78,263
4.0,12,0,110,263
1.0,17,0,109,263
0.0,26,0,70,263
2.0,16,0,14,263
0.0,37,0,85,263
0.0,27,0,111,263
0.0,34,0,95,263
4.0,13,0,110,264
1.0,17,0,109,264
0.0,27,0,70,264
4.0,15,0,14,264
0.0,37,0,85,264
0.0,28,0,111,264
0.0,35,0,95,264
1.0,21,0,109,265
0.0,28,0,70,265
4.0,18,0,14,265
0.0,37,0,85,265
0.0,29,0,111,265
0.0,35,0,95,265
1.0,23,0,109,266
0.0,28,0,70,266
4.0,19,0,14,266
0.0,38,0,85,266
0.0,29,0,111,266
0.0,35,0,95,266
0.0,37,0,112,266
1.0,23,0,109,267
0.0,29,0,70,267
7.0,11,0,14,267
0.0,38,0,85,267
0.0,28,0,111,267
0.0,35,0,95,267
0.0,37,0,112,267
1.0,23,0,109,268
0.0,29,0,70,268
8.0,10,0,14,268
0.0,39,0,85,268
0.0,28,0,111,268
0.0,35,0,95,268
0.0,38,0,112,268
0.0,37,0,114,268
14.0,7,0,14,269
0.0,40,0,85,269
0.0,28,0,111,269
0.0,37,0,95,269
0.0,39,0,112,269
0.0,32,0,114,269
0.0,33,0,113,269
0.0,42,0,85,270
0.0,28,0,111,270
0.0,38,0,95,270
0.0,40,0,112,270
0.0,32,0,114,270
0.0,33,0,113,270
0.0,34,0,93,270
0.0,41,0,115,270
3.0,21,0,95,271
0.0,42,0,112,271
0.0,34,0,114,271
0.0,35,0,113,271
0.0,36,0,93,271
0.0,44,0,115,271
0.0,32,0,63,271
0.0,40,0,116,271
0.0,43,0,89,271
0.0,20,0,13,900
0.0,18,0,20,900
0.0,16,0,813,900
0.0,14,0,824,900
0.0,12,0,821,900
18.0,2,0,825,900
15.0,3,0,18,900
12.0,4,0,4,900
10.0,5,0,822,900
8.0,6,0,807,900
6.0,7,0,8,900
0.0,21,0,155,900
0.0,19,0,1,900
0.0,17,0,828,900
0.0,15,0,154,900
0.0,13,0,820,900
0.0,11,0,16,900
1.0,10,0,815,900
2.0,9,0,826,900
4.0,8,0,818,900
25.0,1,1,3,900
0.0,22,0,817,900
43.0,1,1,3,901
20.0,5,0,825,901
23.0,4,0,18,901
24.0,3,0,4,901
14.0,8,0,822,901
18.0,6,0,807,901
6.0,9,0,8,901
4.0,11,0,818,901
3.0,12,0,826,901
1.0,13,0,815,901
0.0,15,0,16,901
0.0,16,0,821,901
0.0,17,0,820,901
0.0,20,0,824,901
0.0,14,0,154,901
0.0,21,0,813,901
0.0,19,0,828,901
15.0,7,0,20,901
25.0,2,1,1,901
6.0,10,0,13,901
0.0,18,0,155,901
0.0,22,0,817,901
61.0,1,1,3,902
20.0,7,0,825,902
23.0,5,0,18,902
26.0,4,0,4,902
18.0,8,0,822,902
28.0,3,0,807,902
7.0,12,0,8,902
4.0,13,0,818,902
3.0,14,0,826,902
16.0,9,0,815,902
0.0,16,0,16,902
0.0,17,0,821,902
0.0,18,0,820,902
0.0,22,0,824,902
0.0,15,0,154,902
0.0,20,0,813,902
0.0,21,0,828,902
23.0,6,0,20,902
50.0,2,2,1,902
12.0,11,0,13,902
0.0,19,0,155,902
12.0,10,0,817,902
79.0,1,1,3,903
20.0,9,0,825,903
23.0,8,0,18,903
41.0,3,0,4,903
24.0,7,0,822,903
36.0,4,0,807,903
11.0,12,0,8,903
4.0,13,0,818,903
4.0,14,0,826,903
18.0,10,0,815,903
0.0,16,0,16,903
0.0,17,0,821,903
0.0,18,0,820,903
0.0,22,0,824,903
0.0,15,0,154,903
0.0,20,0,813,903
0.0,21,0,828,903
33.0,5,0,20,903
75.0,2,3,1,903
12.0,11,0,13,903
0.0,19,0,155,903
24.0,6,0,817,903
97.0,2,1,3,904
20.0,9,0,825,904
23.0,8,0,18,904
49.0,3,0,4,904
34.0,7,0,822,904
37.0,6,0,807,904
17.0,11,0,8,904
4.0,14,0,818,904
4.0,15,0,826,904
20.0,10,0,815,904
0.0,16,0,16,904
0.0,17,0,821,904
0.0,18,0,820,904
0.0,22,0,824,904
4.0,13,0,154,904
0.0,20,0,813,904
0.0,21,0,828,904
45.0,4,0,20,904
100.0,1,4,1,904
12.0,12,0,13,904
0.0,19,0,155,904
39.0,5,0,817,904
122.0,1,2,3,905
21.0,9,0,825,905
31.0,8,0,18,905
61.0,3,0,4,905
34.0,7,0,822,905
47.0,5,0,807,905
17.0,12,0,8,905
4.0,14,0,818,905
4.0,15,0,826,905
20.0,10,0,815,905
0.0,18,0,16,905
0.0,19,0,821,905
0.0,20,0,820,905
2.0,16,0,824,905
8.0,13,0,154,905
0.0,22,0,813,905
0.0,17,0,828,905
45.0,6,0,20,905
118.0,2,4,1,905
18.0,11,0,13,905
0.0,21,0,155,905
54.0,4,0,817,905
140.0,1,2,3,906
23.0,9,0,825,906
43.0,7,0,18,906
69.0,4,0,4,906
40.0,8,0,822,906
57.0,6,0,807,906
18.0,12,0,8,906
8.0,14,0,818,906
4.0,15,0,826,906
20.0,10,0,815,906
0.0,17,0,16,906
0.0,19,0,821,906
0.0,20,0,820,906
2.0,16,0,824,906
8.0,13,0,154,906
0.0,22,0,813,906
0.0,18,0,828,906
60.0,5,0,20,906
118.0,2,4,1,906
18.0,11,0,13,906
0.0,21,0,155,906
79.0,3,1,817,906
165.0,1,3,3,907
29.0,10,0,825,907
43.0,8,0,18,907
79.0,4,0,4,907
55.0,7,0,822,907
59.0,6,0,807,907
19.0,12,0,8,907
8.0,14,0,818,907
4.0,15,0,826,907
28.0,11,0,815,907
0.0,17,0,16,907
0.0,20,0,821,907
0.0,21,0,820,907
2.0,16,0,824,907
8.0,13,0,154,907
0.0,19,0,813,907
0.0,18,0,828,907
60.0,5,0,20,907
136.0,2,4,1,907
30.0,9,0,13,907
0.0,22,0,155,907
83.0,3,1,817,907
165.0,1,3,3,908
35.0,9,0,825,908
55.0,8,0,18,908
87.0,4,0,4,908
73.0,5,0,822,908
63.0,7,0,807,908
19.0,12,0,8,908
9.0,13,0,818,908
6.0,15,0,826,908
28.0,11,0,815,908
0.0,17,0,16,908
0.0,20,0,821,908
0.0,21,0,820,908
2.0,16,0,824,908
8.0,14,0,154,908
0.0,19,0,813,908
0.0,18,0,828,908
70.0,6,0,20,908
161.0,2,5,1,908
30.0,10,0,13,908
0.0,22,0,155,908
98.0,3,1,817,908
190.0,1,4,3,909
37.0,9,0,825,909
59.0,8,0,18,909
97.0,4,0,4,909
91.0,5,0,822,909
69.0,7,0,807,909
19.0,12,0,8,909
9.0,13,0,818,909
6.0,15,0,826,909
29.0,11,0,815,909
0.0,17,0,16,909
0.0,20,0,821,909
0.0,21,0,820,909
2.0,16,0,824,909
8.0,14,0,154,909
0.0,19,0,813,909
0.0,18,0,828,909
82.0,6,0,20,909
176.0,2,5,1,909
30.0,10,0,13,909
0.0,22,0,155,909
106.0,3,1,817,909
202.0,1,4,3,910
37.0,10,0,825,910
60.0,8,0,18,910
115.0,4,0,4,910
95.0,5,0,822,910
69.0,7,0,807,910
27.0,12,0,8,910
11.0,13,0,818,910
6.0,15,0,826,910
29.0,11,0,815,910
0.0,17,0,16,910
0.0,20,0,821,910
0.0,21,0,820,910
2.0,16,0,824,910
8.0,14,0,154,910
0.0,19,0,813,910
0.0,18,0,828,910
88.0,6,0,20,910
191.0,2,5,1,910
40.0,9,0,13,910
0.0,22,0,155,910
131.0,3,2,817,910
220.0,1,4,3,911
37.0,11,0,825,911
68.0,8,0,18,911
121.0,4,0,4,911
110.0,5,0,822,911
70.0,7,0,807,911
39.0,10,0,8,911
11.0,13,0,818,911
8.0,15,0,826,911
33.0,12,0,815,911
0.0,17,0,16,911
0.0,20,0,821,911
0.0,21,0,820,911
2.0,16,0,824,911
8.0,14,0,154,911
0.0,19,0,813,911
0.0,18,0,828,911
98.0,6,0,20,911
191.0,2,5,1,911
40.0,9,0,13,911
0.0,22,0,155,911
156.0,3,3,817,911
0.0,23,0,827,911
238.0,1,4,3,912
38.0,12,0,825,912
72.0,7,0,18,912
121.0,5,0,4,912
122.0,4,0,822,912
70.0,8,0,807,912
41.0,10,0,8,912
11.0,13,0,818,912
8.0,15,0,826,912
39.0,11,0,815,912
0.0,17,0,16,912
0.0,20,0,821,912
0.0,21,0,820,912
2.0,16,0,824,912
8.0,14,0,154,912
0.0,19,0,813,912
0.0,18,0,828,912
106.0,6,0,20,912
216.0,2,6,1,912
55.0,9,0,13,912
0.0,22,0,155,912
166.0,3,3,817,912
0.0,23,0,827,912
238.0,2,4,3,913
39.0,12,0,825,913
72.0,7,0,18,913
133.0,4,0,4,913
122.0,6,0,822,913
72.0,8,0,807,913
45.0,11,0,8,913
19.0,13,0,818,913
8.0,15,0,826,913
45.0,10,0,815,913
0.0,17,0,16,913
0.0,20,0,821,913
0.0,21,0,820,913
2.0,16,0,824,913
8.0,14,0,154,913
0.0,19,0,813,913
0.0,18,0,828,913
124.0,5,0,20,913
241.0,1,7,1,913
65.0,9,0,13,913
0.0,22,0,155,913
181.0,3,3,817,913
0.0,23,0,827,913
256.0,2,4,3,914
39.0,12,0,825,914
82.0,7,0,18,914
133.0,5,0,4,914
130.0,6,0,822,914
76.0,8,0,807,914
45.0,11,0,8,914
21.0,13,0,818,914
8.0,15,0,826,914
46.0,10,0,815,914
0.0,17,0,16,914
0.0,20,0,821,914
0.0,21,0,820,914
2.0,16,0,824,914
8.0,14,0,154,914
0.0,19,0,813,914
0.0,18,0,828,914
139.0,4,0,20,914
266.0,1,8,1,914
71.0,9,0,13,914
0.0,22,0,155,914
193.0,3,3,817,914
0.0,23,0,827,914
274.0,2,4,3,915
49.0,10,0,825,915
94.0,7,0,18,915
141.0,6,0,4,915
145.0,4,0,822,915
76.0,8,0,807,915
47.0,12,0,8,915
21.0,13,0,818,915
8.0,15,0,826,915
47.0,11,0,815,915
0.0,17,0,16,915
0.0,20,0,821,915
0.0,21,0,820,915
2.0,16,0,824,915
8.0,14,0,154,915
0.0,19,0,813,915
0.0,18,0,828,915
143.0,5,0,20,915
291.0,1,9,1,915
71.0,9,0,13,915
0.0,22,0,155,915
199.0,3,3,817,915
0.0,23,0,827,915
292.0,2,4,3,916
53.0,10,0,825,916
94.0,7,0,18,916
149.0,6,0,4,916
155.0,4,0,822,916
76.0,9,0,807,916
47.0,12,0,8,916
22.0,13,0,818,916
8.0,15,0,826,916
47.0,11,0,815,916
0.0,18,0,16,916
0.0,20,0,821,916
0.0,21,0,820,916
2.0,17,0,824,916
8.0,14,0,154,916
2.0,16,0,813,916
0.0,19,0,828,916
149.0,5,0,20,916
316.0,1,10,1,916
83.0,8,0,13,916
0.0,22,0,155,916
214.0,3,3,817,916
0.0,23,0,827,916
317.0,2,5,3,917
55.0,10,0,825,917
106.0,7,0,18,917
157.0,5,0,4,917
156.0,6,0,822,917
80.0,9,0,807,917
53.0,11,0,8,917
22.0,13,0,818,917
8.0,15,0,826,917
47.0,12,0,815,917
0.0,18,0,16,917
0.0,20,0,821,917
0.0,21,0,820,917
2.0,17,0,824,917
8.0,14,0,154,917
2.0,16,0,813,917
0.0,19,0,828,917
159.0,4,0,20,917
334.0,1,10,1,917
98.0,8,0,13,917
0.0,22,0,155,917
214.0,3,3,817,917
0.0,23,0,827,917
317.0,2,5,3,918
55.0,11,0,825,918
126.0,8,0,18,918
161.0,6,0,4,918
186.0,4,0,822,918
96.0,9,0,807,918
55.0,12,0,8,918
22.0,13,0,818,918
8.0,15,0,826,918
59.0,10,0,815,918
0.0,18,0,16,918
0.0,20,0,821,918
0.0,21,0,820,918
2.0,17,0,824,918
8.0,14,0,154,918
2.0,16,0,813,918
0.0,19,0,828,918
167.0,5,0,20,918
384.0,1,11,1,918
134.0,7,0,13,918
0.0,22,0,155,918
238.0,3,3,817,918
0.0,24,0,827,918
0.0,23,0,829,918
159.0,2,3,3,933
0.0,18,0,822,926
0.0,16,0,826,926
0.0,14,0,154,926
0.0,12,0,8,926
169.0,1,4,1,933
0.0,17,0,825,926
0.0,15,0,813,926
0.0,13,0,830,926
0.0,11,0,18,926
1.0,10,0,815,926
2.0,9,0,832,926
4.0,8,0,828,926
6.0,7,0,807,926
8.0,6,0,817,926
10.0,5,0,831,926
12.0,4,0,13,926
15.0,3,0,20,926
18.0,2,0,3,926
25.0,1,1,1,926
43.0,1,1,1,927
33.0,3,0,3,927
40.0,2,1,20,927
20.0,4,0,13,927
10.0,6,0,831,927
9.0,8,0,817,927
6.0,9,0,807,927
4.0,12,0,828,927
6.0,11,0,832,927
1.0,14,0,815,927
0.0,16,0,18,927
12.0,5,0,8,927
6.0,10,0,830,927
0.0,15,0,154,927
0.0,18,0,813,927
2.0,13,0,826,927
0.0,19,0,825,927
10.0,7,0,822,927
0.0,17,0,833,927
0.0,20,0,4,927
0.0,21,0,829,927
68.0,1,2,1,928
51.0,3,0,3,928
55.0,2,1,20,928
30.0,4,0,13,928
14.0,7,0,831,928
11.0,8,0,817,928
6.0,10,0,807,928
5.0,13,0,828,928
6.0,12,0,832,928
1.0,15,0,815,928
0.0,16,0,18,928
24.0,5,0,8,928
6.0,11,0,830,928
6.0,9,0,154,928
0.0,20,0,813,928
2.0,14,0,826,928
0.0,21,0,825,928
18.0,6,0,822,928
0.0,18,0,833,928
0.0,17,0,4,928
0.0,19,0,829,928
93.0,1,3,1,929
66.0,2,0,3,929
65.0,3,1,20,929
31.0,5,0,13,929
14.0,8,0,831,929
19.0,7,0,817,929
6.0,10,0,807,929
5.0,14,0,828,929
6.0,12,0,832,929
5.0,13,0,815,929
0.0,17,0,18,929
42.0,4,0,8,929
6.0,11,0,830,929
12.0,9,0,154,929
0.0,20,0,813,929
4.0,15,0,826,929
0.0,21,0,825,929
30.0,6,0,822,929
0.0,18,0,833,929
0.0,16,0,4,929
0.0,19,0,829,929
111.0,1,3,1,930
91.0,2,1,3,930
80.0,3,1,20,930
39.0,6,0,13,930
14.0,9,0,831,930
25.0,7,0,817,930
6.0,12,0,807,930
5.0,14,0,828,930
8.0,10,0,832,930
5.0,13,0,815,930
0.0,17,0,18,930
52.0,4,0,8,930
6.0,11,0,830,930
16.0,8,0,154,930
0.0,20,0,813,930
5.0,15,0,826,930
0.0,21,0,825,930
42.0,5,0,822,930
0.0,18,0,833,930
0.0,16,0,4,930
0.0,19,0,829,930
126.0,1,3,1,931
116.0,2,2,3,931
98.0,3,1,20,931
39.0,6,0,13,931
16.0,9,0,831,931
35.0,7,0,817,931
6.0,13,0,807,931
5.0,15,0,828,931
9.0,12,0,832,931
11.0,11,0,815,931
4.0,16,0,18,931
60.0,4,0,8,931
6.0,14,0,830,931
16.0,10,0,154,931
0.0,20,0,813,931
17.0,8,0,826,931
0.0,21,0,825,931
42.0,5,0,822,931
0.0,18,0,833,931
0.0,17,0,4,931
0.0,19,0,829,931
151.0,1,4,1,932
134.0,2,2,3,932
108.0,3,1,20,932
47.0,6,0,13,932
16.0,10,0,831,932
35.0,7,0,817,932
10.0,12,0,807,932
5.0,16,0,828,932
9.0,13,0,832,932
11.0,11,0,815,932
4.0,17,0,18,932
72.0,4,0,8,932
6.0,14,0,830,932
17.0,9,0,154,932
6.0,15,0,813,932
19.0,8,0,826,932
0.0,21,0,825,932
57.0,5,0,822,932
0.0,19,0,833,932
0.0,18,0,4,932
0.0,20,0,829,932
120.0,3,1,20,933
62.0,6,0,13,933
16.0,11,0,831,933
36.0,7,0,817,933
18.0,9,0,807,933
5.0,16,0,828,933
9.0,15,0,832,933
13.0,12,0,815,933
4.0,17,0,18,933
72.0,4,0,8,933
10.0,14,0,830,933
17.0,10,0,154,933
12.0,13,0,813,933
19.0,8,0,826,933
0.0,21,0,825,933
67.0,5,0,822,933
0.0,19,0,833,933
0.0,18,0,4,933
0.0,20,0,829,933
194.0,1,5,1,934
177.0,2,3,3,934
135.0,3,1,20,934
74.0,6,0,13,934
16.0,11,0,831,934
36.0,7,0,817,934
24.0,9,0,807,934
5.0,16,0,828,934
9.0,15,0,832,934
15.0,12,0,815,934
4.0,17,0,18,934
76.0,5,0,8,934
10.0,14,0,830,934
17.0,10,0,154,934
12.0,13,0,813,934
27.0,8,0,826,934
0.0,21,0,825,934
77.0,4,0,822,934
0.0,19,0,833,934
1.0,18,0,4,934
0.0,20,0,829,934
202.0,1,5,1,936
181.0,2,3,3,936
160.0,3,2,20,936
74.0,6,0,13,936
16.0,12,0,831,936
51.0,7,0,817,936
24.0,9,0,807,936
6.0,18,0,828,936
9.0,16,0,832,936
15.0,13,0,815,936
6.0,17,0,18,936
76.0,5,0,8,936
22.0,11,0,830,936
23.0,10,0,154,936
12.0,14,0,813,936
45.0,8,0,826,936
0.0,21,0,825,936
77.0,4,0,822,936
0.0,19,0,833,936
11.0,15,0,4,936
0.0,20,0,829,936
227.0,1,6,1,937
199.0,2,3,3,937
160.0,3,2,20,937
82.0,5,0,13,937
16.0,13,0,831,937
51.0,8,0,817,937
24.0,12,0,807,937
7.0,17,0,828,937
9.0,16,0,832,937
25.0,11,0,815,937
6.0,18,0,18,937
82.0,4,0,8,937
26.0,10,0,830,937
38.0,9,0,154,937
12.0,14,0,813,937
57.0,7,0,826,937
0.0,21,0,825,937
79.0,6,0,822,937
0.0,19,0,833,937
11.0,15,0,4,937
0.0,20,0,829,937
252.0,1,7,1,938
199.0,2,3,3,938
178.0,3,2,20,938
97.0,4,0,13,938
16.0,13,0,831,938
55.0,8,0,817,938
30.0,11,0,807,938
9.0,17,0,828,938
9.0,16,0,832,938
33.0,10,0,815,938
6.0,18,0,18,938
92.0,5,0,8,938
26.0,12,0,830,938
38.0,9,0,154,938
12.0,14,0,813,938
58.0,7,0,826,938
0.0,21,0,825,938
91.0,6,0,822,938
0.0,19,0,833,938
11.0,15,0,4,938
0.0,20,0,829,938
252.0,1,7,1,939
211.0,2,3,3,939
203.0,3,3,20,939
97.0,6,0,13,939
17.0,13,0,831,939
73.0,7,0,817,939
30.0,12,0,807,939
9.0,17,0,828,939
11.0,16,0,832,939
39.0,9,0,815,939
6.0,18,0,18,939
107.0,4,0,8,939
30.0,11,0,830,939
38.0,10,0,154,939
12.0,14,0,813,939
66.0,8,0,826,939
0.0,22,0,825,939
101.0,5,0,822,939
0.0,19,0,833,939
11.0,15,0,4,939
0.0,20,0,829,939
0.0,21,0,834,939
0.0,21,0,834,940
0.0,20,0,829,940
11.0,16,0,4,940
111.0,5,0,822,940
66.0,8,0,826,940
16.0,14,0,813,940
44.0,9,0,154,940
32.0,12,0,830,940
12.0,15,0,832,940
9.0,17,0,828,940
17.0,13,0,831,940
229.0,2,3,3,940
0.0,22,0,825,940
38.0,11,0,807,940
39.0,10,0,815,940
6.0,18,0,18,940
119.0,4,0,8,940
97.0,6,0,13,940
0.0,19,0,833,940
73.0,7,0,817,940
218.0,3,3,20,940
277.0,1,8,1,940
247.0,3,3,3,942
0.0,21,0,834,941
0.0,22,0,825,941
111.0,5,0,822,941
27.0,13,0,831,942
109.0,6,0,13,942
251.0,2,3,20,942
0.0,20,0,829,941
11.0,16,0,4,941
327.0,1,10,1,942
0.0,19,0,833,941
76.0,7,0,826,941
22.0,14,0,813,941
44.0,10,0,154,941
33.0,12,0,830,941
123.0,4,0,8,941
8.0,18,0,18,941
54.0,9,0,815,941
12.0,15,0,832,941
9.0,17,0,828,941
38.0,11,0,807,941
73.0,8,0,817,941
25.0,13,0,831,941
109.0,6,0,13,941
236.0,2,3,20,941
229.0,3,3,3,941
302.0,1,9,1,941
74.0,8,0,817,942
38.0,12,0,807,942
9.0,18,0,828,942
18.0,15,0,832,942
64.0,9,0,815,942
16.0,16,0,18,942
123.0,4,0,8,942
45.0,10,0,830,942
44.0,11,0,154,942
26.0,14,0,813,942
76.0,7,0,826,942
0.0,22,0,825,942
111.0,5,0,822,942
0.0,19,0,833,942
11.0,17,0,4,942
0.0,21,0,829,942
0.0,20,0,834,942
345.0,1,10,1,943
272.0,2,4,3,943
251.0,3,3,20,943
117.0,6,0,13,943
27.0,13,0,831,943
84.0,8,0,817,943
44.0,12,0,807,943
9.0,18,0,828,943
18.0,15,0,832,943
68.0,9,0,815,943
16.0,16,0,18,943
123.0,5,0,8,943
47.0,10,0,830,943
45.0,11,0,154,943
26.0,14,0,813,943
88.0,7,0,826,943
0.0,22,0,825,943
126.0,4,0,822,943
0.0,19,0,833,943
11.0,17,0,4,943
0.0,21,0,829,943
0.0,20,0,834,943
363.0,1,10,1,944
297.0,2,5,3,944
266.0,3,3,20,944
117.0,6,0,13,944
27.0,13,0,831,944
84.0,8,0,817,944
52.0,10,0,807,944
9.0,18,0,828,944
18.0,15,0,832,944
68.0,9,0,815,944
16.0,16,0,18,944
135.0,5,0,8,944
49.0,12,0,830,944
49.0,11,0,154,944
27.0,14,0,813,944
94.0,7,0,826,944
0.0,22,0,825,944
136.0,4,0,822,944
0.0,19,0,833,944
11.0,17,0,4,944
0.0,21,0,829,944
0.0,20,0,834,944
381.0,1,10,1,945
322.0,2,6,3,945
278.0,3,3,20,945
121.0,6,0,13,945
27.0,13,0,831,945
92.0,8,0,817,945
58.0,10,0,807,945
9.0,18,0,828,945
18.0,15,0,832,945
78.0,9,0,815,945
16.0,16,0,18,945
150.0,4,0,8,945
49.0,12,0,830,945
51.0,11,0,154,945
27.0,14,0,813,945
95.0,7,0,826,945
0.0,22,0,825,945
136.0,5,0,822,945
0.0,19,0,833,945
11.0,17,0,4,945
0.0,21,0,829,945
0.0,20,0,834,945
117.0,2,2,1,955
141.0,1,5,3,955
0.0,21,0,4,948
0.0,17,0,828,948
0.0,15,0,831,948
0.0,13,0,815,948
0.0,11,0,835,948
25.0,1,1,3,948
0.0,19,0,837,948
0.0,22,0,826,948
0.0,20,0,821,948
0.0,18,0,8,948
0.0,16,0,836,948
0.0,14,0,18,948
0.0,12,0,825,948
1.0,10,0,830,948
2.0,9,0,832,948
4.0,8,0,822,948
6.0,7,0,807,948
8.0,6,0,154,948
10.0,5,0,13,948
12.0,4,0,817,948
15.0,3,0,20,948
18.0,2,0,1,948
50.0,1,2,3,949
33.0,2,0,1,949
15.0,6,0,20,949
24.0,3,0,817,949
14.0,7,0,13,949
18.0,5,0,154,949
6.0,9,0,807,949
6.0,11,0,822,949
2.0,12,0,832,949
9.0,8,0,830,949
0.0,15,0,835,949
0.0,14,0,825,949
0.0,17,0,815,949
0.0,20,0,18,949
0.0,19,0,831,949
0.0,18,0,836,949
0.0,16,0,828,949
18.0,4,0,8,949
0.0,21,0,837,949
0.0,22,0,821,949
0.0,23,0,4,949
6.0,10,0,826,949
1.0,13,0,838,949
75.0,1,3,3,950
39.0,2,0,1,950
33.0,4,0,20,950
36.0,3,0,817,950
22.0,6,0,13,950
18.0,8,0,154,950
6.0,11,0,807,950
7.0,10,0,822,950
4.0,12,0,832,950
13.0,9,0,830,950
0.0,16,0,835,950
0.0,14,0,825,950
0.0,15,0,815,950
0.0,19,0,18,950
0.0,21,0,831,950
0.0,20,0,836,950
0.0,17,0,828,950
28.0,5,0,8,950
0.0,23,0,837,950
0.0,22,0,821,950
0.0,18,0,4,950
21.0,7,0,826,950
1.0,13,0,838,950
100.0,1,4,3,951
57.0,2,0,1,951
33.0,5,0,20,951
36.0,4,0,817,951
32.0,6,0,13,951
22.0,7,0,154,951
6.0,13,0,807,951
19.0,9,0,822,951
4.0,14,0,832,951
13.0,10,0,830,951
0.0,18,0,835,951
6.0,12,0,825,951
2.0,15,0,815,951
1.0,16,0,18,951
0.0,21,0,831,951
0.0,20,0,836,951
0.0,19,0,828,951
43.0,3,0,8,951
0.0,23,0,837,951
0.0,22,0,821,951
8.0,11,0,4,951
21.0,8,0,826,951
1.0,17,0,838,951
100.0,1,4,3,952
57.0,3,0,1,952
48.0,4,0,20,952
48.0,5,0,817,952
36.0,7,0,13,952
22.0,10,0,154,952
6.0,15,0,807,952
29.0,8,0,822,952
12.0,11,0,832,952
38.0,6,1,830,952
0.0,18,0,835,952
6.0,14,0,825,952
8.0,13,0,815,952
3.0,16,0,18,952
0.0,22,0,831,952
0.0,21,0,836,952
0.0,20,0,828,952
61.0,2,0,8,952
0.0,23,0,837,952
0.0,19,0,821,952
8.0,12,0,4,952
22.0,9,0,826,952
1.0,17,0,838,952
106.0,1,4,3,953
82.0,2,1,1,953
60.0,5,0,20,953
66.0,3,0,817,953
37.0,7,0,13,953
22.0,11,0,154,953
14.0,14,0,807,953
29.0,8,0,822,953
16.0,13,0,832,953
38.0,6,1,830,953
0.0,19,0,835,953
6.0,15,0,825,953
23.0,9,0,815,953
5.0,16,0,18,953
0.0,22,0,831,953
0.0,21,0,836,953
0.0,20,0,828,953
61.0,4,0,8,953
0.0,23,0,837,953
0.0,18,0,821,953
18.0,12,0,4,953
22.0,10,0,826,953
1.0,17,0,838,953
116.0,1,4,3,954
107.0,2,2,1,954
78.0,3,0,20,954
72.0,4,0,817,954
37.0,8,0,13,954
22.0,11,0,154,954
18.0,13,0,807,954
44.0,7,0,822,954
18.0,14,0,832,954
50.0,6,1,830,954
0.0,19,0,835,954
6.0,15,0,825,954
24.0,9,0,815,954
5.0,16,0,18,954
0.0,22,0,831,954
0.0,21,0,836,954
0.0,20,0,828,954
69.0,5,0,8,954
0.0,23,0,837,954
0.0,18,0,821,954
18.0,12,0,4,954
22.0,10,0,826,954
1.0,17,0,838,954
96.0,3,0,20,955
78.0,5,0,817,955
38.0,9,0,13,955
22.0,11,0,154,955
20.0,12,0,807,955
52.0,7,0,822,955
18.0,14,0,832,955
54.0,6,1,830,955
0.0,19,0,835,955
6.0,15,0,825,955
39.0,8,0,815,955
5.0,16,0,18,955
0.0,21,0,831,955
0.0,22,0,836,955
0.0,20,0,828,955
81.0,4,0,8,955
0.0,23,0,837,955
0.0,18,0,821,955
18.0,13,0,4,955
22.0,10,0,826,955
1.0,17,0,838,955
153.0,1,5,3,956
142.0,2,3,1,956
96.0,3,0,20,956
88.0,5,0,817,956
38.0,9,0,13,956
28.0,10,0,154,956
20.0,13,0,807,956
54.0,7,0,822,956
22.0,12,0,832,956
72.0,6,1,830,956
0.0,20,0,835,956
6.0,16,0,825,956
39.0,8,0,815,956
13.0,15,0,18,956
0.0,22,0,831,956
1.0,17,0,836,956
0.0,21,0,828,956
96.0,4,0,8,956
0.0,23,0,837,956
0.0,19,0,821,956
18.0,14,0,4,956
22.0,11,0,826,956
1.0,18,0,838,956
168.0,1,5,3,957
167.0,2,4,1,957
98.0,5,0,20,957
100.0,4,0,817,957
38.0,9,0,13,957
28.0,10,0,154,957
26.0,11,0,807,957
54.0,7,0,822,957
26.0,12,0,832,957
90.0,6,1,830,957
0.0,20,0,835,957
6.0,16,0,825,957
47.0,8,0,815,957
13.0,15,0,18,957
0.0,22,0,831,957
1.0,17,0,836,957
0.0,21,0,828,957
106.0,3,0,8,957
0.0,23,0,837,957
0.0,19,0,821,957
18.0,14,0,4,957
23.0,13,0,826,957
1.0,18,0,838,957
186.0,2,5,3,958
192.0,1,5,1,958
110.0,5,0,20,958
115.0,3,0,817,958
38.0,9,0,13,958
28.0,11,0,154,958
27.0,12,0,807,958
56.0,7,0,822,958
30.0,10,0,832,958
100.0,6,1,830,958
0.0,20,0,835,958
6.0,16,0,825,958
47.0,8,0,815,958
13.0,15,0,18,958
0.0,22,0,831,958
1.0,17,0,836,958
0.0,21,0,828,958
114.0,4,0,8,958
0.0,23,0,837,958
0.0,19,0,821,958
24.0,13,0,4,958
23.0,14,0,826,958
1.0,18,0,838,958
198.0,2,5,3,959
217.0,1,6,1,959
120.0,5,0,20,959
133.0,3,0,817,959
38.0,9,0,13,959
28.0,12,0,154,959
33.0,10,0,807,959
58.0,7,0,822,959
30.0,11,0,832,959
115.0,6,1,830,959
0.0,20,0,835,959
6.0,16,0,825,959
48.0,8,0,815,959
17.0,15,0,18,959
0.0,22,0,831,959
1.0,17,0,836,959
0.0,21,0,828,959
122.0,4,0,8,959
0.0,23,0,837,959
0.0,19,0,821,959
24.0,13,0,4,959
23.0,14,0,826,959
1.0,18,0,838,959
223.0,2,6,3,960
232.0,1,6,1,960
128.0,4,0,20,960
151.0,3,0,817,960
39.0,10,0,13,960
28.0,13,0,154,960
45.0,9,0,807,960
62.0,7,0,822,960
30.0,12,0,832,960
115.0,6,1,830,960
0.0,20,0,835,960
6.0,16,0,825,960
58.0,8,0,815,960
17.0,15,0,18,960
0.0,22,0,831,960
1.0,17,0,836,960
0.0,21,0,828,960
124.0,5,0,8,960
0.0,23,0,837,960
0.0,19,0,821,960
30.0,11,0,4,960
23.0,14,0,826,960
1.0,18,0,838,960
0.0,24,0,839,960
248.0,2,7,3,961
250.0,1,6,1,961
143.0,4,0,20,961
161.0,3,0,817,961
41.0,10,0,13,961
28.0,13,0,154,961
46.0,9,0,807,961
70.0,7,0,822,961
30.0,12,0,832,961
121.0,6,1,830,961
0.0,20,0,835,961
6.0,16,0,825,961
62.0,8,0,815,961
17.0,15,0,18,961
0.0,22,0,831,961
1.0,17,0,836,961
0.0,21,0,828,961
136.0,5,0,8,961
0.0,23,0,837,961
0.0,19,0,821,961
30.0,11,0,4,961
23.0,14,0,826,961
1.0,18,0,838,961
0.0,24,0,839,961
273.0,1,8,3,962
265.0,2,6,1,962
153.0,4,0,20,962
179.0,3,0,817,962
41.0,10,0,13,962
28.0,13,0,154,962
46.0,9,0,807,962
70.0,7,0,822,962
30.0,12,0,832,962
129.0,6,1,830,962
0.0,20,0,835,962
7.0,16,0,825,962
66.0,8,0,815,962
17.0,15,0,18,962
0.0,22,0,831,962
1.0,17,0,836,962
0.0,21,0,828,962
148.0,5,0,8,962
0.0,23,0,837,962
0.0,19,0,821,962
36.0,11,0,4,962
25.0,14,0,826,962
1.0,18,0,838,962
0.0,24,0,839,962
288.0,1,8,3,963
265.0,2,6,1,963
153.0,5,0,20,963
204.0,3,1,817,963
41.0,11,0,13,963
28.0,13,0,154,963
50.0,9,0,807,963
80.0,7,0,822,963
30.0,12,0,832,963
147.0,6,1,830,963
1.0,17,0,835,963
7.0,16,0,825,963
74.0,8,0,815,963
19.0,15,0,18,963
0.0,22,0,831,963
1.0,18,0,836,963
0.0,21,0,828,963
160.0,4,0,8,963
0.0,23,0,837,963
0.0,20,0,821,963
42.0,10,0,4,963
25.0,14,0,826,963
1.0,19,0,838,963
0.0,24,0,839,963
313.0,1,9,3,964
280.0,2,6,1,964
165.0,6,0,20,964
212.0,3,1,817,964
43.0,10,0,13,964
28.0,13,0,154,964
54.0,9,0,807,964
81.0,7,0,822,964
30.0,12,0,832,964
165.0,5,1,830,964
1.0,17,0,835,964
7.0,16,0,825,964
80.0,8,0,815,964
19.0,15,0,18,964
0.0,22,0,831,964
1.0,18,0,836,964
0.0,21,0,828,964
170.0,4,0,8,964
0.0,23,0,837,964
0.0,20,0,821,964
42.0,11,0,4,964
25.0,14,0,826,964
1.0,19,0,838,964
0.0,24,0,839,964
0.0,24,0,839,965
1.0,19,0,838,965
25.0,14,0,826,965
52.0,10,0,4,965
0.0,23,0,837,965
170.0,5,0,8,965
0.0,21,0,828,965
1.0,18,0,836,965
21.0,15,0,18,965
84.0,7,0,815,965
7.0,16,0,825,965
165.0,6,1,830,965
38.0,12,0,832,965
54.0,9,0,807,965
227.0,3,1,817,965
1.0,17,0,835,965
0.0,22,0,831,965
81.0,8,0,822,965
0.0,20,0,821,965
49.0,11,0,13,965
29.0,13,0,154,965
305.0,2,7,1,965
177.0,4,0,20,965
331.0,1,9,3,965
0.0,23,0,837,966
1.0,18,0,836,966
21.0,15,0,18,966
197.0,4,0,20,967
355.0,2,9,1,967
367.0,1,9,3,967
0.0,24,0,839,966
1.0,19,0,838,966
25.0,14,0,826,966
52.0,10,0,4,966
0.0,20,0,821,966
178.0,5,0,8,966
0.0,21,0,828,966
0.0,22,0,831,966
1.0,17,0,835,966
7.0,16,0,825,966
85.0,7,0,815,966
177.0,6,1,830,966
38.0,12,0,832,966
85.0,8,0,822,966
60.0,9,0,807,966
29.0,13,0,154,966
51.0,11,0,13,966
242.0,3,1,817,966
187.0,4,0,20,966
349.0,1,9,3,966
330.0,2,8,1,966
246.0,3,1,817,967
51.0,11,0,13,967
29.0,13,0,154,967
66.0,9,0,807,967
85.0,8,0,822,967
46.0,12,0,832,967
192.0,5,1,830,967
1.0,18,0,835,967
7.0,16,0,825,967
97.0,7,0,815,967
21.0,15,0,18,967
2.0,17,0,831,967
1.0,19,0,836,967
0.0,22,0,828,967
178.0,6,0,8,967
0.0,24,0,837,967
0.0,21,0,821,967
53.0,10,0,4,967
25.0,14,0,826,967
1.0,20,0,838,967
0.0,23,0,839,967
385.0,1,9,3,968
380.0,2,10,1,968
212.0,4,0,20,968
256.0,3,1,817,968
53.0,11,0,13,968
29.0,13,0,154,968
72.0,9,0,807,968
85.0,8,0,822,968
46.0,12,0,832,968
204.0,5,1,830,968
1.0,18,0,835,968
7.0,16,0,825,968
101.0,7,0,815,968
21.0,15,0,18,968
2.0,17,0,831,968
1.0,19,0,836,968
0.0,22,0,828,968
186.0,6,0,8,968
0.0,24,0,837,968
0.0,21,0,821,968
54.0,10,0,4,968
25.0,14,0,826,968
1.0,20,0,838,968
0.0,23,0,839,968
8.0,6,0,13,969
6.0,7,0,815,969
4.0,8,0,832,969
2.0,9,0,826,969
1.0,10,0,839,969
0.0,11,0,807,969
0.0,12,0,841,969
0.0,13,0,838,969
0.0,14,0,4,969
0.0,15,0,825,969
0.0,16,0,840,969
0.0,17,0,817,969
0.0,18,0,828,969
0.0,19,0,835,969
0.0,20,0,154,969
43.0,1,1,20,970
43.0,2,1,1,970
23.0,4,0,822,970
22.0,5,0,8,970
25.0,3,0,830,970
8.0,8,0,13,970
8.0,9,0,815,970
10.0,7,0,832,970
2.0,11,0,826,970
2.0,12,0,839,970
0.0,13,0,807,970
0.0,15,0,841,970
0.0,16,0,838,970
0.0,19,0,4,970
4.0,10,0,825,970
0.0,20,0,840,970
12.0,6,0,817,970
0.0,18,0,828,970
0.0,17,0,835,970
0.0,14,0,154,970
68.0,1,2,20,971
61.0,2,1,1,971
38.0,3,0,822,971
34.0,4,0,8,971
25.0,5,0,830,971
16.0,7,0,13,971
14.0,8,0,815,971
10.0,9,0,832,971
2.0,14,0,826,971
3.0,12,0,839,971
2.0,13,0,807,971
0.0,16,0,841,971
0.0,18,0,838,971
0.0,19,0,4,971
4.0,11,0,825,971
0.0,21,0,840,971
22.0,6,0,817,971
0.0,20,0,828,971
0.0,17,0,835,971
4.0,10,0,154,971
0.0,15,0,836,971
86.0,1,2,20,972
73.0,2,1,1,972
63.0,3,1,822,972
49.0,4,0,8,972
35.0,5,0,830,972
18.0,8,0,13,972
22.0,7,0,815,972
11.0,9,0,832,972
2.0,14,0,826,972
9.0,10,0,839,972
6.0,11,0,807,972
0.0,17,0,841,972
0.0,19,0,838,972
0.0,20,0,4,972
4.0,13,0,825,972
0.0,16,0,840,972
22.0,6,0,817,972
0.0,21,0,828,972
0.0,18,0,835,972
4.0,12,0,154,972
0.0,15,0,836,972
104.0,1,2,20,973
98.0,2,2,1,973
63.0,3,1,822,973
49.0,4,0,8,973
35.0,6,0,830,973
18.0,9,0,13,973
34.0,7,0,815,973
17.0,10,0,832,973
4.0,15,0,826,973
19.0,8,0,839,973
14.0,11,0,807,973
0.0,19,0,841,973
0.0,21,0,838,973
0.0,18,0,4,973
4.0,14,0,825,973
0.0,17,0,840,973
37.0,5,0,817,973
0.0,16,0,828,973
0.0,20,0,835,973
5.0,12,0,154,973
4.0,13,0,836,973
129.0,1,3,20,974
104.0,2,2,1,974
75.0,3,1,822,974
67.0,4,0,8,974
45.0,6,0,830,974
20.0,9,0,13,974
34.0,7,0,815,974
25.0,8,0,832,974
4.0,15,0,826,974
19.0,10,0,839,974
14.0,11,0,807,974
0.0,20,0,841,974
0.0,21,0,838,974
0.0,19,0,4,974
5.0,13,0,825,974
0.0,18,0,840,974
52.0,5,0,817,974
0.0,17,0,828,974
0.0,16,0,835,974
9.0,12,0,154,974
4.0,14,0,836,974
0.0,22,0,18,974
141.0,1,3,20,975
129.0,2,3,1,975
93.0,3,1,822,975
73.0,4,0,8,975
45.0,6,0,830,975
20.0,10,0,13,975
44.0,7,0,815,975
25.0,9,0,832,975
4.0,15,0,826,975
27.0,8,0,839,975
18.0,11,0,807,975
0.0,20,0,841,975
0.0,21,0,838,975
0.0,19,0,4,975
5.0,13,0,825,975
2.0,16,0,840,975
67.0,5,0,817,975
0.0,18,0,828,975
0.0,17,0,835,975
10.0,12,0,154,975
4.0,14,0,836,975
0.0,22,0,18,975
153.0,1,3,20,976
139.0,2,3,1,976
111.0,3,1,822,976
73.0,5,0,8,976
45.0,6,0,830,976
20.0,10,0,13,976
44.0,7,0,815,976
29.0,9,0,832,976
4.0,16,0,826,976
35.0,8,0,839,976
18.0,11,0,807,976
0.0,21,0,841,976
0.0,20,0,838,976
2.0,17,0,4,976
11.0,13,0,825,976
17.0,12,0,840,976
92.0,4,1,817,976
0.0,19,0,828,976
0.0,18,0,835,976
10.0,14,0,154,976
5.0,15,0,836,976
0.0,22,0,18,976
171.0,1,3,20,977
151.0,2,3,1,977
136.0,3,2,822,977
83.0,5,0,8,977
45.0,7,0,830,977
22.0,10,0,13,977
50.0,6,0,815,977
29.0,9,0,832,977
4.0,16,0,826,977
39.0,8,0,839,977
18.0,12,0,807,977
0.0,21,0,841,977
0.0,20,0,838,977
2.0,17,0,4,977
11.0,14,0,825,977
18.0,11,0,840,977
107.0,4,1,817,977
0.0,19,0,828,977
0.0,18,0,835,977
18.0,13,0,154,977
5.0,15,0,836,977
0.0,22,0,18,977
177.0,1,3,20,978
176.0,2,4,1,978
154.0,3,2,822,978
98.0,5,0,8,978
57.0,6,0,830,978
23.0,11,0,13,978
52.0,7,0,815,978
29.0,9,0,832,978
4.0,16,0,826,978
43.0,8,0,839,978
26.0,10,0,807,978
0.0,21,0,841,978
0.0,20,0,838,978
2.0,17,0,4,978
11.0,14,0,825,978
18.0,12,0,840,978
117.0,4,1,817,978
0.0,19,0,828,978
0.0,18,0,835,978
18.0,13,0,154,978
5.0,15,0,836,978
0.0,22,0,18,978
202.0,1,4,20,979
188.0,2,4,1,979
169.0,3,2,822,979
116.0,5,0,8,979
67.0,6,0,830,979
23.0,11,0,13,979
56.0,7,0,815,979
35.0,9,0,832,979
4.0,17,0,826,979
45.0,8,0,839,979
26.0,10,0,807,979
0.0,21,0,841,979
1.0,18,0,838,979
10.0,15,0,4,979
11.0,14,0,825,979
18.0,12,0,840,979
117.0,4,1,817,979
0.0,20,0,828,979
0.0,19,0,835,979
18.0,13,0,154,979
5.0,16,0,836,979
0.0,22,0,18,979
0.0,23,0,814,979
220.0,1,4,20,980
213.0,2,5,1,980
179.0,3,2,822,980
128.0,5,0,8,980
67.0,6,0,830,980
27.0,11,0,13,980
56.0,7,0,815,980
36.0,9,0,832,980
4.0,17,0,826,980
47.0,8,0,839,980
34.0,10,0,807,980
0.0,21,0,841,980
1.0,18,0,838,980
10.0,15,0,4,980
11.0,14,0,825,980
18.0,13,0,840,980
132.0,4,1,817,980
0.0,20,0,828,980
0.0,19,0,835,980
24.0,12,0,154,980
5.0,16,0,836,980
0.0,22,0,18,980
0.0,23,0,814,980
235.0,2,4,20,981
238.0,1,6,1,981
197.0,3,2,822,981
138.0,5,0,8,981
68.0,6,0,830,981
31.0,11,0,13,981
58.0,7,0,815,981
36.0,9,0,832,981
4.0,17,0,826,981
55.0,8,0,839,981
34.0,10,0,807,981
0.0,21,0,841,981
1.0,18,0,838,981
10.0,15,0,4,981
11.0,14,0,825,981
24.0,12,0,840,981
144.0,4,1,817,981
0.0,20,0,828,981
0.0,19,0,835,981
24.0,13,0,154,981
5.0,16,0,836,981
0.0,22,0,18,981
0.0,23,0,814,981
235.0,2,4,20,982
263.0,1,7,1,982
212.0,3,2,822,982
138.0,5,0,8,982
68.0,6,0,830,982
31.0,11,0,13,982
68.0,7,0,815,982
48.0,9,0,832,982
4.0,19,0,826,982
56.0,8,0,839,982
34.0,10,0,807,982
0.0,21,0,841,982
7.0,17,0,838,982
10.0,15,0,4,982
11.0,14,0,825,982
28.0,12,0,840,982
162.0,4,1,817,982
0.0,20,0,828,982
8.0,16,0,835,982
26.0,13,0,154,982
5.0,18,0,836,982
0.0,22,0,18,982
0.0,23,0,814,982
247.0,2,4,20,983
281.0,1,7,1,983
222.0,3,2,822,983
138.0,5,0,8,983
93.0,6,1,830,983
33.0,11,0,13,983
76.0,7,0,815,983
48.0,9,0,832,983
4.0,19,0,826,983
57.0,8,0,839,983
34.0,10,0,807,983
0.0,21,0,841,983
13.0,14,0,838,983
10.0,16,0,4,983
11.0,15,0,825,983
32.0,12,0,840,983
177.0,4,1,817,983
0.0,20,0,828,983
8.0,17,0,835,983
26.0,13,0,154,983
5.0,18,0,836,983
0.0,23,0,18,983
0.0,24,0,814,983
0.0,22,0,842,983
247.0,2,4,20,984
306.0,1,8,1,984
234.0,3,2,822,984
148.0,5,0,8,984
111.0,6,1,830,984
34.0,11,0,13,984
82.0,7,0,815,984
48.0,9,0,832,984
4.0,19,0,826,984
65.0,8,0,839,984
34.0,10,0,807,984
0.0,21,0,841,984
13.0,15,0,838,984
10.0,16,0,4,984
15.0,14,0,825,984
32.0,12,0,840,984
192.0,4,1,817,984
0.0,20,0,828,984
8.0,17,0,835,984
28.0,13,0,154,984
5.0,18,0,836,984
0.0,23,0,18,984
0.0,24,0,814,984
0.0,22,0,842,984
265.0,2,4,20,985
331.0,1,9,1,985
244.0,3,2,822,985
163.0,5,0,8,985
123.0,6,1,830,985
36.0,10,0,13,985
86.0,7,0,815,985
54.0,9,0,832,985
5.0,19,0,826,985
73.0,8,0,839,985
34.0,11,0,807,985
0.0,21,0,841,985
13.0,15,0,838,985
10.0,16,0,4,985
15.0,14,0,825,985
32.0,12,0,840,985
192.0,4,1,817,985
0.0,20,0,828,985
8.0,17,0,835,985
28.0,13,0,154,985
5.0,18,0,836,985
0.0,24,0,18,985
0.0,25,0,814,985
0.0,22,0,842,985
0.0,23,0,843,985
277.0,2,4,20,986
333.0,1,9,1,986
262.0,3,2,822,986
178.0,5,0,8,986
148.0,6,2,830,986
36.0,11,0,13,986
92.0,7,0,815,986
54.0,9,0,832,986
5.0,19,0,826,986
83.0,8,0,839,986
34.0,12,0,807,986
0.0,21,0,841,986
13.0,15,0,838,986
11.0,16,0,4,986
19.0,14,0,825,986
40.0,10,0,840,986
192.0,4,1,817,986
0.0,20,0,828,986
8.0,17,0,835,986
28.0,13,0,154,986
5.0,18,0,836,986
0.0,24,0,18,986
0.0,25,0,814,986
0.0,22,0,842,986
0.0,23,0,843,986
302.0,2,5,20,987
345.0,1,9,1,987
280.0,3,2,822,987
193.0,5,0,8,987
158.0,6,2,830,987
42.0,10,0,13,987
94.0,7,0,815,987
54.0,9,0,832,987
5.0,19,0,826,987
83.0,8,0,839,987
35.0,12,0,807,987
0.0,22,0,841,987
13.0,16,0,838,987
15.0,15,0,4,987
19.0,14,0,825,987
40.0,11,0,840,987
200.0,4,1,817,987
0.0,20,0,828,987
8.0,17,0,835,987
28.0,13,0,154,987
5.0,18,0,836,987
0.0,24,0,18,987
0.0,25,0,814,987
0.0,21,0,842,987
0.0,23,0,843,987
317.0,2,5,20,988
363.0,1,9,1,988
305.0,3,3,822,988
205.0,4,0,8,988
168.0,6,2,830,988
43.0,11,0,13,988
100.0,7,0,815,988
54.0,9,0,832,988
5.0,19,0,826,988
87.0,8,0,839,988
43.0,10,0,807,988
0.0,22,0,841,988
13.0,16,0,838,988
17.0,15,0,4,988
19.0,14,0,825,988
40.0,12,0,840,988
200.0,5,1,817,988
0.0,20,0,828,988
8.0,17,0,835,988
28.0,13,0,154,988
5.0,18,0,836,988
0.0,24,0,18,988
0.0,25,0,814,988
0.0,21,0,842,988
0.0,23,0,843,988
25.0,1,1,20,989
18.0,2,0,1,989
15.0,3,0,8,989
12.0,4,0,817,989
10.0,5,0,4,989
8.0,6,0,830,989
6.0,7,0,807,989
4.0,8,0,822,989
2.0,9,0,838,989
1.0,10,0,832,989
0.0,11,0,815,989
0.0,12,0,839,989
0.0,13,0,844,989
0.0,14,0,840,989
0.0,15,0,843,989
0.0,16,0,154,989
0.0,17,0,825,989
0.0,18,0,842,989
0.0,19,0,828,989
0.0,20,0,845,989
0.0,20,0,845,990
16.0,4,0,4,990
8.0,10,0,830,990
10.0,9,0,825,990
0.0,16,0,844,990
66.0,2,2,20,992
2.0,12,0,828,990
12.0,7,0,842,990
15.0,5,0,8,990
0.0,17,0,154,990
0.0,18,0,840,990
0.0,19,0,843,990
1.0,14,0,839,990
0.0,15,0,815,990
1.0,13,0,832,990
6.0,11,0,838,990
22.0,3,0,822,990
14.0,6,0,807,990
12.0,8,0,817,990
50.0,1,2,20,990
33.0,2,0,1,990
54.0,1,2,20,991
45.0,2,0,1,991
30.0,5,0,8,991
37.0,4,1,817,991
22.0,6,0,4,991
18.0,8,0,830,991
22.0,7,0,807,991
40.0,3,0,822,991
6.0,11,0,838,991
3.0,12,0,832,991
0.0,15,0,815,991
1.0,14,0,839,991
0.0,16,0,844,991
0.0,18,0,840,991
0.0,20,0,843,991
0.0,17,0,154,991
11.0,10,0,825,991
12.0,9,0,842,991
2.0,13,0,828,991
0.0,19,0,845,991
70.0,1,1,1,992
48.0,3,0,8,992
37.0,5,1,817,992
28.0,6,0,4,992
18.0,8,0,830,992
22.0,7,0,807,992
40.0,4,0,822,992
8.0,14,0,838,992
13.0,10,0,832,992
15.0,9,0,815,992
1.0,17,0,839,992
8.0,13,0,844,992
4.0,15,0,840,992
1.0,18,0,843,992
0.0,19,0,154,992
11.0,12,0,825,992
12.0,11,0,842,992
2.0,16,0,828,992
0.0,20,0,845,992
78.0,2,2,20,993
95.0,1,2,1,993
48.0,4,0,8,993
47.0,5,1,817,993
32.0,7,0,4,993
33.0,6,0,830,993
22.0,8,0,807,993
58.0,3,0,822,993
8.0,14,0,838,993
19.0,10,0,832,993
17.0,11,0,815,993
1.0,17,0,839,993
9.0,13,0,844,993
4.0,15,0,840,993
1.0,18,0,843,993
0.0,19,0,154,993
19.0,9,0,825,993
12.0,12,0,842,993
2.0,16,0,828,993
0.0,20,0,845,993
96.0,2,2,20,994
110.0,1,2,1,994
60.0,5,0,8,994
72.0,3,2,817,994
32.0,7,0,4,994
35.0,6,0,830,994
26.0,8,0,807,994
68.0,4,0,822,994
8.0,15,0,838,994
20.0,9,0,832,994
17.0,12,0,815,994
9.0,13,0,839,994
9.0,14,0,844,994
4.0,16,0,840,994
1.0,18,0,843,994
0.0,19,0,154,994
19.0,10,0,825,994
18.0,11,0,842,994
2.0,17,0,828,994
0.0,20,0,845,994
121.0,1,3,20,995
120.0,2,2,1,995
68.0,5,0,8,995
84.0,4,2,817,995
32.0,7,0,4,995
50.0,6,0,830,995
32.0,8,0,807,995
86.0,3,0,822,995
8.0,15,0,838,995
24.0,9,0,832,995
17.0,12,0,815,995
11.0,13,0,839,995
10.0,14,0,844,995
4.0,16,0,840,995
1.0,18,0,843,995
0.0,19,0,154,995
19.0,10,0,825,995
18.0,11,0,842,995
2.0,17,0,828,995
0.0,20,0,845,995
131.0,2,3,20,996
145.0,1,3,1,996
83.0,5,0,8,996
96.0,3,2,817,996
32.0,8,0,4,996
68.0,6,0,830,996
34.0,7,0,807,996
92.0,4,0,822,996
8.0,15,0,838,996
28.0,9,0,832,996
17.0,12,0,815,996
11.0,13,0,839,996
11.0,14,0,844,996
4.0,16,0,840,996
1.0,18,0,843,996
0.0,19,0,154,996
27.0,10,0,825,996
18.0,11,0,842,996
2.0,17,0,828,996
0.0,20,0,845,996
146.0,1,3,20,997
145.0,2,3,1,997
101.0,3,0,8,997
96.0,4,2,817,997
36.0,8,0,4,997
93.0,5,1,830,997
34.0,9,0,807,997
92.0,6,0,822,997
8.0,16,0,838,997
28.0,10,0,832,997
23.0,11,0,815,997
19.0,12,0,839,997
13.0,14,0,844,997
4.0,17,0,840,997
1.0,19,0,843,997
12.0,15,0,154,997
37.0,7,0,825,997
18.0,13,0,842,997
3.0,18,0,828,997
0.0,20,0,845,997
171.0,1,4,20,998
163.0,2,3,1,998
116.0,3,0,8,998
106.0,4,2,817,998
40.0,8,0,4,998
93.0,6,1,830,998
42.0,7,0,807,998
104.0,5,0,822,998
8.0,16,0,838,998
28.0,10,0,832,998
24.0,12,0,815,998
25.0,11,0,839,998
13.0,14,0,844,998
4.0,17,0,840,998
1.0,19,0,843,998
12.0,15,0,154,998
39.0,9,0,825,998
18.0,13,0,842,998
3.0,18,0,828,998
0.0,20,0,845,998
171.0,2,4,20,999
188.0,1,4,1,999
131.0,3,0,8,999
106.0,5,2,817,999
40.0,8,0,4,999
105.0,6,1,830,999
52.0,7,0,807,999
122.0,4,0,822,999
8.0,16,0,838,999
28.0,12,0,832,999
30.0,10,0,815,999
29.0,11,0,839,999
13.0,15,0,844,999
4.0,18,0,840,999
2.0,19,0,843,999
20.0,13,0,154,999
39.0,9,0,825,999
18.0,14,0,842,999
5.0,17,0,828,999
0.0,20,0,845,999
189.0,2,4,20,1000
213.0,1,5,1,1000
146.0,3,0,8,1000
118.0,5,2,817,1000
44.0,9,0,4,1000
105.0,6,1,830,1000
52.0,7,0,807,1000
132.0,4,0,822,1000
8.0,16,0,838,1000
30.0,11,0,832,1000
30.0,10,0,815,1000
29.0,12,0,839,1000
13.0,15,0,844,1000
4.0,18,0,840,1000
2.0,19,0,843,1000
21.0,14,0,154,1000
45.0,8,0,825,1000
26.0,13,0,842,1000
5.0,17,0,828,1000
0.0,20,0,845,1000
214.0,2,5,20,1001
231.0,1,5,1,1001
146.0,3,0,8,1001
118.0,6,2,817,1001
44.0,9,0,4,1001
120.0,5,1,830,1001
52.0,7,0,807,1001
144.0,4,0,822,1001
8.0,16,0,838,1001
30.0,12,0,832,1001
40.0,10,0,815,1001
37.0,11,0,839,1001
13.0,15,0,844,1001
4.0,18,0,840,1001
2.0,19,0,843,1001
27.0,14,0,154,1001
49.0,8,0,825,1001
28.0,13,0,842,1001
6.0,17,0,828,1001
0.0,20,0,845,1001
2.0,19,0,843,1002
28.0,13,0,842,1002
34.0,12,0,832,1002
1.0,20,0,845,1002
159.0,4,0,822,1002
6.0,18,0,828,1002
118.0,6,2,817,1002
49.0,8,0,825,1002
27.0,14,0,154,1002
6.0,17,0,840,1002
45.0,10,0,839,1002
13.0,15,0,844,1002
46.0,9,0,815,1002
8.0,16,0,838,1002
52.0,7,0,807,1002
130.0,5,1,830,1002
44.0,11,0,4,1002
226.0,2,5,20,1002
256.0,1,6,1,1002
164.0,3,0,8,1002
241.0,2,5,20,1003
281.0,1,7,1,1003
174.0,3,0,8,1003
126.0,6,2,817,1003
50.0,8,0,4,1003
148.0,5,1,830,1003
53.0,7,0,807,1003
171.0,4,0,822,1003
8.0,16,0,838,1003
38.0,12,0,832,1003
46.0,10,0,815,1003
45.0,11,0,839,1003
15.0,15,0,844,1003
6.0,17,0,840,1003
2.0,19,0,843,1003
27.0,14,0,154,1003
49.0,9,0,825,1003
28.0,13,0,842,1003
6.0,18,0,828,1003
1.0,20,0,845,1003
256.0,2,5,20,1004
306.0,1,8,1,1004
186.0,4,0,8,1004
134.0,6,2,817,1004
50.0,9,0,4,1004
158.0,5,1,830,1004
53.0,8,0,807,1004
189.0,3,0,822,1004
8.0,16,0,838,1004
38.0,12,0,832,1004
47.0,10,0,815,1004
47.0,11,0,839,1004
21.0,15,0,844,1004
6.0,17,0,840,1004
2.0,19,0,843,1004
27.0,14,0,154,1004
53.0,7,0,825,1004
28.0,13,0,842,1004
6.0,18,0,828,1004
1.0,20,0,845,1004
264.0,2,5,20,1005
331.0,1,9,1,1005
196.0,4,0,8,1005
146.0,6,2,817,1005
50.0,10,0,4,1005
173.0,5,1,830,1005
53.0,9,0,807,1005
207.0,3,0,822,1005
8.0,16,0,838,1005
39.0,12,0,832,1005
53.0,7,0,815,1005
49.0,11,0,839,1005
21.0,15,0,844,1005
6.0,17,0,840,1005
2.0,19,0,843,1005
31.0,13,0,154,1005
53.0,8,0,825,1005
28.0,14,0,842,1005
6.0,18,0,828,1005
1.0,20,0,845,1005
7.0,17,0,828,1006
53.0,9,0,825,1006
4.0,19,0,843,1006
6.0,18,0,840,1006
49.0,11,0,839,1006
45.0,12,0,832,1006
217.0,4,0,822,1006
191.0,5,1,830,1006
146.0,6,2,817,1006
346.0,1,9,1,1006
28.0,14,0,842,1006
1.0,20,0,845,1006
61.0,7,0,807,1006
21.0,15,0,844,1006
31.0,13,0,154,1006
8.0,16,0,838,1006
50.0,10,0,4,1006
57.0,8,0,815,1006
221.0,3,1,8,1006
276.0,2,5,20,1006
294.0,2,5,20,1007
358.0,1,9,1,1007
236.0,3,1,8,1007
146.0,6,2,817,1007
50.0,10,0,4,1007
216.0,5,2,830,1007
69.0,7,0,807,1007
227.0,4,0,822,1007
12.0,16,0,838,1007
45.0,12,0,832,1007
57.0,8,0,815,1007
49.0,11,0,839,1007
27.0,15,0,844,1007
6.0,18,0,840,1007
4.0,19,0,843,1007
31.0,13,0,154,1007
53.0,9,0,825,1007
29.0,14,0,842,1007
9.0,17,0,828,1007
1.0,20,0,845,1007
302.0,2,5,20,1008
383.0,1,10,1,1008
251.0,3,1,8,1008
158.0,6,2,817,1008
50.0,10,0,4,1008
234.0,5,2,830,1008
69.0,7,0,807,1008
237.0,4,0,822,1008
12.0,16,0,838,1008
45.0,12,0,832,1008
58.0,8,0,815,1008
49.0,11,0,839,1008
33.0,14,0,844,1008
6.0,18,0,840,1008
4.0,19,0,843,1008
35.0,13,0,154,1008
55.0,9,0,825,1008
29.0,15,0,842,1008
9.0,17,0,828,1008
1.0,20,0,845,1008
320.0,2,5,20,1009
408.0,1,11,1,1009
251.0,3,1,8,1009
170.0,6,2,817,1009
50.0,11,0,4,1009
249.0,4,2,830,1009
69.0,7,0,807,1009
247.0,5,0,822,1009
12.0,16,0,838,1009
53.0,10,0,832,1009
62.0,8,0,815,1009
49.0,12,0,839,1009
39.0,13,0,844,1009
6.0,18,0,840,1009
4.0,19,0,843,1009
37.0,14,0,154,1009
56.0,9,0,825,1009
29.0,15,0,842,1009
9.0,17,0,828,1009
1.0,20,0,845,1009
0.0,20,0,832,1010
0.0,19,0,817,1010
0.0,18,0,154,1010
0.0,17,0,9,1010
0.0,16,0,847,1010
0.0,15,0,841,1010
0.0,14,0,848,1010
0.0,13,0,815,1010
0.0,12,0,846,1010
18.0,2,0,1,1010
68.0,1,2,1,1012
0.0,11,0,842,1010
1.0,10,0,826,1010
2.0,9,0,840,1010
4.0,8,0,8,1010
6.0,7,0,807,1010
8.0,6,0,825,1010
10.0,5,0,844,1010
12.0,4,0,20,1010
15.0,3,0,830,1010
26.0,1,1,822,1010
62.0,2,1,822,1012
0.0,18,0,817,1011
0.0,19,0,154,1011
0.0,16,0,847,1011
2.0,11,0,848,1011
4.0,10,0,842,1011
10.0,6,0,8,1011
27.0,3,0,830,1011
0.0,20,0,832,1011
0.0,15,0,841,1011
1.0,13,0,826,1011
0.0,17,0,9,1011
8.0,7,0,846,1011
6.0,9,0,807,1011
1.0,14,0,815,1011
2.0,12,0,840,1011
8.0,8,0,825,1011
26.0,4,0,844,1011
22.0,5,0,20,1011
43.0,2,1,1,1011
44.0,1,1,822,1011
39.0,3,0,830,1012
37.0,4,0,20,1012
36.0,5,0,844,1012
8.0,9,0,825,1012
6.0,10,0,807,1012
12.0,7,0,8,1012
2.0,14,0,840,1012
1.0,15,0,826,1012
13.0,6,0,842,1012
8.0,8,0,846,1012
5.0,12,0,815,1012
3.0,13,0,848,1012
0.0,16,0,841,1012
0.0,19,0,847,1012
0.0,20,0,9,1012
0.0,17,0,154,1012
6.0,11,0,817,1012
0.0,18,0,832,1012
87.0,1,2,822,1013
86.0,2,2,1,1013
51.0,4,0,830,1013
52.0,3,0,20,1013
47.0,5,0,844,1013
8.0,10,0,825,1013
6.0,11,0,807,1013
13.0,8,0,8,1013
4.0,14,0,840,1013
1.0,16,0,826,1013
13.0,7,0,842,1013
12.0,9,0,846,1013
13.0,6,0,815,1013
3.0,15,0,848,1013
0.0,17,0,841,1013
0.0,19,0,847,1013
0.0,20,0,9,1013
0.0,18,0,154,1013
6.0,13,0,817,1013
6.0,12,0,832,1013
10.0,11,0,832,1014
6.0,12,0,817,1014
1.0,17,0,154,1014
0.0,20,0,9,1014
0.0,18,0,841,1014
3.0,15,0,848,1014
21.0,6,0,842,1014
4.0,14,0,840,1014
13.0,9,0,8,1014
57.0,5,0,844,1014
66.0,3,0,830,1014
112.0,1,3,1,1014
13.0,8,0,815,1014
3.0,16,0,826,1014
12.0,10,0,846,1014
105.0,2,2,822,1014
0.0,19,0,847,1014
64.0,4,0,20,1014
6.0,13,0,807,1014
14.0,7,0,825,1014
120.0,2,2,822,1015
137.0,1,4,1,1015
78.0,4,0,830,1015
82.0,3,0,20,1015
57.0,5,0,844,1015
14.0,8,0,825,1015
6.0,15,0,807,1015
13.0,10,0,8,1015
4.0,16,0,840,1015
9.0,12,0,826,1015
32.0,6,0,842,1015
12.0,11,0,846,1015
13.0,9,0,815,1015
7.0,14,0,848,1015
0.0,18,0,841,1015
0.0,19,0,847,1015
0.0,20,0,9,1015
2.0,17,0,154,1015
8.0,13,0,817,1015
18.0,7,0,832,1015
133.0,2,2,822,1016
162.0,1,5,1,1016
88.0,4,0,830,1016
100.0,3,0,20,1016
72.0,5,0,844,1016
14.0,9,0,825,1016
12.0,13,0,807,1016
13.0,11,0,8,1016
6.0,16,0,840,1016
10.0,14,0,826,1016
36.0,6,0,842,1016
12.0,12,0,846,1016
13.0,10,0,815,1016
7.0,15,0,848,1016
0.0,18,0,841,1016
0.0,19,0,847,1016
0.0,20,0,9,1016
2.0,17,0,154,1016
16.0,8,0,817,1016
18.0,7,0,832,1016
0.0,19,0,847,1017
26.0,7,0,832,1017
19.0,8,0,8,1017
6.0,16,0,840,1017
151.0,2,2,822,1017
16.0,9,0,817,1017
2.0,17,0,154,1017
0.0,20,0,9,1017
0.0,18,0,841,1017
7.0,15,0,848,1017
13.0,13,0,815,1017
37.0,6,0,842,1017
14.0,12,0,846,1017
10.0,14,0,826,1017
14.0,11,0,825,1017
16.0,10,0,807,1017
87.0,5,0,844,1017
111.0,3,0,20,1017
100.0,4,0,830,1017
187.0,1,6,1,1017
166.0,2,2,822,1018
197.0,1,6,1,1018
126.0,3,1,830,1018
123.0,4,0,20,1018
105.0,5,0,844,1018
14.0,12,0,825,1018
16.0,11,0,807,1018
21.0,9,0,8,1018
6.0,16,0,840,1018
10.0,14,0,826,1018
43.0,6,0,842,1018
22.0,8,0,846,1018
13.0,13,0,815,1018
7.0,15,0,848,1018
1.0,18,0,841,1018
0.0,19,0,847,1018
0.0,20,0,9,1018
2.0,17,0,154,1018
16.0,10,0,817,1018
30.0,7,0,832,1018
184.0,2,2,822,1019
223.0,1,7,1,1019
136.0,3,1,830,1019
123.0,4,0,20,1019
120.0,5,0,844,1019
14.0,12,0,825,1019
17.0,11,0,807,1019
25.0,8,0,8,1019
6.0,16,0,840,1019
12.0,14,0,826,1019
55.0,6,0,842,1019
22.0,9,0,846,1019
13.0,13,0,815,1019
7.0,15,0,848,1019
1.0,18,0,841,1019
0.0,19,0,847,1019
0.0,20,0,9,1019
2.0,17,0,154,1019
22.0,10,0,817,1019
38.0,7,0,832,1019
48.0,7,0,832,1020
22.0,11,0,817,1020
8.0,17,0,154,1020
1.0,19,0,9,1020
13.0,16,0,815,1020
22.0,10,0,846,1020
55.0,6,0,842,1020
27.0,8,0,826,1020
18.0,12,0,840,1020
25.0,9,0,8,1020
225.0,1,7,1,1020
1.0,18,0,841,1020
184.0,2,2,822,1020
0.0,20,0,847,1020
15.0,15,0,848,1020
162.0,3,2,830,1020
141.0,4,0,20,1020
120.0,5,0,844,1020
18.0,13,0,825,1020
17.0,14,0,807,1020
188.0,2,2,822,1021
250.0,1,8,1,1021
181.0,3,2,830,1021
156.0,4,0,20,1021
132.0,5,0,844,1021
18.0,13,0,825,1021
17.0,14,0,807,1021
31.0,8,0,8,1021
18.0,12,0,840,1021
27.0,9,0,826,1021
63.0,6,0,842,1021
24.0,10,0,846,1021
13.0,16,0,815,1021
16.0,15,0,848,1021
1.0,18,0,841,1021
0.0,20,0,847,1021
1.0,19,0,9,1021
8.0,17,0,154,1021
22.0,11,0,817,1021
58.0,7,0,832,1021
203.0,2,2,822,1022
268.0,1,8,1,1022
181.0,3,2,830,1022
169.0,4,0,20,1022
157.0,5,1,844,1022
18.0,16,0,825,1022
21.0,14,0,807,1022
31.0,9,0,8,1022
19.0,15,0,840,1022
33.0,8,0,826,1022
65.0,6,0,842,1022
24.0,11,0,846,1022
21.0,13,0,815,1022
26.0,10,0,848,1022
1.0,18,0,841,1022
0.0,20,0,847,1022
1.0,19,0,9,1022
8.0,17,0,154,1022
22.0,12,0,817,1022
58.0,7,0,832,1022
221.0,2,2,822,1023
284.0,1,8,1,1023
185.0,3,2,830,1023
169.0,5,0,20,1023
182.0,4,2,844,1023
18.0,16,0,825,1023
31.0,11,0,807,1023
31.0,12,0,8,1023
19.0,15,0,840,1023
33.0,10,0,826,1023
65.0,6,0,842,1023
25.0,14,0,846,1023
27.0,13,0,815,1023
34.0,9,0,848,1023
3.0,18,0,841,1023
0.0,20,0,847,1023
1.0,19,0,9,1023
8.0,17,0,154,1023
34.0,8,0,817,1023
58.0,7,0,832,1023
231.0,2,2,822,1024
296.0,1,8,1,1024
200.0,4,2,830,1024
194.0,5,1,20,1024
200.0,3,2,844,1024
18.0,16,0,825,1024
33.0,11,0,807,1024
31.0,13,0,8,1024
19.0,15,0,840,1024
33.0,10,0,826,1024
69.0,6,0,842,1024
31.0,12,0,846,1024
27.0,14,0,815,1024
42.0,8,0,848,1024
4.0,18,0,841,1024
0.0,20,0,847,1024
1.0,19,0,9,1024
8.0,17,0,154,1024
34.0,9,0,817,1024
58.0,7,0,832,1024
249.0,2,2,822,1025
322.0,1,9,1,1025
212.0,4,2,830,1025
194.0,5,1,20,1025
215.0,3,2,844,1025
20.0,15,0,825,1025
34.0,11,0,807,1025
31.0,14,0,8,1025
19.0,16,0,840,1025
33.0,12,0,826,1025
69.0,6,0,842,1025
35.0,9,0,846,1025
33.0,13,0,815,1025
52.0,8,0,848,1025
4.0,18,0,841,1025
0.0,20,0,847,1025
1.0,19,0,9,1025
8.0,17,0,154,1025
34.0,10,0,817,1025
66.0,7,0,832,1025
76.0,6,0,832,1026
34.0,12,0,817,1026
8.0,17,0,154,1026
1.0,19,0,9,1026
0.0,20,0,847,1026
4.0,18,0,841,1026
64.0,8,0,848,1026
21.0,15,0,840,1026
31.0,14,0,8,1026
20.0,16,0,825,1026
212.0,5,1,20,1026
338.0,1,9,1,1026
274.0,2,3,822,1026
34.0,11,0,826,1026
212.0,4,2,830,1026
75.0,7,0,842,1026
35.0,10,0,846,1026
37.0,9,0,815,1026
223.0,3,2,844,1026
34.0,13,0,807,1026
76.0,7,0,832,1027
38.0,10,0,817,1027
8.0,17,0,154,1027
1.0,19,0,9,1027
0.0,20,0,847,1027
4.0,18,0,841,1027
74.0,8,0,848,1027
77.0,6,0,842,1027
21.0,15,0,840,1027
31.0,14,0,8,1027
20.0,16,0,825,1027
230.0,4,1,20,1027
363.0,1,10,1,1027
289.0,2,3,822,1027
34.0,13,0,826,1027
220.0,5,2,830,1027
35.0,12,0,846,1027
43.0,9,0,815,1027
236.0,3,2,844,1027
35.0,11,0,807,1027
314.0,2,4,822,1028
381.0,1,10,1,1028
235.0,4,2,830,1028
230.0,5,1,20,1028
249.0,3,2,844,1028
20.0,16,0,825,1028
37.0,12,0,807,1028
31.0,14,0,8,1028
21.0,15,0,840,1028
34.0,13,0,826,1028
77.0,8,0,842,1028
41.0,11,0,846,1028
44.0,10,0,815,1028
84.0,6,0,848,1028
4.0,18,0,841,1028
0.0,20,0,847,1028
1.0,19,0,9,1028
8.0,17,0,154,1028
46.0,9,0,817,1028
80.0,7,0,832,1028
314.0,2,4,822,1029
387.0,1,10,1,1029
260.0,3,3,830,1029
230.0,5,1,20,1029
249.0,4,2,844,1029
20.0,16,0,825,1029
37.0,13,0,807,1029
43.0,12,0,8,1029
21.0,15,0,840,1029
35.0,14,0,826,1029
95.0,6,0,842,1029
45.0,11,0,846,1029
46.0,10,0,815,1029
84.0,8,0,848,1029
14.0,17,0,841,1029
0.0,20,0,847,1029
1.0,19,0,9,1029
8.0,18,0,154,1029
54.0,9,0,817,1029
95.0,7,0,832,1029
326.0,2,4,822,1030
413.0,1,11,1,1030
278.0,3,3,830,1030
240.0,5,1,20,1030
264.0,4,2,844,1030
20.0,16,0,825,1030
37.0,14,0,807,1030
43.0,12,0,8,1030
21.0,15,0,840,1030
37.0,13,0,826,1030
95.0,7,0,842,1030
49.0,11,0,846,1030
52.0,10,0,815,1030
92.0,8,0,848,1030
14.0,17,0,841,1030
0.0,20,0,847,1030
1.0,19,0,9,1030
8.0,18,0,154,1030
54.0,9,0,817,1030
96.0,6,0,832,1030
52.0,3,0,830,1034
20.0,9,0,817,1034
20.0,8,0,840,1034
1.0,16,0,825,1034
0.0,20,0,154,1034
0.0,19,0,847,1034
0.0,18,0,8,1034
26.0,6,0,848,1034
1.0,15,0,826,1034
0.0,17,0,849,1034
10.0,13,0,20,1034
2.0,14,0,841,1034
12.0,11,0,839,1034
12.0,12,0,842,1034
22.0,7,0,815,1034
15.0,10,0,832,1034
88.0,1,3,1,1034
36.0,4,0,846,1034
33.0,5,0,844,1034
58.0,2,1,822,1034
57.0,7,0,844,1040
0.0,20,0,830,1031
0.0,18,0,840,1031
0.0,16,0,154,1031
0.0,14,0,8,1031
0.0,12,0,826,1031
161.0,2,2,822,1040
0.0,19,0,817,1031
0.0,17,0,825,1031
0.0,15,0,847,1031
0.0,13,0,848,1031
0.0,11,0,849,1031
1.0,10,0,20,1031
2.0,9,0,841,1031
4.0,8,0,839,1031
6.0,7,0,842,1031
8.0,6,0,815,1031
10.0,5,0,832,1031
12.0,4,0,1,1031
16.0,3,0,846,1031
18.0,2,0,844,1031
25.0,1,1,822,1031
43.0,1,1,822,1032
18.0,4,0,844,1032
26.0,3,0,846,1032
37.0,2,1,1,1032
13.0,7,0,832,1032
16.0,5,0,815,1032
6.0,9,0,842,1032
4.0,11,0,839,1032
2.0,13,0,841,1032
1.0,15,0,20,1032
0.0,16,0,849,1032
1.0,14,0,826,1032
12.0,8,0,848,1032
0.0,17,0,8,1032
0.0,20,0,847,1032
0.0,19,0,154,1032
0.0,18,0,825,1032
6.0,10,0,840,1032
4.0,12,0,817,1032
15.0,6,0,830,1032
33.0,3,0,830,1033
18.0,8,0,840,1033
0.0,19,0,154,1033
0.0,20,0,847,1033
22.0,5,0,848,1033
1.0,15,0,826,1033
9.0,10,0,20,1033
4.0,13,0,839,1033
22.0,6,0,815,1033
63.0,1,2,1,1033
18.0,7,0,844,1033
58.0,2,1,822,1033
15.0,9,0,832,1033
1.0,16,0,825,1033
26.0,4,0,846,1033
8.0,11,0,817,1033
6.0,12,0,842,1033
0.0,17,0,8,1033
0.0,18,0,849,1033
2.0,14,0,841,1033
0.0,21,0,807,1034
73.0,3,1,822,1035
45.0,4,0,844,1035
38.0,5,0,846,1035
107.0,1,3,1,1035
15.0,11,0,832,1035
22.0,8,0,815,1035
12.0,12,0,842,1035
16.0,10,0,839,1035
2.0,15,0,841,1035
10.0,13,0,20,1035
0.0,19,0,849,1035
2.0,16,0,826,1035
36.0,6,0,848,1035
0.0,18,0,8,1035
0.0,20,0,847,1035
0.0,21,0,154,1035
1.0,17,0,825,1035
28.0,7,0,840,1035
20.0,9,0,817,1035
77.0,2,1,830,1035
6.0,14,0,807,1035
89.0,3,1,822,1036
45.0,4,0,844,1036
39.0,7,0,846,1036
132.0,1,4,1,1036
23.0,9,0,832,1036
32.0,8,0,815,1036
14.0,13,0,842,1036
16.0,12,0,839,1036
2.0,15,0,841,1036
16.0,11,0,20,1036
0.0,19,0,849,1036
2.0,16,0,826,1036
40.0,6,0,848,1036
0.0,18,0,8,1036
0.0,20,0,847,1036
0.0,21,0,154,1036
1.0,17,0,825,1036
40.0,5,0,840,1036
20.0,10,0,817,1036
95.0,2,1,830,1036
6.0,14,0,807,1036
107.0,3,1,822,1037
45.0,5,0,844,1037
45.0,6,0,846,1037
157.0,1,5,1,1037
23.0,11,0,832,1037
33.0,9,0,815,1037
18.0,12,0,842,1037
26.0,10,0,839,1037
2.0,15,0,841,1037
16.0,13,0,20,1037
0.0,19,0,849,1037
2.0,16,0,826,1037
48.0,4,0,848,1037
0.0,18,0,8,1037
0.0,20,0,847,1037
0.0,21,0,154,1037
1.0,17,0,825,1037
42.0,7,0,840,1037
33.0,8,0,817,1037
110.0,2,1,830,1037
6.0,14,0,807,1037
117.0,2,1,822,1038
45.0,7,0,844,1038
57.0,5,0,846,1038
164.0,1,5,1,1038
41.0,9,0,832,1038
34.0,11,0,815,1038
43.0,8,1,842,1038
30.0,12,0,839,1038
2.0,16,0,841,1038
16.0,13,0,20,1038
0.0,18,0,849,1038
4.0,15,0,826,1038
48.0,6,0,848,1038
0.0,19,0,8,1038
0.0,21,0,847,1038
0.0,20,0,154,1038
1.0,17,0,825,1038
57.0,4,0,840,1038
41.0,10,0,817,1038
110.0,3,1,830,1038
6.0,14,0,807,1038
135.0,2,1,822,1039
49.0,8,0,844,1039
65.0,4,0,846,1039
190.0,1,6,1,1039
41.0,11,0,832,1039
44.0,9,0,815,1039
43.0,10,1,842,1039
30.0,12,0,839,1039
2.0,17,0,841,1039
17.0,13,0,20,1039
0.0,19,0,849,1039
10.0,14,0,826,1039
63.0,5,0,848,1039
2.0,16,0,8,1039
0.0,20,0,847,1039
0.0,21,0,154,1039
1.0,18,0,825,1039
57.0,6,0,840,1039
53.0,7,0,817,1039
110.0,3,1,830,1039
6.0,15,0,807,1039
65.0,4,0,846,1040
205.0,1,6,1,1040
41.0,11,0,832,1040
56.0,9,0,815,1040
45.0,10,1,842,1040
36.0,12,0,839,1040
2.0,17,0,841,1040
17.0,13,0,20,1040
0.0,19,0,849,1040
14.0,14,0,826,1040
64.0,5,0,848,1040
2.0,16,0,8,1040
0.0,20,0,847,1040
0.0,21,0,154,1040
1.0,18,0,825,1040
57.0,8,0,840,1040
63.0,6,0,817,1040
128.0,3,1,830,1040
6.0,15,0,807,1040
161.0,2,2,822,1041
63.0,8,0,844,1041
65.0,6,0,846,1041
230.0,1,7,1,1041
51.0,11,0,832,1041
68.0,5,0,815,1041
53.0,10,1,842,1041
36.0,12,0,839,1041
3.0,16,0,841,1041
17.0,13,0,20,1041
0.0,20,0,849,1041
14.0,14,0,826,1041
64.0,7,0,848,1041
2.0,17,0,8,1041
0.0,21,0,847,1041
2.0,18,0,154,1041
1.0,19,0,825,1041
57.0,9,0,840,1041
78.0,4,0,817,1041
147.0,3,1,830,1041
10.0,15,0,807,1041
179.0,2,2,822,1042
75.0,5,0,844,1042
65.0,7,0,846,1042
256.0,1,8,1,1042
59.0,10,0,832,1042
74.0,6,0,815,1042
63.0,9,1,842,1042
40.0,12,0,839,1042
3.0,16,0,841,1042
18.0,13,0,20,1042
0.0,20,0,849,1042
14.0,14,0,826,1042
64.0,8,0,848,1042
2.0,17,0,8,1042
0.0,21,0,847,1042
2.0,18,0,154,1042
1.0,19,0,825,1042
57.0,11,0,840,1042
80.0,4,0,817,1042
162.0,3,1,830,1042
10.0,15,0,807,1042
197.0,2,2,822,1043
85.0,5,0,844,1043
69.0,7,0,846,1043
282.0,1,9,1,1043
65.0,8,0,832,1043
82.0,6,0,815,1043
63.0,10,1,842,1043
40.0,12,0,839,1043
4.0,17,0,841,1043
18.0,14,0,20,1043
0.0,20,0,849,1043
26.0,13,0,826,1043
64.0,9,0,848,1043
4.0,16,0,8,1043
0.0,21,0,847,1043
2.0,18,0,154,1043
1.0,19,0,825,1043
57.0,11,0,840,1043
95.0,4,0,817,1043
162.0,3,1,830,1043
10.0,15,0,807,1043
197.0,2,2,822,1044
97.0,5,0,844,1044
74.0,8,0,846,1044
307.0,1,10,1,1044
75.0,7,0,832,1044
100.0,4,0,815,1044
63.0,10,1,842,1044
40.0,12,0,839,1044
4.0,17,0,841,1044
33.0,13,0,20,1044
0.0,20,0,849,1044
26.0,14,0,826,1044
70.0,9,0,848,1044
4.0,16,0,8,1044
0.0,21,0,847,1044
2.0,18,0,154,1044
1.0,19,0,825,1044
59.0,11,0,840,1044
96.0,6,0,817,1044
170.0,3,1,830,1044
10.0,15,0,807,1044
201.0,2,2,822,1045
98.0,6,0,844,1045
86.0,7,0,846,1045
332.0,1,11,1,1045
85.0,8,0,832,1045
100.0,5,0,815,1045
71.0,10,1,842,1045
42.0,12,0,839,1045
4.0,17,0,841,1045
33.0,13,0,20,1045
0.0,20,0,849,1045
26.0,14,0,826,1045
85.0,9,0,848,1045
4.0,16,0,8,1045
0.0,21,0,847,1045
2.0,18,0,154,1045
1.0,19,0,825,1045
59.0,11,0,840,1045
102.0,4,0,817,1045
189.0,3,1,830,1045
10.0,15,0,807,1045
205.0,2,2,822,1046
98.0,6,0,844,1046
87.0,9,0,846,1046
332.0,1,11,1,1046
97.0,7,0,832,1046
125.0,4,1,815,1046
71.0,11,1,842,1046
60.0,12,0,839,1046
4.0,17,0,841,1046
33.0,13,0,20,1046
0.0,21,0,849,1046
32.0,14,0,826,1046
93.0,8,0,848,1046
4.0,16,0,8,1046
3.0,18,0,847,1046
2.0,19,0,154,1046
1.0,20,0,825,1046
74.0,10,0,840,1046
112.0,5,0,817,1046
189.0,3,1,830,1046
10.0,15,0,807,1046
0.0,22,0,851,1046
0.0,23,0,850,1046
0.0,22,0,851,1047
10.0,15,0,807,1047
214.0,3,2,830,1047
119.0,5,0,817,1047
1.0,20,0,825,1047
3.0,18,0,847,1047
32.0,14,0,826,1047
33.0,13,0,20,1047
62.0,12,0,839,1047
125.0,4,1,815,1047
347.0,1,11,1,1047
105.0,6,0,832,1047
75.0,10,1,842,1047
2.0,19,0,154,1047
0.0,23,0,850,1047
4.0,17,0,841,1047
75.0,11,0,840,1047
97.0,9,0,846,1047
4.0,16,0,8,1047
105.0,7,0,848,1047
0.0,21,0,849,1047
98.0,8,0,844,1047
223.0,2,2,822,1047
0.0,20,0,9,1051
0.0,21,0,853,1051
77.0,10,0,4,1051
7.0,17,0,849,1051
92.0,9,0,842,1051
0.0,19,0,854,1051
43.0,12,0,20,1051
16.0,15,0,847,1051
60.0,11,1,839,1051
1.0,18,0,841,1051
10.0,16,0,8,1051
34.0,13,0,840,1051
20.0,14,0,852,1051
145.5,7,0,832,1051
105.0,8,1,817,1051
152.0,6,0,844,1051
190.0,4,1,815,1051
153.0,5,0,846,1051
203.0,3,1,822,1051
351.5,1,9,830,1051
343.5,2,7,1,1051
25.0,1,1,1,1052
18.0,2,0,830,1052
16.0,3,0,822,1052
12.0,4,0,846,1052
10.0,5,0,815,1052
8.0,6,0,844,1052
6.0,7,0,817,1052
4.0,8,0,832,1052
2.0,9,0,852,1052
1.0,10,0,840,1052
0.0,11,0,8,1052
0.0,12,0,841,1052
0.0,13,0,839,1052
0.0,14,0,847,1052
0.0,15,0,20,1052
0.0,16,0,854,1052
0.0,17,0,842,1052
0.0,18,0,849,1052
0.0,19,0,4,1052
0.0,20,0,853,1052
5.0,10,0,840,1053
10.0,8,0,815,1053
0.0,19,0,853,1053
1.0,13,0,4,1053
0.0,20,0,849,1053
6.0,9,0,842,1053
14.0,6,0,832,1053
20.0,4,0,844,1053
43.0,2,1,830,1053
0.0,17,0,20,1053
0.0,16,0,847,1053
0.0,18,0,854,1053
2.0,12,0,839,1053
0.0,15,0,841,1053
0.0,14,0,8,1053
2.0,11,0,852,1053
14.0,7,0,817,1053
27.0,3,0,846,1053
16.0,5,0,822,1053
44.0,1,1,1,1053
69.0,1,2,1,1054
61.0,2,1,830,1054
32.0,4,0,822,1054
37.0,3,0,846,1054
22.0,6,0,815,1054
28.0,5,0,844,1054
16.0,7,0,817,1054
14.0,8,0,832,1054
2.0,13,0,852,1054
5.0,11,0,840,1054
0.0,14,0,8,1054
0.0,15,0,841,1054
8.0,9,0,839,1054
0.0,17,0,847,1054
0.0,16,0,20,1054
0.0,18,0,854,1054
7.0,10,0,842,1054
0.0,20,0,849,1054
5.0,12,0,4,1054
0.0,19,0,853,1054
94.0,1,3,1,1055
80.0,2,1,830,1055
47.0,3,0,822,1055
41.0,4,0,846,1055
32.0,6,0,815,1055
40.0,5,0,844,1055
24.0,7,0,817,1055
20.0,8,0,832,1055
2.0,13,0,852,1055
5.0,11,0,840,1055
0.0,14,0,8,1055
0.0,15,0,841,1055
10.0,9,0,839,1055
0.0,17,0,847,1055
0.0,16,0,20,1055
0.0,18,0,854,1055
8.0,10,0,842,1055
0.0,19,0,849,1055
5.0,12,0,4,1055
0.0,20,0,853,1055
101.0,2,3,1,1056
105.0,1,2,830,1056
47.0,4,0,822,1056
56.0,3,0,846,1056
44.0,5,0,815,1056
40.0,6,0,844,1056
24.0,8,0,817,1056
38.0,7,0,832,1056
2.0,14,0,852,1056
9.0,12,0,840,1056
0.0,16,0,8,1056
1.0,15,0,841,1056
12.0,10,0,839,1056
0.0,17,0,847,1056
10.0,11,0,20,1056
0.0,19,0,854,1056
16.0,9,0,842,1056
0.0,18,0,849,1056
5.0,13,0,4,1056
0.0,20,0,853,1056
101.0,2,3,1,1057
105.0,1,2,830,1057
47.0,6,0,822,1057
66.0,4,0,846,1057
69.0,3,1,815,1057
52.0,5,0,844,1057
26.0,10,0,817,1057
42.0,7,0,832,1057
8.0,14,0,852,1057
9.0,13,0,840,1057
1.0,15,0,8,1057
1.0,16,0,841,1057
12.0,12,0,839,1057
0.0,18,0,847,1057
28.0,9,0,20,1057
0.0,17,0,854,1057
31.0,8,0,842,1057
0.0,20,0,849,1057
13.0,11,0,4,1057
0.0,19,0,853,1057
119.0,2,3,1,1059
131.0,1,3,830,1059
59.0,5,0,822,1059
76.0,4,0,846,1059
84.0,3,1,815,1059
52.0,6,0,844,1059
34.0,9,0,817,1059
42.0,7,0,832,1059
8.0,14,0,852,1059
10.0,13,0,840,1059
1.0,15,0,8,1059
1.0,16,0,841,1059
12.0,12,0,839,1059
0.0,17,0,847,1059
30.0,10,0,20,1059
0.0,18,0,854,1059
37.0,8,0,842,1059
0.0,20,0,849,1059
17.0,11,0,4,1059
0.0,19,0,853,1059
138.0,2,3,1,1058
156.0,1,4,830,1058
74.0,5,0,822,1058
86.0,4,0,846,1058
96.0,3,1,815,1058
58.0,6,0,844,1058
34.0,9,0,817,1058
50.0,7,0,832,1058
9.0,14,0,852,1058
14.0,12,0,840,1058
1.0,15,0,8,1058
1.0,16,0,841,1058
12.0,13,0,839,1058
0.0,17,0,847,1058
30.0,10,0,20,1058
0.0,18,0,854,1058
37.0,8,0,842,1058
0.0,20,0,849,1058
19.0,11,0,4,1058
0.0,19,0,853,1058
0.0,20,0,849,1060
39.0,9,0,842,1060
30.0,10,0,20,1060
0.0,17,0,847,1060
1.0,15,0,8,1060
60.0,7,0,832,1060
62.0,6,0,844,1060
104.0,3,1,815,1060
101.0,4,0,846,1060
182.0,1,5,830,1060
0.0,19,0,853,1060
20.0,11,0,4,1060
0.0,18,0,854,1060
92.0,5,0,822,1060
14.0,12,0,840,1060
12.0,13,0,839,1060
1.0,16,0,841,1060
9.0,14,0,852,1060
40.0,8,0,817,1060
150.0,2,3,1,1060
177.0,2,4,1,1061
185.0,1,5,830,1061
108.0,4,0,822,1061
113.0,3,0,846,1061
104.0,5,1,815,1061
80.0,6,0,844,1061
50.0,8,0,817,1061
68.0,7,0,832,1061
10.0,14,0,852,1061
18.0,12,0,840,1061
1.0,15,0,8,1061
1.0,16,0,841,1061
14.0,13,0,839,1061
0.0,17,0,847,1061
30.0,10,0,20,1061
0.0,18,0,854,1061
39.0,9,0,842,1061
0.0,19,0,849,1061
26.0,11,0,4,1061
0.0,20,0,853,1061
6.0,15,0,849,1062
50.0,8,0,842,1062
30.0,12,0,20,1062
4.0,16,0,847,1062
39.0,10,1,839,1062
2.0,17,0,8,1062
18.0,14,0,840,1062
50.0,9,0,817,1062
104.0,5,1,815,1062
108.0,4,0,822,1062
0.0,20,0,853,1062
38.0,11,0,4,1062
0.0,19,0,854,1062
18.0,13,0,852,1062
80.0,7,0,844,1062
187.0,2,5,830,1062
113.0,3,0,846,1062
1.0,18,0,841,1062
83.0,6,0,832,1062
195.0,1,4,1,1062
202.5,1,4,1,1063
199.5,2,6,830,1063
108.0,4,0,822,1063
113.0,3,0,846,1063
104.0,5,1,815,1063
82.0,7,0,844,1063
56.0,8,0,817,1063
83.5,6,0,832,1063
18.0,13,0,852,1063
18.0,14,0,840,1063
2.0,17,0,8,1063
1.0,18,0,841,1063
42.0,10,1,839,1063
13.0,15,0,847,1063
35.0,12,0,20,1063
0.0,19,0,854,1063
54.0,9,0,842,1063
7.0,16,0,849,1063
38.0,11,0,4,1063
0.0,20,0,853,1063
221.5,2,4,1,1064
224.5,1,7,830,1064
123.0,3,0,822,1064
114.0,4,0,846,1064
108.0,5,1,815,1064
92.0,6,0,844,1064
56.0,9,0,817,1064
89.5,7,0,832,1064
18.0,13,0,852,1064
18.0,14,0,840,1064
2.0,17,0,8,1064
1.0,18,0,841,1064
44.0,11,1,839,1064
13.0,15,0,847,1064
35.0,12,0,20,1064
0.0,19,0,854,1064
66.0,8,0,842,1064
7.0,16,0,849,1064
46.0,10,0,4,1064
0.0,20,0,853,1064
0.0,21,0,9,1064
221.5,2,4,1,1065
226.5,1,7,830,1065
141.0,3,0,822,1065
132.0,4,0,846,1065
118.0,5,1,815,1065
104.0,6,0,844,1065
83.0,8,1,817,1065
97.5,7,0,832,1065
18.0,14,0,852,1065
24.0,13,0,840,1065
2.0,17,0,8,1065
1.0,18,0,841,1065
45.0,11,1,839,1065
15.0,15,0,847,1065
35.0,12,0,20,1065
0.0,19,0,854,1065
66.0,9,0,842,1065
7.0,16,0,849,1065
50.0,10,0,4,1065
0.0,21,0,853,1065
0.0,20,0,9,1065
246.5,1,5,1,1066
244.5,2,7,830,1066
151.0,3,0,822,1066
139.0,4,0,846,1066
120.0,5,1,815,1066
104.0,7,0,844,1066
95.0,8,1,817,1066
112.5,6,0,832,1066
18.0,14,0,852,1066
24.0,13,0,840,1066
6.0,17,0,8,1066
1.0,18,0,841,1066
45.0,11,1,839,1066
16.0,15,0,847,1066
35.0,12,0,20,1066
0.0,19,0,854,1066
66.0,9,0,842,1066
7.0,16,0,849,1066
58.0,10,0,4,1066
0.0,21,0,853,1066
0.0,20,0,9,1066
256.5,2,5,1,1067
262.5,1,7,830,1067
177.0,3,1,822,1067
145.0,4,0,846,1067
135.0,5,1,815,1067
116.0,7,0,844,1067
95.0,8,1,817,1067
116.5,6,0,832,1067
18.0,14,0,852,1067
26.0,13,0,840,1067
6.0,17,0,8,1067
1.0,18,0,841,1067
46.0,11,1,839,1067
16.0,15,0,847,1067
35.0,12,0,20,1067
0.0,19,0,854,1067
74.0,9,0,842,1067
7.0,16,0,849,1067
58.0,10,0,4,1067
0.0,21,0,853,1067
0.0,20,0,9,1067
275.5,2,5,1,1069
287.5,1,8,830,1069
185.0,3,1,822,1069
149.0,5,0,846,1069
150.0,4,1,815,1069
128.0,6,0,844,1069
105.0,8,1,817,1069
122.5,7,0,832,1069
20.0,14,0,852,1069
26.0,13,0,840,1069
6.0,17,0,8,1069
1.0,18,0,841,1069
46.0,11,1,839,1069
16.0,15,0,847,1069
36.0,12,0,20,1069
0.0,19,0,854,1069
74.0,9,0,842,1069
7.0,16,0,849,1069
58.0,10,0,4,1069
0.0,21,0,853,1069
0.0,20,0,9,1069
293.5,2,5,1,1070
312.5,1,9,830,1070
185.0,3,1,822,1070
150.0,5,0,846,1070
165.0,4,1,815,1070
138.0,6,0,844,1070
105.0,8,1,817,1070
130.5,7,0,832,1070
20.0,14,0,852,1070
26.0,13,0,840,1070
10.0,16,0,8,1070
1.0,18,0,841,1070
46.0,11,1,839,1070
16.0,15,0,847,1070
42.0,12,0,20,1070
0.0,19,0,854,1070
86.0,9,0,842,1070
7.0,17,0,849,1070
60.0,10,0,4,1070
0.0,21,0,853,1070
0.0,20,0,9,1070
318.5,2,6,1,1071
332.5,1,9,830,1071
203.0,3,1,822,1071
151.0,5,0,846,1071
178.0,4,1,815,1071
148.0,6,0,844,1071
105.0,8,1,817,1071
139.5,7,0,832,1071
20.0,14,0,852,1071
26.0,13,0,840,1071
10.0,16,0,8,1071
1.0,18,0,841,1071
50.0,11,1,839,1071
16.0,15,0,847,1071
42.0,12,0,20,1071
0.0,19,0,854,1071
92.0,9,0,842,1071
7.0,17,0,849,1071
62.0,10,0,4,1071
0.0,21,0,853,1071
0.0,20,0,9,1071
369.5,2,8,1,1072
369.5,1,9,830,1072
218.0,3,1,822,1072
154.0,6,0,846,1072
190.0,4,1,815,1072
158.0,5,0,844,1072
115.0,8,1,817,1072
149.5,7,0,832,1072
20.0,14,0,852,1072
34.0,13,0,840,1072
10.0,16,0,8,1072
3.0,18,0,841,1072
72.0,11,1,839,1072
16.0,15,0,847,1072
43.0,12,0,20,1072
0.0,19,0,854,1072
100.0,9,0,842,1072
7.0,17,0,849,1072
77.0,10,0,4,1072
0.0,21,0,853,1072
0.0,20,0,9,1072
387.5,2,8,1,1073
395.5,1,10,830,1073
226.0,3,1,822,1073
160.0,6,0,846,1073
190.0,4,1,815,1073
159.0,7,0,844,1073
115.0,8,1,817,1073
164.5,5,0,832,1073
32.0,14,0,852,1073
34.0,13,0,840,1073
10.0,16,0,8,1073
3.0,18,0,841,1073
74.0,11,1,839,1073
16.0,15,0,847,1073
43.0,12,0,20,1073
0.0,19,0,854,1073
110.0,9,0,842,1073
7.0,17,0,849,1073
81.0,10,0,4,1073
0.0,21,0,853,1073
0.0,20,0,9,1073
0.0,20,0,842,1074
0.0,19,0,830,1074
0.0,18,0,815,1074
0.0,17,0,807,1074
0.0,16,0,849,1074
0.0,15,0,846,1074
0.0,14,0,817,1074
0.0,13,0,848,1074
0.0,12,0,840,1074
0.0,11,0,854,1074
1.0,10,0,855,1074
2.0,9,0,4,1074
4.0,8,0,852,1074
6.0,7,0,839,1074
8.0,6,0,822,1074
0.0,14,0,33,71
0.0,15,0,40,71
0.0,18,0,30,71
0.0,19,0,2,71
0.0,20,0,27,71
6.0,7,0,2,72
0.0,17,0,27,72
0.0,21,0,19,72
0.0,19,0,27,73
0.0,22,0,19,73
4.0,11,0,37,73
4.0,14,0,37,74
6.0,12,0,25,74
1.0,17,0,24,74
4.0,14,0,37,76
6.0,12,0,25,76
1.0,17,0,24,76
1.0,17,0,24,77
1.0,17,0,24,78
1.0,21,0,24,79
0.0,24,0,41,79
1.0,22,0,24,80
0.0,24,0,41,80
1.0,22,0,24,81
0.0,24,0,41,81
0.0,25,0,41,82
0.0,24,0,38,82
0.0,25,0,41,83
0.0,24,0,38,83
0.0,25,0,41,84
0.0,24,0,38,84
0.0,25,0,38,85
2.0,22,0,42,85
0.0,25,0,38,86
2.0,22,0,42,86
0.0,25,0,38,87
2.0,22,0,42,87
0.0,25,0,38,88
2.0,22,0,42,88
0.0,25,0,38,89
2.0,22,0,42,89
26.0,1,1,844,1074
18.0,2,0,832,1074
15.0,3,0,1,1074
12.0,4,0,847,1074
10.0,5,0,825,1074
45.0,1,1,844,1075
33.0,2,0,832,1075
16.0,5,0,1,1075
22.0,4,0,847,1075
12.0,8,0,825,1075
8.0,9,0,822,1075
14.0,6,0,839,1075
4.0,11,0,852,1075
2.0,13,0,4,1075
1.0,14,0,855,1075
0.0,15,0,854,1075
0.0,16,0,840,1075
0.0,18,0,848,1075
0.0,19,0,817,1075
6.0,10,0,846,1075
0.0,20,0,849,1075
0.0,17,0,807,1075
12.0,7,0,815,1075
25.0,3,1,830,1075
4.0,12,0,842,1075
71.0,1,2,844,1076
33.0,3,0,832,1076
28.0,5,0,1,1076
37.0,2,0,847,1076
12.0,9,0,825,1076
12.0,10,0,822,1076
20.0,7,0,839,1076
4.0,13,0,852,1076
2.0,14,0,4,1076
1.0,15,0,855,1076
0.0,17,0,854,1076
0.0,18,0,840,1076
1.0,16,0,848,1076
8.0,11,0,817,1076
16.0,8,0,846,1076
0.0,20,0,849,1076
0.0,19,0,807,1076
30.0,4,0,815,1076
25.0,6,1,830,1076
6.0,12,0,842,1076
0.0,21,0,20,1076
86.0,1,2,844,1077
38.0,5,0,832,1077
28.0,7,0,1,1077
49.0,4,0,847,1077
15.0,10,0,825,1077
24.0,8,0,822,1077
20.0,9,0,839,1077
10.0,12,0,852,1077
2.0,15,0,4,1077
1.0,16,0,855,1077
0.0,19,0,854,1077
1.0,18,0,840,1077
1.0,17,0,848,1077
11.0,11,0,817,1077
35.0,6,0,846,1077
0.0,21,0,849,1077
0.0,20,0,807,1077
54.0,3,0,815,1077
59.0,2,2,830,1077
6.0,13,0,842,1077
4.0,14,0,20,1077
104.0,1,2,844,1078
53.0,5,0,832,1078
36.0,6,0,1,1078
59.0,4,0,847,1078
15.0,10,0,825,1078
30.0,8,0,822,1078
24.0,9,0,839,1078
10.0,12,0,852,1078
2.0,16,0,4,1078
1.0,18,0,855,1078
0.0,19,0,854,1078
2.0,17,0,840,1078
3.0,15,0,848,1078
11.0,11,0,817,1078
35.0,7,0,846,1078
0.0,21,0,849,1078
0.0,20,0,807,1078
66.0,3,0,815,1078
85.0,2,3,830,1078
6.0,13,0,842,1078
4.0,14,0,20,1078
104.0,2,2,844,1079
65.0,5,0,832,1079
46.0,6,0,1,1079
74.0,4,0,847,1079
15.0,10,0,825,1079
38.0,8,0,822,1079
30.0,9,0,839,1079
11.0,11,0,852,1079
4.0,15,0,4,1079
1.0,18,0,855,1079
0.0,19,0,854,1079
2.0,17,0,840,1079
3.0,16,0,848,1079
11.0,12,0,817,1079
39.0,7,0,846,1079
0.0,21,0,849,1079
0.0,20,0,807,1079
85.0,3,0,815,1079
110.0,1,4,830,1079
6.0,13,0,842,1079
4.0,14,0,20,1079
116.0,2,2,844,1080
83.0,5,0,832,1080
50.0,6,0,1,1080
84.0,4,0,847,1080
15.0,10,0,825,1080
40.0,8,0,822,1080
30.0,9,0,839,1080
11.0,12,0,852,1080
10.0,13,0,4,1080
1.0,18,0,855,1080
0.0,19,0,854,1080
2.0,17,0,840,1080
3.0,16,0,848,1080
11.0,11,0,817,1080
48.0,7,0,846,1080
0.0,21,0,849,1080
0.0,20,0,807,1080
110.0,3,1,815,1080
125.0,1,4,830,1080
6.0,14,0,842,1080
5.0,15,0,20,1080
116.0,3,2,844,1081
83.0,5,0,832,1081
62.0,6,0,1,1081
99.0,4,0,847,1081
15.0,12,0,825,1081
40.0,8,0,822,1081
31.0,9,0,839,1081
11.0,15,0,852,1081
16.0,11,0,4,1081
1.0,18,0,855,1081
0.0,19,0,854,1081
2.0,17,0,840,1081
3.0,16,0,848,1081
15.0,13,0,817,1081
50.0,7,0,846,1081
0.0,21,0,849,1081
0.0,20,0,807,1081
129.0,2,1,815,1081
150.0,1,5,830,1081
16.0,10,0,842,1081
13.0,14,0,20,1081
13.0,14,0,20,1082
175.0,1,6,830,1082
129.0,2,1,815,1082
0.0,20,0,807,1082
0.0,21,0,849,1082
3.0,17,0,848,1082
3.0,18,0,840,1082
5.0,16,0,855,1082
18.0,10,0,4,1082
11.0,15,0,852,1082
102.0,5,0,832,1082
77.0,6,0,1,1082
111.0,4,0,847,1082
15.0,12,0,825,1082
46.0,8,0,822,1082
16.0,11,0,842,1082
39.0,9,0,839,1082
15.0,13,0,817,1082
126.0,3,2,844,1082
50.0,7,0,846,1082
0.0,19,0,854,1082
138.0,3,2,844,1083
127.0,4,1,832,1083
93.0,6,0,1,1083
111.0,5,0,847,1083
16.0,12,0,825,1083
46.0,8,0,822,1083
39.0,9,0,839,1083
11.0,15,0,852,1083
28.0,10,0,4,1083
5.0,16,0,855,1083
4.0,17,0,854,1083
3.0,19,0,840,1083
3.0,18,0,848,1083
15.0,14,0,817,1083
58.0,7,0,846,1083
0.0,20,0,849,1083
0.0,21,0,807,1083
147.0,2,1,815,1083
181.0,1,6,830,1083
16.0,11,0,842,1083
15.0,13,0,20,1083
170.0,2,3,844,1084
133.0,4,1,832,1084
109.0,6,0,1,1084
128.0,5,0,847,1084
22.0,11,0,825,1084
46.0,9,0,822,1084
52.0,8,0,839,1084
11.0,16,0,852,1084
29.0,10,0,4,1084
5.0,17,0,855,1084
12.0,15,0,854,1084
3.0,19,0,840,1084
3.0,18,0,848,1084
17.0,12,0,817,1084
64.0,7,0,846,1084
0.0,20,0,849,1084
0.0,21,0,807,1084
151.0,3,1,815,1084
208.0,1,6,830,1084
16.0,13,0,842,1084
15.0,14,0,20,1084
170.0,2,3,844,1085
144.0,4,1,832,1085
127.0,6,0,1,1085
143.0,5,0,847,1085
22.0,11,0,825,1085
46.0,9,0,822,1085
56.0,8,0,839,1085
11.0,16,0,852,1085
37.0,10,0,4,1085
5.0,17,0,855,1085
12.0,15,0,854,1085
4.0,18,0,840,1085
3.0,19,0,848,1085
19.0,12,0,817,1085
70.0,7,0,846,1085
0.0,20,0,849,1085
0.0,21,0,807,1085
163.0,3,1,815,1085
233.0,1,7,830,1085
16.0,13,0,842,1085
15.0,14,0,20,1085
178.0,2,3,844,1086
156.0,5,1,832,1086
146.0,6,0,1,1086
158.0,4,0,847,1086
22.0,11,0,825,1086
46.0,9,0,822,1086
58.0,8,0,839,1086
11.0,16,0,852,1086
41.0,10,0,4,1086
5.0,17,0,855,1086
12.0,15,0,854,1086
4.0,18,0,840,1086
3.0,19,0,848,1086
19.0,12,0,817,1086
76.0,7,0,846,1086
0.0,20,0,849,1086
0.0,21,0,807,1086
173.0,3,1,815,1086
258.0,1,8,830,1086
16.0,13,0,842,1086
16.0,14,0,20,1086
186.0,3,3,844,1087
171.0,4,1,832,1087
146.0,6,0,1,1087
170.0,5,0,847,1087
22.0,11,0,825,1087
46.0,10,0,822,1087
64.0,8,0,839,1087
11.0,16,0,852,1087
51.0,9,0,4,1087
5.0,17,0,855,1087
12.0,15,0,854,1087
4.0,19,0,840,1087
4.0,18,0,848,1087
19.0,13,0,817,1087
76.0,7,0,846,1087
0.0,20,0,849,1087
0.0,21,0,807,1087
191.0,2,1,815,1087
284.0,1,9,830,1087
18.0,14,0,842,1087
20.0,12,0,20,1087
201.0,2,3,844,1088
175.0,5,1,832,1088
158.0,6,0,1,1088
188.0,4,0,847,1088
22.0,11,0,825,1088
46.0,10,0,822,1088
66.0,8,0,839,1088
11.0,16,0,852,1088
59.0,9,0,4,1088
5.0,17,0,855,1088
12.0,15,0,854,1088
5.0,18,0,840,1088
4.0,19,0,848,1088
19.0,13,0,817,1088
82.0,7,0,846,1088
0.0,20,0,849,1088
0.0,21,0,807,1088
201.0,3,1,815,1088
310.0,1,10,830,1088
18.0,14,0,842,1088
20.0,12,0,20,1088
219.0,2,3,844,1089
187.0,5,1,832,1089
168.0,6,0,1,1089
203.0,4,0,847,1089
22.0,12,0,825,1089
46.0,10,0,822,1089
66.0,8,0,839,1089
11.0,16,0,852,1089
59.0,9,0,4,1089
6.0,17,0,855,1089
12.0,15,0,854,1089
5.0,18,0,840,1089
4.0,19,0,848,1089
19.0,14,0,817,1089
88.0,7,0,846,1089
0.0,21,0,849,1089
0.0,22,0,807,1089
210.0,3,1,815,1089
335.0,1,11,830,1089
22.0,11,0,842,1089
20.0,13,0,20,1089
2.0,20,0,856,1089
237.0,2,3,844,1091
202.0,5,1,832,1091
170.0,6,0,1,1091
203.0,4,0,847,1091
22.0,14,0,825,1091
46.0,10,0,822,1091
66.0,8,0,839,1091
11.0,17,0,852,1091
59.0,9,0,4,1091
6.0,18,0,855,1091
12.0,16,0,854,1091
13.0,15,0,840,1091
4.0,19,0,848,1091
29.0,11,0,817,1091
100.0,7,0,846,1091
0.0,21,0,849,1091
0.0,22,0,807,1091
235.0,3,2,815,1091
341.0,1,11,830,1091
23.0,13,0,842,1091
24.0,12,0,20,1091
2.0,20,0,856,1091
2.0,21,0,856,1092
32.0,11,0,20,1092
23.0,13,0,842,1092
366.0,1,12,830,1092
253.0,2,2,815,1092
0.0,22,0,807,1092
2.0,20,0,849,1092
101.0,7,0,846,1092
29.0,12,0,817,1092
4.0,19,0,848,1092
202.0,5,1,832,1092
180.0,6,0,1,1092
207.0,4,0,847,1092
22.0,14,0,825,1092
46.0,10,0,822,1092
78.0,8,0,839,1092
11.0,17,0,852,1092
65.0,9,0,4,1092
6.0,18,0,855,1092
12.0,16,0,854,1092
13.0,15,0,840,1092
252.0,3,3,844,1092
2.0,21,0,856,1093
36.0,11,0,20,1093
391.0,1,13,830,1093
265.0,3,2,815,1093
2.0,20,0,849,1093
29.0,12,0,817,1093
4.0,19,0,848,1093
12.0,16,0,854,1093
6.0,18,0,855,1093
71.0,9,0,4,1093
78.0,8,0,839,1093
46.0,10,0,822,1093
218.0,4,0,847,1093
202.0,5,1,832,1093
12.0,17,0,852,1093
13.0,15,0,840,1093
23.0,14,0,842,1093
198.0,6,0,1,1093
24.0,13,0,825,1093
0.0,22,0,807,1093
109.0,7,0,846,1093
267.0,2,3,844,1093
290.0,2,3,844,1095
2.0,21,0,856,1094
36.0,11,0,20,1094
23.0,14,0,842,1094
416.0,1,14,830,1094
280.0,2,2,815,1094
0.0,22,0,807,1094
2.0,20,0,849,1094
111.0,7,0,846,1094
35.0,12,0,817,1094
4.0,19,0,848,1094
212.0,6,1,832,1094
216.0,5,0,1,1094
231.0,4,0,847,1094
24.0,13,0,825,1094
47.0,10,0,822,1094
82.0,8,0,839,1094
12.0,17,0,852,1094
71.0,9,0,4,1094
6.0,18,0,855,1094
12.0,16,0,854,1094
13.0,15,0,840,1094
275.0,3,3,844,1094
234.0,6,1,832,1095
240.0,5,0,1,1095
265.0,4,1,847,1095
25.0,13,0,825,1095
49.0,10,0,822,1095
86.0,8,0,839,1095
12.0,17,0,852,1095
81.0,9,0,4,1095
6.0,18,0,855,1095
12.0,16,0,854,1095
14.0,15,0,840,1095
4.0,19,0,848,1095
35.0,12,0,817,1095
113.0,7,0,846,1095
2.0,20,0,849,1095
0.0,22,0,807,1095
290.0,3,2,815,1095
429.0,1,14,830,1095
23.0,14,0,842,1095
36.0,11,0,20,1095
2.0,21,0,856,1095
308.0,2,3,844,1096
246.0,5,1,832,1096
240.0,6,0,1,1096
275.0,4,1,847,1096
25.0,13,0,825,1096
49.0,10,0,822,1096
92.0,8,0,839,1096
12.0,17,0,852,1096
81.0,9,0,4,1096
6.0,18,0,855,1096
12.0,16,0,854,1096
18.0,15,0,840,1096
4.0,19,0,848,1096
37.0,11,0,817,1096
122.0,7,0,846,1096
2.0,20,0,849,1096
0.0,22,0,807,1096
305.0,3,2,815,1096
454.0,1,15,830,1096
23.0,14,0,842,1096
37.0,12,0,20,1096
2.0,21,0,856,1096
0.0,20,0,857,1098
0.0,19,0,844,1098
0.0,18,0,839,1098
0.0,17,0,846,1098
0.0,16,0,855,1098
0.0,15,0,807,1098
0.0,14,0,856,1098
0.0,13,0,825,1098
0.0,12,0,858,1098
0.0,11,0,852,1098
1.0,10,0,848,1098
2.0,9,0,842,1098
4.0,8,0,822,1098
6.0,7,0,847,1098
8.0,6,0,840,1098
10.0,5,0,1,1098
12.0,4,0,832,1098
15.0,3,0,4,1098
18.0,2,0,815,1098
25.0,1,1,830,1098
4.0,10,0,839,1099
0.0,17,0,855,1099
0.0,15,0,807,1099
0.0,18,0,856,1099
0.0,16,0,858,1099
0.0,14,0,852,1099
4.0,11,0,842,1099
4.0,9,0,822,1099
18.0,6,0,847,1099
8.0,7,0,840,1099
20.0,4,0,832,1099
43.0,2,1,815,1099
0.0,20,0,846,1099
0.0,19,0,857,1099
6.0,8,0,844,1099
30.0,3,0,4,1099
20.0,5,0,1,1099
1.0,13,0,848,1099
1.0,12,0,825,1099
44.0,1,1,830,1099
69.0,1,2,830,1100
54.0,2,1,815,1100
45.0,3,0,4,1100
20.0,5,0,832,1100
38.0,4,0,1,1100
20.0,6,0,840,1100
18.0,7,0,847,1100
4.0,11,0,822,1100
4.0,14,0,842,1100
1.0,18,0,848,1100
1.0,16,0,852,1100
0.0,19,0,858,1100
1.0,17,0,825,1100
0.0,20,0,856,1100
6.0,9,0,807,1100
2.0,15,0,855,1100
8.0,8,0,846,1100
4.0,12,0,839,1100
6.0,10,0,844,1100
4.0,13,0,857,1100
93.0,1,2,830,1101
87.0,2,2,815,1101
60.0,3,0,4,1101
34.0,5,0,832,1101
48.0,4,0,1,1101
27.0,8,0,840,1101
28.0,7,0,847,1101
4.0,12,0,822,1101
4.0,14,0,842,1101
1.0,17,0,848,1101
2.0,16,0,852,1101
0.0,19,0,858,1101
1.0,18,0,825,1101
0.0,20,0,856,1101
6.0,10,0,807,1101
2.0,15,0,855,1101
10.0,9,0,846,1101
4.0,13,0,839,1101
28.0,6,0,844,1101
4.0,11,0,857,1101
119.0,1,3,830,1102
105.0,2,2,815,1102
75.0,3,0,4,1102
44.0,5,0,832,1102
56.0,4,0,1,1102
27.0,8,0,840,1102
40.0,6,0,847,1102
4.0,13,0,822,1102
8.0,10,0,842,1102
1.0,18,0,848,1102
2.0,16,0,852,1102
0.0,19,0,858,1102
2.0,17,0,825,1102
0.0,20,0,856,1102
6.0,11,0,807,1102
2.0,15,0,855,1102
10.0,9,0,846,1102
6.0,12,0,839,1102
34.0,7,0,844,1102
4.0,14,0,857,1102
144.0,1,4,830,1104
105.0,2,2,815,1104
93.0,3,0,4,1104
48.0,6,0,832,1104
69.0,4,0,1,1104
27.0,8,0,840,1104
50.0,5,0,847,1104
4.0,14,0,822,1104
14.0,10,0,842,1104
1.0,18,0,848,1104
2.0,16,0,852,1104
0.0,20,0,858,1104
2.0,17,0,825,1104
0.0,19,0,856,1104
6.0,12,0,807,1104
2.0,15,0,855,1104
12.0,11,0,846,1104
21.0,9,0,839,1104
42.0,7,0,844,1104
5.0,13,0,857,1104
170.0,1,5,830,1105
117.0,2,2,815,1105
99.0,3,0,4,1105
58.0,6,0,832,1105
87.0,4,0,1,1105
35.0,8,0,840,1105
65.0,5,0,847,1105
4.0,14,0,822,1105
15.0,10,0,842,1105
1.0,18,0,848,1105
2.0,16,0,852,1105
0.0,20,0,858,1105
2.0,17,0,825,1105
0.0,19,0,856,1105
6.0,12,0,807,1105
4.0,15,0,855,1105
12.0,11,0,846,1105
25.0,9,0,839,1105
42.0,7,0,844,1105
5.0,13,0,857,1105
29.0,9,0,839,1106
12.0,11,0,846,1106
4.0,16,0,855,1106
6.0,13,0,807,1106
0.0,19,0,856,1106
2.0,18,0,825,1106
0.0,20,0,858,1106
2.0,17,0,852,1106
7.0,12,0,848,1106
15.0,10,0,842,1106
5.0,15,0,822,1106
65.0,6,0,847,1106
37.0,8,0,840,1106
102.0,4,0,1,1106
68.0,5,0,832,1106
117.0,3,0,4,1106
126.0,2,2,815,1106
195.0,1,6,830,1106
54.0,7,0,844,1106
5.0,14,0,857,1106
5.0,14,0,857,1107
72.0,6,0,844,1107
31.0,9,0,839,1107
24.0,10,0,846,1107
4.0,16,0,855,1107
9.0,12,0,807,1107
0.0,20,0,856,1107
2.0,18,0,825,1107
2.0,17,0,852,1107
16.0,11,0,842,1107
72.0,7,0,847,1107
44.0,8,0,840,1107
82.0,5,0,832,1107
148.0,2,2,815,1107
131.0,3,0,4,1107
106.0,4,0,1,1107
7.0,13,0,848,1107
229.0,1,7,830,1107
5.0,15,0,822,1107
0.0,19,0,858,1107
255.0,1,8,830,1108
156.0,2,2,815,1108
137.0,3,0,4,1108
83.0,5,0,832,1108
121.0,4,0,1,1108
44.0,8,0,840,1108
82.0,6,0,847,1108
5.0,15,0,822,1108
16.0,12,0,842,1108
11.0,13,0,848,1108
2.0,17,0,852,1108
0.0,19,0,858,1108
2.0,18,0,825,1108
0.0,20,0,856,1108
9.0,14,0,807,1108
4.0,16,0,855,1108
42.0,9,0,846,1108
31.0,10,0,839,1108
74.0,7,0,844,1108
17.0,11,0,857,1108
281.0,1,9,830,1109
171.0,2,2,815,1109
139.0,3,0,4,1109
87.0,6,0,832,1109
133.0,4,0,1,1109
45.0,9,0,840,1109
90.0,5,0,847,1109
5.0,15,0,822,1109
16.0,12,0,842,1109
11.0,13,0,848,1109
2.0,17,0,852,1109
0.0,19,0,858,1109
2.0,18,0,825,1109
0.0,20,0,856,1109
9.0,14,0,807,1109
4.0,16,0,855,1109
60.0,8,0,846,1109
31.0,10,0,839,1109
80.0,7,0,844,1109
27.0,11,0,857,1109
0.0,21,0,817,1109
314.0,1,10,830,1110
189.0,2,2,815,1110
149.0,3,0,4,1110
92.0,7,0,832,1110
148.0,4,0,1,1110
47.0,9,0,840,1110
99.0,6,0,847,1110
5.0,15,0,822,1110
22.0,12,0,842,1110
11.0,13,0,848,1110
3.0,17,0,852,1110
0.0,19,0,858,1110
2.0,18,0,825,1110
0.0,20,0,856,1110
9.0,14,0,807,1110
4.0,16,0,855,1110
69.0,8,0,846,1110
35.0,10,0,839,1110
99.0,5,0,844,1110
34.0,11,0,857,1110
0.0,21,0,817,1110
339.0,1,11,830,1111
201.0,2,2,815,1111
168.0,3,0,4,1111
102.0,5,0,832,1111
156.0,4,0,1,1111
47.0,9,0,840,1111
99.0,7,0,847,1111
5.0,15,0,822,1111
37.0,10,0,842,1111
15.0,13,0,848,1111
3.0,17,0,852,1111
0.0,19,0,858,1111
2.0,18,0,825,1111
0.0,20,0,856,1111
9.0,14,0,807,1111
4.0,16,0,855,1111
75.0,8,0,846,1111
36.0,11,0,839,1111
99.0,6,0,844,1111
36.0,12,0,857,1111
0.0,21,0,817,1111
0.0,22,0,859,1111
111.0,6,0,844,1112
36.0,11,0,839,1112
79.0,8,0,846,1112
4.0,16,0,855,1112
9.0,14,0,807,1112
0.0,21,0,856,1112
2.0,18,0,825,1112
0.0,19,0,858,1112
3.0,17,0,852,1112
21.0,13,0,848,1112
37.0,10,0,842,1112
6.0,15,0,822,1112
109.0,7,0,847,1112
47.0,9,0,840,1112
164.0,4,0,1,1112
117.0,5,0,832,1112
170.0,3,0,4,1112
219.0,2,2,815,1112
364.0,1,12,830,1112
36.0,12,0,857,1112
0.0,22,0,817,1112
0.0,20,0,859,1112
123.0,6,0,844,1113
36.0,12,0,839,1113
97.0,8,0,846,1113
4.0,16,0,855,1113
9.0,14,0,807,1113
0.0,21,0,856,1113
3.0,18,0,825,1113
0.0,20,0,858,1113
3.0,17,0,852,1113
21.0,13,0,848,1113
45.0,10,0,842,1113
6.0,15,0,822,1113
109.0,7,0,847,1113
47.0,9,0,840,1113
180.0,3,0,1,1113
142.0,5,1,832,1113
170.0,4,0,4,1113
223.0,2,2,815,1113
374.0,1,12,830,1113
42.0,11,0,857,1113
0.0,22,0,817,1113
2.0,19,0,859,1113
400.0,1,13,830,1114
223.0,2,2,815,1114
174.0,4,0,4,1114
150.0,5,1,832,1114
190.0,3,0,1,1114
47.0,10,0,840,1114
115.0,8,0,847,1114
6.0,15,0,822,1114
46.0,11,0,842,1114
21.0,13,0,848,1114
3.0,17,0,852,1114
0.0,20,0,858,1114
3.0,18,0,825,1114
0.0,21,0,856,1114
9.0,14,0,807,1114
4.0,16,0,855,1114
115.0,7,0,846,1114
38.0,12,0,839,1114
135.0,6,0,844,1114
57.0,9,0,857,1114
0.0,22,0,817,1114
2.0,19,0,859,1114
2.0,19,0,859,1115
0.0,22,0,817,1115
83.0,9,0,857,1115
44.0,12,0,839,1115
136.0,7,0,846,1115
6.0,16,0,855,1115
9.0,15,0,807,1115
0.0,20,0,858,1115
23.0,13,0,848,1115
46.0,11,0,842,1115
132.0,8,0,847,1115
194.0,3,0,1,1115
224.0,2,2,815,1115
47.0,10,0,840,1115
153.0,5,1,832,1115
145.0,6,0,844,1115
10.0,14,0,822,1115
3.0,18,0,825,1115
3.0,17,0,852,1115
433.0,1,14,830,1115
0.0,21,0,856,1115
183.0,4,0,4,1115
2.0,19,0,859,1116
0.0,22,0,817,1116
83.0,9,0,857,1116
151.0,7,0,844,1116
44.0,12,0,839,1116
159.0,6,0,846,1116
6.0,17,0,855,1116
0.0,21,0,856,1116
1.0,20,0,858,1116
56.0,10,0,842,1116
143.0,8,0,847,1116
201.0,3,0,1,1116
240.0,2,2,815,1116
25.0,13,0,848,1116
53.0,11,0,840,1116
171.0,5,1,832,1116
10.0,14,0,822,1116
3.0,18,0,825,1116
8.0,16,0,852,1116
466.0,1,15,830,1116
9.0,15,0,807,1116
183.0,4,0,4,1116
491.0,1,16,830,1117
240.0,2,2,815,1117
183.0,5,0,4,1117
183.0,4,1,832,1117
220.0,3,0,1,1117
53.0,11,0,840,1117
151.0,8,0,847,1117
10.0,14,0,822,1117
56.0,10,0,842,1117
27.0,13,0,848,1117
8.0,16,0,852,1117
1.0,21,0,858,1117
3.0,19,0,825,1117
0.0,22,0,856,1117
9.0,15,0,807,1117
6.0,18,0,855,1117
169.0,6,0,846,1117
45.0,12,0,839,1117
166.0,7,0,844,1117
87.0,9,0,857,1117
6.0,17,0,817,1117
2.0,20,0,859,1117
524.0,1,17,830,1118
258.0,2,2,815,1118
198.0,4,0,4,1118
192.0,6,1,832,1118
226.0,3,0,1,1118
63.0,10,0,840,1118
156.0,8,0,847,1118
10.0,15,0,822,1118
62.0,11,0,842,1118
27.0,13,0,848,1118
13.0,14,0,852,1118
1.0,21,0,858,1118
3.0,19,0,825,1118
0.0,22,0,856,1118
9.0,16,0,807,1118
6.0,18,0,855,1118
195.0,5,0,846,1118
46.0,12,0,839,1118
170.0,7,0,844,1118
87.0,9,0,857,1118
6.0,17,0,817,1118
2.0,20,0,859,1118
6.0,17,0,817,1119
89.0,9,0,857,1119
188.0,7,0,844,1119
58.0,12,0,839,1119
195.0,6,0,846,1119
6.0,18,0,855,1119
9.0,16,0,807,1119
0.0,22,0,856,1119
3.0,19,0,825,1119
1.0,21,0,858,1119
13.0,14,0,852,1119
27.0,13,0,848,1119
62.0,11,0,842,1119
10.0,15,0,822,1119
160.0,8,0,847,1119
73.0,10,0,840,1119
232.0,3,0,1,1119
200.0,4,1,832,1119
200.0,5,0,4,1119
273.0,2,2,815,1119
549.0,1,18,830,1119
2.0,20,0,859,1119
575.0,1,19,830,1120
285.0,2,2,815,1120
206.0,4,0,4,1120
200.0,7,1,832,1120
234.0,3,0,1,1120
74.0,10,0,840,1120
175.0,8,0,847,1120
10.0,15,0,822,1120
62.0,11,0,842,1120
27.0,13,0,848,1120
17.0,14,0,852,1120
1.0,21,0,858,1120
3.0,19,0,825,1120
0.0,22,0,856,1120
9.0,16,0,807,1120
6.0,18,0,855,1120
205.0,6,0,846,1120
58.0,12,0,839,1120
206.0,5,0,844,1120
97.0,9,0,857,1120
6.0,17,0,817,1120
2.0,20,0,859,1120
0.0,17,0,839,1121
0.0,16,0,807,1121
0.0,15,0,848,1121
0.0,14,0,852,1121
0.0,13,0,817,1121
0.0,12,0,825,1121
0.0,11,0,855,1121
1.0,10,0,840,1121
2.0,9,0,4,1121
4.0,8,0,857,1121
6.0,7,0,1,1121
8.0,6,0,846,1121
10.0,5,0,847,1121
12.0,4,0,844,1121
15.0,3,0,832,1121
18.0,2,0,815,1121
26.0,1,1,830,1121
0.0,18,0,842,1121
0.0,19,0,822,1121
0.0,20,0,858,1121
51.0,1,2,830,1122
36.0,2,0,815,1122
15.0,6,0,832,1122
28.0,3,0,844,1122
18.0,4,0,847,1122
12.0,8,0,846,1122
8.0,9,0,1,1122
16.0,5,0,857,1122
12.0,7,0,4,1122
1.0,12,0,840,1122
0.0,14,0,855,1122
0.0,15,0,825,1122
0.0,16,0,817,1122
0.0,18,0,852,1122
0.0,13,0,848,1122
1.0,11,0,807,1122
0.0,17,0,839,1122
0.0,21,0,842,1122
0.0,20,0,822,1122
0.0,19,0,858,1122
6.0,10,0,860,1122
6.0,12,0,860,1123
0.0,20,0,822,1123
0.0,19,0,842,1123
0.0,18,0,839,1123
3.0,13,0,807,1123
0.0,15,0,848,1123
6.0,11,0,852,1123
0.0,17,0,817,1123
1.0,14,0,825,1123
0.0,16,0,855,1123
28.0,5,0,857,1123
8.0,10,0,1,1123
46.0,3,0,815,1123
16.0,8,0,4,1123
9.0,9,0,840,1123
51.0,1,2,830,1123
0.0,21,0,858,1123
27.0,6,0,846,1123
18.0,7,0,847,1123
47.0,2,0,844,1123
40.0,4,1,832,1123
77.0,1,3,830,1124
64.0,2,0,815,1124
55.0,4,1,832,1124
59.0,3,0,844,1124
24.0,7,0,847,1124
37.0,5,0,846,1124
10.0,9,0,1,1124
32.0,6,0,857,1124
24.0,8,0,4,1124
9.0,10,0,840,1124
0.0,16,0,855,1124
1.0,14,0,825,1124
0.0,17,0,817,1124
7.0,11,0,852,1124
0.0,15,0,848,1124
3.0,13,0,807,1124
0.0,18,0,839,1124
0.0,19,0,842,1124
0.0,20,0,822,1124
0.0,21,0,858,1124
6.0,12,0,860,1124
110.0,1,4,830,1125
85.0,2,0,815,1125
69.0,4,1,832,1125
76.0,3,0,844,1125
33.0,7,0,847,1125
58.0,5,0,846,1125
19.0,9,0,1,1125
38.0,6,0,857,1125
31.0,8,0,4,1125
9.0,10,0,840,1125
0.0,17,0,855,1125
1.0,14,0,825,1125
0.0,18,0,817,1125
7.0,11,0,852,1125
0.0,15,0,848,1125
4.0,13,0,807,1125
0.0,16,0,839,1125
0.0,19,0,842,1125
0.0,20,0,822,1125
0.0,21,0,858,1125
6.0,12,0,860,1125
136.0,1,4,830,1126
103.0,2,0,815,1126
83.0,5,1,832,1126
98.0,3,0,844,1126
37.0,7,0,847,1126
83.0,4,1,846,1126
27.0,9,0,1,1126
41.0,6,0,857,1126
33.0,8,0,4,1126
9.0,11,0,840,1126
0.0,18,0,855,1126
1.0,16,0,825,1126
5.0,14,0,817,1126
14.0,10,0,852,1126
0.0,17,0,848,1126
6.0,13,0,807,1126
1.0,15,0,839,1126
0.0,19,0,842,1126
0.0,20,0,822,1126
0.0,21,0,858,1126
6.0,12,0,860,1126
161.0,1,5,830,1127
107.0,3,0,815,1127
93.0,5,1,832,1127
113.0,2,0,844,1127
44.0,7,0,847,1127
101.0,4,1,846,1127
35.0,8,0,1,1127
53.0,6,0,857,1127
33.0,9,0,4,1127
11.0,11,0,840,1127
0.0,18,0,855,1127
1.0,16,0,825,1127
5.0,14,0,817,1127
15.0,10,0,852,1127
0.0,17,0,848,1127
6.0,13,0,807,1127
1.0,15,0,839,1127
0.0,19,0,842,1127
0.0,20,0,822,1127
0.0,21,0,858,1127
6.0,12,0,860,1127
0.0,21,0,858,1128
1.0,18,0,842,1128
2.0,15,0,848,1128
19.0,10,0,852,1128
5.0,14,0,817,1128
1.0,17,0,825,1128
33.0,9,0,4,1128
71.0,6,0,857,1128
113.0,3,1,846,1128
107.0,5,0,815,1128
6.0,12,0,860,1128
0.0,20,0,822,1128
1.0,16,0,839,1128
6.0,13,0,807,1128
0.0,19,0,855,1128
169.0,1,5,830,1128
11.0,11,0,840,1128
42.0,8,0,1,1128
54.0,7,0,847,1128
138.0,2,1,844,1128
108.0,4,1,832,1128
194.0,1,6,830,1129
107.0,5,0,815,1129
108.0,4,1,832,1129
138.0,2,1,844,1129
69.0,7,0,847,1129
131.0,3,1,846,1129
55.0,8,0,1,1129
81.0,6,0,857,1129
41.0,9,0,4,1129
17.0,11,0,840,1129
0.0,19,0,855,1129
1.0,18,0,825,1129
9.0,12,0,817,1129
19.0,10,0,852,1129
2.0,16,0,848,1129
6.0,14,0,807,1129
2.0,17,0,839,1129
3.0,15,0,842,1129
0.0,20,0,822,1129
0.0,21,0,858,1129
6.0,13,0,860,1129
219.0,1,7,830,1130
111.0,5,0,815,1130
116.0,4,1,832,1130
148.0,3,1,844,1130
81.0,7,0,847,1130
150.0,2,1,846,1130
70.0,8,0,1,1130
87.0,6,0,857,1130
41.0,9,0,4,1130
17.0,11,0,840,1130
0.0,19,0,855,1130
1.0,18,0,825,1130
9.0,12,0,817,1130
19.0,10,0,852,1130
2.0,17,0,848,1130
6.0,14,0,807,1130
3.0,16,0,839,1130
5.0,15,0,842,1130
0.0,20,0,822,1130
0.0,21,0,858,1130
6.0,13,0,860,1130
237.0,1,7,830,1131
118.0,5,0,815,1131
135.0,4,1,832,1131
150.0,3,1,844,1131
111.0,7,1,847,1131
156.0,2,1,846,1131
85.0,8,0,1,1131
112.0,6,0,857,1131
41.0,9,0,4,1131
17.0,11,0,840,1131
0.0,19,0,855,1131
5.0,16,0,825,1131
11.0,13,0,817,1131
19.0,10,0,852,1131
2.0,18,0,848,1131
14.0,12,0,807,1131
3.0,17,0,839,1131
6.0,15,0,842,1131
0.0,20,0,822,1131
0.0,21,0,858,1131
6.0,14,0,860,1131
255.0,1,7,830,1132
118.0,6,0,815,1132
146.0,4,1,832,1132
150.0,3,1,844,1132
111.0,7,1,847,1132
171.0,2,1,846,1132
110.0,8,1,1,1132
124.0,5,0,857,1132
45.0,9,0,4,1132
23.0,10,0,840,1132
0.0,19,0,855,1132
5.0,16,0,825,1132
11.0,13,0,817,1132
20.0,12,0,852,1132
4.0,17,0,848,1132
22.0,11,0,807,1132
3.0,18,0,839,1132
6.0,15,0,842,1132
0.0,21,0,822,1132
0.0,20,0,858,1132
6.0,14,0,860,1132
265.0,1,7,830,1133
124.0,7,0,815,1133
154.0,4,1,832,1133
162.0,3,1,844,1133
116.0,8,1,847,1133
189.0,2,1,846,1133
125.0,6,1,1,1133
149.0,5,1,857,1133
45.0,9,0,4,1133
24.0,10,0,840,1133
0.0,19,0,855,1133
5.0,16,0,825,1133
11.0,13,0,817,1133
22.0,12,0,852,1133
4.0,17,0,848,1133
22.0,11,0,807,1133
3.0,18,0,839,1133
6.0,15,0,842,1133
0.0,21,0,822,1133
0.0,20,0,858,1133
6.0,14,0,860,1133
295.0,1,7,830,1135
6.0,14,0,860,1134
0.0,20,0,858,1134
0.0,21,0,822,1134
6.0,15,0,842,1134
5.0,17,0,839,1134
22.0,11,0,807,1134
4.0,18,0,848,1134
22.0,12,0,852,1134
12.0,13,0,817,1134
5.0,16,0,825,1134
0.0,19,0,855,1134
277.0,1,7,830,1134
131.0,7,0,815,1134
162.0,5,1,832,1134
177.0,3,1,844,1134
116.0,8,1,847,1134
199.0,2,1,846,1134
150.0,6,2,1,1134
167.0,4,1,857,1134
49.0,9,0,4,1134
24.0,10,0,840,1134
139.0,7,0,815,1135
172.0,5,1,832,1135
192.0,3,1,844,1135
122.0,8,1,847,1135
225.0,2,2,846,1135
154.0,6,2,1,1135
179.0,4,1,857,1135
50.0,9,0,4,1135
24.0,10,0,840,1135
0.0,19,0,855,1135
5.0,16,0,825,1135
12.0,13,0,817,1135
22.0,12,0,852,1135
4.0,18,0,848,1135
22.0,11,0,807,1135
5.0,17,0,839,1135
8.0,14,0,842,1135
0.0,21,0,822,1135
0.0,20,0,858,1135
6.0,15,0,860,1135
0.0,22,0,822,1136
8.0,14,0,842,1136
5.0,18,0,839,1136
22.0,11,0,807,1136
6.0,17,0,848,1136
22.0,12,0,852,1136
12.0,13,0,817,1136
6.0,16,0,825,1136
0.0,19,0,855,1136
24.0,10,0,840,1136
50.0,9,0,4,1136
197.0,4,1,857,1136
164.0,6,2,1,1136
241.0,2,2,846,1136
128.0,8,1,847,1136
217.0,3,2,844,1136
184.0,5,1,832,1136
143.0,7,0,815,1136
303.0,1,7,830,1136
0.0,20,0,858,1136
6.0,15,0,860,1136
0.0,21,0,861,1136
313.0,1,7,830,1137
143.0,8,0,815,1137
184.0,5,1,832,1137
235.0,3,2,844,1137
143.0,7,1,847,1137
254.0,2,2,846,1137
166.0,6,2,1,1137
222.0,4,2,857,1137
58.0,9,0,4,1137
24.0,10,0,840,1137
0.0,20,0,855,1137
6.0,17,0,825,1137
12.0,14,0,817,1137
22.0,12,0,852,1137
12.0,13,0,848,1137
22.0,11,0,807,1137
5.0,18,0,839,1137
8.0,15,0,842,1137
0.0,22,0,822,1137
0.0,21,0,858,1137
7.0,16,0,860,1137
4.0,19,0,861,1137
331.0,1,7,830,1138
144.0,8,0,815,1138
190.0,5,1,832,1138
245.0,3,2,844,1138
155.0,7,1,847,1138
279.0,2,3,846,1138
174.0,6,2,1,1138
237.0,4,2,857,1138
62.0,9,0,4,1138
24.0,11,0,840,1138
0.0,20,0,855,1138
6.0,17,0,825,1138
12.0,14,0,817,1138
22.0,12,0,852,1138
12.0,13,0,848,1138
24.0,10,0,807,1138
5.0,18,0,839,1138
8.0,15,0,842,1138
0.0,22,0,822,1138
0.0,21,0,858,1138
7.0,16,0,860,1138
4.0,19,0,861,1138
354.0,1,7,830,1139
150.0,8,0,815,1139
215.0,5,1,832,1139
275.0,3,3,844,1139
167.0,7,1,847,1139
297.0,2,3,846,1139
177.0,6,2,1,1139
247.0,4,2,857,1139
62.0,9,0,4,1139
24.0,11,0,840,1139
0.0,21,0,855,1139
8.0,15,0,825,1139
12.0,14,0,817,1139
22.0,12,0,852,1139
12.0,13,0,848,1139
29.0,10,0,807,1139
5.0,19,0,839,1139
8.0,16,0,842,1139
0.0,23,0,822,1139
0.0,22,0,858,1139
7.0,17,0,860,1139
5.0,18,0,861,1139
2.0,20,0,859,1139
362.0,1,7,830,1140
150.0,8,0,815,1140
240.0,5,2,832,1140
291.0,3,3,844,1140
177.0,7,1,847,1140
315.0,2,3,846,1140
189.0,6,2,1,1140
251.0,4,2,857,1140
62.0,9,0,4,1140
24.0,11,0,840,1140
0.0,21,0,855,1140
14.0,13,0,825,1140
12.0,15,0,817,1140
22.0,12,0,852,1140
12.0,14,0,848,1140
31.0,10,0,807,1140
5.0,19,0,839,1140
9.0,16,0,842,1140
0.0,23,0,822,1140
0.0,22,0,858,1140
7.0,17,0,860,1140
5.0,18,0,861,1140
2.0,20,0,859,1140
7.0,18,0,860,1141
0.0,22,0,858,1141
0.0,23,0,822,1141
26.0,12,0,842,1141
23.0,14,0,839,1141
31.0,10,0,807,1141
12.0,16,0,848,1141
28.0,11,0,852,1141
12.0,17,0,817,1141
14.0,15,0,825,1141
0.0,21,0,855,1141
24.0,13,0,840,1141
62.0,9,0,4,1141
262.0,4,2,857,1141
190.0,7,2,1,1141
331.0,2,3,846,1141
192.0,6,1,847,1141
307.0,3,3,844,1141
244.0,5,2,832,1141
151.0,8,0,815,1141
393.0,1,8,830,1141
5.0,19,0,861,1141
4.0,20,0,859,1141
5.0,19,0,861,1142
0.0,22,0,858,1142
26.0,12,0,842,1142
23.0,14,0,839,1142
35.0,10,0,807,1142
12.0,16,0,848,1142
30.0,11,0,852,1142
14.0,15,0,825,1142
24.0,13,0,840,1142
268.0,4,2,857,1142
340.0,2,3,846,1142
152.0,8,0,815,1142
7.0,18,0,860,1142
4.0,20,0,859,1142
0.0,23,0,822,1142
0.0,21,0,855,1142
208.0,7,2,1,1142
62.0,9,0,4,1142
12.0,17,0,817,1142
319.0,3,3,844,1142
259.0,5,2,832,1142
403.0,1,8,830,1142
217.0,6,2,847,1142
429.0,1,9,830,1143
152.0,8,0,815,1143
272.0,5,2,832,1143
341.0,3,3,844,1143
235.0,6,2,847,1143
349.0,2,3,846,1143
211.0,7,2,1,1143
291.0,4,2,857,1143
68.0,9,0,4,1143
24.0,13,0,840,1143
4.0,20,0,855,1143
16.0,15,0,825,1143
12.0,17,0,817,1143
30.0,12,0,852,1143
12.0,16,0,848,1143
37.0,10,0,807,1143
23.0,14,0,839,1143
36.0,11,0,842,1143
0.0,22,0,822,1143
0.0,23,0,858,1143
7.0,18,0,860,1143
5.0,19,0,861,1143
4.0,21,0,859,1143
437.0,1,9,830,1144
152.0,8,0,815,1144
290.0,5,2,832,1144
356.0,3,3,844,1144
245.0,6,2,847,1144
374.0,2,4,846,1144
223.0,7,2,1,1144
292.0,4,2,857,1144
70.0,9,0,4,1144
24.0,13,0,840,1144
4.0,20,0,855,1144
16.0,15,0,825,1144
12.0,17,0,817,1144
30.0,12,0,852,1144
12.0,16,0,848,1144
41.0,11,0,807,1144
23.0,14,0,839,1144
42.0,10,0,842,1144
0.0,22,0,822,1144
0.0,23,0,858,1144
7.0,18,0,860,1144
5.0,19,0,861,1144
4.0,21,0,859,1144
0.0,24,0,862,1144
