position,driverId,raceId
1,1,18
2,2,18
3,3,18
4,4,18
5,5,18
6,6,18
7,7,18
8,8,18
1,8,19
2,9,19
3,5,19
4,15,19
5,1,19
6,2,19
7,17,19
8,4,19
9,14,19
10,18,19
11,12,19
12,21,19
13,22,19
14,3,19
15,19,19
16,11,19
17,6,19
1,13,20
2,8,20
3,9,20
4,2,20
5,5,20
6,15,20
7,17,20
8,3,20
9,10,20
10,4,20
11,22,20
12,21,20
13,1,20
14,6,20
15,7,20
16,19,20
17,11,20
18,14,20
19,16,20
1,8,21
2,13,21
3,1,21
4,9,21
5,17,21
6,18,21
7,6,21
8,15,21
9,2,21
10,21,21
11,10,21
12,14,21
13,11,21
1,13,22
2,1,22
3,8,22
4,9,22
5,2,22
6,4,22
7,17,22
8,3,22
9,14,22
10,15,22
11,18,22
12,5,22
13,10,22
14,22,22
15,12,22
16,16,22
17,20,22
1,1,23
2,9,23
3,13,23
4,17,23
5,20,23
6,22,23
7,6,23
8,5,23
9,8,23
10,4,23
11,18,23
12,10,23
13,15,23
14,2,23
1,9,24
2,2,24
3,14,24
4,10,24
5,13,24
6,15,24
7,22,24
8,20,24
9,5,24
10,3,24
11,18,24
12,17,24
13,7,24
1,13,25
2,8,25
3,15,25
4,5,25
5,9,25
6,17,25
7,12,25
8,4,25
9,14,25
10,1,25
11,10,25
12,20,25
13,2,25
14,22,25
15,6,25
16,3,25
17,7,25
18,21,25
19,16,25
1,1,26
2,2,26
3,22,26
4,8,26
5,5,26
6,4,26
7,15,26
8,6,26
9,3,26
10,17,26
11,7,26
12,10,26
13,13,26
1,1,27
2,12,27
3,13,27
4,2,27
5,5,27
6,8,27
7,9,27
8,20,27
9,15,27
10,3,27
11,4,27
12,7,27
13,14,27
14,6,27
15,16,27
16,21,27
17,18,27
1,5,28
2,10,28
3,8,28
4,4,28
5,1,28
6,12,28
7,15,28
8,9,28
9,17,28
10,2,28
11,14,28
12,18,28
13,6,28
14,3,28
15,21,28
16,22,28
17,13,28
18,7,28
1,13,29
2,1,29
3,9,29
4,5,29
5,15,29
6,20,29
7,10,29
8,3,29
9,2,29
10,7,29
11,12,29
12,17,29
13,18,29
14,21,29
15,6,29
16,22,29
17,14,29
1,13,30
2,2,30
3,1,30
4,4,30
5,20,30
6,9,30
7,7,30
8,17,30
9,10,30
10,5,30
11,14,30
12,3,30
13,16,30
14,6,30
15,18,30
16,15,30
17,21,30
18,8,30
1,20,31
2,5,31
3,9,31
4,4,31
5,2,31
6,13,31
7,1,31
8,17,31
9,8,31
10,12,31
11,10,31
12,6,31
13,15,31
14,3,31
15,18,31
16,14,31
17,22,31
18,7,31
19,16,31
1,4,32
2,3,32
3,1,32
4,10,32
5,20,32
6,2,32
7,14,32
8,6,32
9,18,32
10,5,32
11,9,32
12,7,32
13,13,32
14,21,32
15,8,32
1,4,33
2,9,33
3,8,33
4,12,33
5,15,33
6,20,33
7,13,33
8,17,33
9,2,33
10,7,33
11,3,33
12,1,33
13,22,33
14,18,33
15,6,33
1,1,34
2,13,34
3,8,34
4,4,34
5,2,34
6,9,34
7,10,34
8,12,34
9,20,34
10,14,34
11,22,34
12,6,34
13,7,34
14,17,34
15,3,34
16,18,34
17,21,34
1,13,35
2,4,35
3,8,35
4,20,35
5,1,35
6,10,35
7,5,35
8,15,35
9,17,35
10,2,35
11,9,35
12,3,35
13,18,35
14,7,35
15,22,35
16,16,35
17,6,35
18,21,35
1,8,36
2,4,36
3,1,36
4,2,36
5,21,36
6,13,36
7,3,36
8,23,36
9,15,36
10,5,36
11,22,36
12,11,36
13,17,36
14,24,36
15,18,36
16,19,36
17,16,36
1,4,37
2,1,37
3,8,37
4,2,37
5,13,37
6,21,37
7,15,37
8,5,37
9,25,37
10,17,37
11,22,37
12,18,37
13,11,37
14,26,37
15,23,37
16,19,37
17,24,37
18,9,37
1,13,38
2,1,38
3,8,38
4,2,38
5,4,38
6,9,38
7,15,38
8,21,38
9,5,38
10,3,38
11,25,38
12,23,38
13,22,38
14,27,38
15,16,38
16,19,38
1,13,39
2,1,39
3,4,39
4,9,39
5,14,39
6,3,39
7,5,39
8,11,39
9,21,39
10,22,39
11,19,39
12,18,39
13,16,39
14,27,39
1,4,40
2,1,40
3,13,40
4,21,40
5,9,40
6,2,40
7,25,40
8,8,40
9,26,40
10,22,40
11,18,40
12,3,40
13,5,40
14,14,40
15,15,40
16,23,40
17,11,40
18,19,40
19,27,40
1,1,41
2,2,41
3,25,41
4,5,41
5,8,41
6,11,41
7,4,41
8,23,41
9,17,41
10,3,41
11,19,41
12,22,41
1,1,42
2,4,42
3,13,42
4,8,42
5,5,42
6,15,42
7,17,42
8,20,42
9,21,42
10,25,42
11,19,42
12,18,42
13,26,42
14,16,42
15,27,42
16,3,42
17,24,42
1,8,43
2,13,43
3,1,43
4,9,43
5,2,43
6,21,43
7,4,43
8,18,43
9,3,43
10,23,43
11,22,43
12,17,43
13,14,43
14,25,43
15,5,43
16,11,43
17,16,43
1,8,44
2,4,44
3,1,44
4,9,44
5,13,44
6,2,44
7,5,44
8,21,44
9,22,44
10,18,44
11,14,44
12,3,44
13,25,44
14,11,44
15,27,44
16,24,44
1,4,45
2,13,45
3,17,45
4,25,45
5,14,45
6,2,45
7,9,45
8,5,45
9,1,45
10,21,45
11,22,45
12,19,45
13,15,45
1,1,46
2,8,46
3,2,46
4,4,46
5,9,46
6,23,46
7,3,46
8,5,46
9,17,46
10,15,46
11,14,46
12,21,46
13,13,46
14,25,46
15,11,46
16,20,46
17,16,46
18,22,46
1,13,47
2,8,47
3,4,47
4,2,47
5,1,47
6,5,47
7,3,47
8,9,47
9,21,47
10,14,47
11,25,47
12,23,47
13,18,47
14,19,47
15,24,47
16,15,47
17,22,47
18,11,47
19,20,47
20,29,47
21,16,47
1,4,48
2,1,48
3,8,48
4,2,48
5,9,48
6,3,48
7,5,48
8,18,48
9,17,48
10,22,48
11,15,48
12,21,48
13,25,48
14,19,48
15,23,48
16,11,48
17,24,48
18,20,48
19,16,48
20,29,48
1,8,49
2,13,49
3,4,49
4,1,49
5,2,49
6,3,49
7,17,49
8,5,49
9,9,49
10,23,49
11,15,49
12,24,49
13,22,49
14,16,49
15,11,49
16,19,49
17,29,49
1,1,50
2,5,50
3,8,50
4,14,50
5,21,50
6,13,50
7,9,50
8,16,50
9,24,50
10,22,50
11,18,50
12,29,50
13,15,50
14,2,50
15,11,50
1,8,51
2,4,51
3,13,51
4,20,51
5,18,51
6,24,51
7,2,51
8,14,51
9,5,51
10,17,51
11,21,51
12,25,51
13,15,51
14,11,51
15,22,51
16,3,51
17,29,51
1,8,52
2,13,52
3,4,52
4,3,52
5,9,52
6,2,52
7,1,52
8,15,52
9,14,52
10,6,52
11,23,52
12,11,52
13,24,52
14,19,52
1,4,53
2,30,53
3,8,53
4,18,53
5,31,53
6,17,53
7,3,53
8,32,53
9,13,53
10,14,53
11,24,53
12,2,53
13,26,53
14,23,53
15,22,53
16,15,53
17,33,53
18,11,53
1,21,54
2,4,54
3,18,54
4,31,54
5,13,54
6,30,54
7,35,54
8,23,54
9,15,54
10,22,54
11,24,54
12,27,54
13,33,54
14,11,54
1,4,55
2,8,55
3,23,55
4,2,55
5,21,55
6,35,55
7,22,55
8,14,55
9,26,55
10,18,55
11,27,55
12,11,55
13,34,55
1,30,56
2,4,56
3,31,56
4,13,56
5,8,56
6,17,56
7,18,56
8,21,56
9,23,56
10,22,56
11,3,56
12,35,56
13,2,56
14,24,56
15,26,56
16,33,56
1,30,57
2,4,57
3,13,57
4,8,57
5,22,57
6,21,57
7,3,57
8,35,57
9,15,57
10,2,57
11,26,57
12,33,57
13,27,57
1,4,58
2,30,58
3,21,58
4,13,58
5,8,58
6,18,58
7,22,58
8,2,58
9,17,58
10,15,58
11,3,58
12,35,58
13,32,58
14,14,58
15,24,58
16,33,58
17,11,58
1,4,59
2,31,59
3,14,59
4,22,59
5,30,59
6,21,59
7,2,59
8,23,59
9,13,59
10,24,59
11,18,59
12,27,59
13,26,59
14,35,59
15,33,59
16,36,59
17,15,59
1,4,60
2,30,60
3,8,60
4,21,60
5,13,60
6,31,60
7,2,60
8,35,60
9,3,60
10,22,60
11,15,60
12,14,60
13,24,60
14,32,60
15,27,60
16,33,60
17,11,60
18,36,60
1,4,61
2,30,61
3,8,61
4,21,61
5,13,61
6,15,61
7,2,61
8,14,61
9,18,61
10,26,61
11,32,61
12,17,61
13,24,61
14,33,61
15,11,61
1,30,62
2,13,62
3,21,62
4,15,62
5,4,62
6,22,62
7,14,62
8,24,62
9,3,62
1,30,63
2,4,63
3,13,63
4,23,63
5,8,63
6,21,63
7,37,63
8,2,63
9,14,63
10,26,63
11,35,63
12,32,63
13,24,63
14,3,63
15,27,63
16,36,63
1,30,64
2,13,64
3,8,64
4,18,64
5,4,64
6,21,64
7,15,64
8,32,64
9,23,64
10,24,64
11,14,64
12,26,64
1,18,65
2,37,65
3,2,65
4,22,65
5,14,65
6,23,65
7,13,65
8,30,65
9,33,65
10,27,65
11,26,65
12,15,65
13,11,65
1,13,66
2,4,66
3,30,66
4,18,66
5,37,66
6,21,66
7,23,66
8,22,66
9,15,66
10,17,66
11,32,66
12,9,66
13,26,66
14,2,66
15,14,66
1,30,67
2,8,67
3,9,67
4,21,67
5,18,67
6,22,67
7,15,67
8,2,67
9,13,67
10,17,67
11,32,67
12,14,67
13,26,67
14,24,67
15,23,67
16,11,67
17,27,67
1,30,68
2,4,68
3,21,68
4,18,68
5,37,68
6,22,68
7,2,68
8,17,68
9,14,68
10,24,68
11,3,68
12,38,68
13,9,68
14,26,68
15,27,68
16,29,68
1,4,69
2,13,69
3,21,69
4,18,69
5,8,69
6,15,69
7,23,69
8,2,69
9,9,69
10,3,69
11,37,69
12,22,69
13,38,69
14,24,69
15,11,69
16,33,69
17,29,69
18,26,69
1,13,70
2,4,70
3,18,70
4,30,70
5,8,70
6,21,70
7,22,70
8,37,70
9,9,70
10,11,70
11,26,70
12,38,70
13,24,70
14,27,70
15,33,70
16,29,70
17,2,70
1,21,71
2,22,71
3,4,71
4,14,71
5,17,71
6,31,71
7,32,71
8,8,71
9,15,71
10,13,71
12,23,71
13,35,71
15,39,71
16,33,71
17,40,71
1,4,72
2,15,72
3,2,72
4,31,72
5,23,72
6,14,72
7,30,72
8,32,72
9,8,72
10,13,72
11,39,72
12,33,72
13,27,72
1,4,73
2,15,73
3,8,73
4,23,73
5,37,73
6,17,73
7,13,73
8,14,73
9,22,73
10,33,73
11,35,73
12,40,73
13,27,73
1,4,74
2,30,74
3,25,74
4,35,74
5,15,74
6,2,74
7,17,74
8,24,74
9,23,74
10,13,74
11,14,74
12,39,74
13,33,74
1,8,75
2,4,75
3,15,75
4,23,75
5,21,75
6,17,75
7,31,75
8,14,75
9,22,75
10,2,75
11,13,75
12,33,75
13,39,75
1,8,76
2,2,76
3,17,76
4,4,76
5,31,76
6,23,76
7,30,76
8,22,76
9,13,76
10,15,76
11,35,76
12,21,76
13,33,76
14,27,76
1,4,77
2,2,77
3,22,77
4,14,77
5,30,77
6,21,77
7,31,77
8,15,77
9,24,77
10,18,77
11,8,77
12,11,77
13,35,77
14,13,77
15,33,77
16,39,77
17,27,77
18,40,77
1,8,78
2,30,78
3,22,78
4,13,78
5,17,78
6,23,78
7,14,78
8,32,78
9,35,78
10,33,78
11,27,78
1,30,79
2,22,79
3,33,79
4,39,79
5,27,79
6,40,79
1,4,80
2,8,80
3,30,80
4,18,80
5,15,80
6,21,80
7,23,80
8,35,80
9,22,80
10,14,80
11,11,80
12,17,80
13,33,80
14,2,80
15,39,80
1,31,81
2,4,81
3,8,81
4,21,81
5,18,81
6,30,81
7,22,81
8,23,81
9,15,81
10,13,81
11,17,81
12,2,81
13,14,81
14,35,81
15,32,81
16,11,81
17,33,81
18,27,81
19,40,81
1,4,82
2,31,82
3,18,82
4,21,82
5,30,82
6,23,82
7,14,82
8,13,82
9,32,82
10,22,82
11,2,82
12,11,82
13,27,82
14,15,82
15,35,82
16,39,82
17,33,82
18,38,82
1,8,83
2,30,83
3,23,83
4,15,83
5,18,83
6,2,83
7,17,83
8,11,83
9,21,83
10,22,83
11,4,83
12,39,83
13,33,83
14,13,83
1,8,84
2,4,84
3,31,84
4,21,84
5,18,84
6,15,84
7,14,84
8,32,84
9,11,84
10,22,84
11,35,84
12,23,84
13,38,84
14,39,84
15,33,84
1,31,85
2,4,85
3,21,85
4,8,85
5,15,85
6,23,85
7,42,85
8,18,85
9,13,85
10,30,85
11,35,85
12,22,85
13,32,85
14,17,85
15,14,85
16,11,85
17,33,85
18,38,85
19,27,85
20,39,85
1,8,86
2,4,86
3,18,86
4,17,86
5,22,86
6,35,86
7,23,86
8,33,86
9,32,86
10,13,86
11,39,86
12,27,86
13,38,86
14,31,86
15,42,86
1,31,87
2,8,87
3,4,87
4,30,87
5,21,87
6,22,87
7,18,87
8,23,87
9,32,87
10,11,87
11,13,87
12,35,87
13,15,87
14,27,87
15,39,87
1,8,88
2,21,88
3,4,88
4,17,88
5,18,88
6,14,88
7,30,88
8,23,88
9,32,88
10,13,88
11,22,88
12,35,88
13,33,88
14,38,88
15,39,88
16,27,88
1,4,89
2,8,89
3,23,89
4,21,89
5,32,89
6,13,89
7,17,89
8,18,89
9,14,89
10,35,89
11,33,89
12,22,89
13,42,89
14,38,89
15,15,89
16,27,89
1,30,90
2,22,90
3,4,90
4,23,90
5,31,90
6,18,90
7,15,90
8,14,90
9,11,90
10,21,90
11,32,90
12,43,90
13,44,90
14,45,90
1,30,91
2,31,91
3,18,91
4,22,91
5,15,91
6,14,91
7,4,91
8,13,91
9,43,91
10,32,91
11,21,91
12,44,91
13,45,91
14,46,91
15,11,91
16,47,91
1,30,92
2,22,92
3,18,92
4,15,92
5,11,92
6,4,92
7,23,92
8,17,92
9,44,92
10,43,92
11,21,92
12,13,92
13,31,92
14,32,92
15,2,92
16,45,92
17,46,92
1,30,93
2,18,93
3,31,93
4,4,93
5,15,93
6,22,93
7,23,93
8,8,93
9,21,93
10,13,93
11,44,93
12,14,93
13,17,93
14,32,93
15,47,93
16,11,93
1,30,94
2,22,94
3,15,94
4,4,94
5,11,94
6,23,94
7,21,94
8,18,94
9,13,94
10,14,94
11,8,94
12,17,94
13,43,94
1,15,95
2,18,95
3,22,95
4,31,95
5,13,95
6,43,95
7,2,95
8,44,95
9,47,95
10,23,95
1,30,96
2,22,96
3,18,96
4,15,96
5,4,96
6,21,96
7,17,96
8,31,96
9,13,96
10,2,96
11,44,96
12,32,96
13,45,96
14,46,96
15,47,96
1,30,97
2,22,97
3,18,97
4,21,97
5,8,97
6,14,97
7,10,97
8,2,97
9,32,97
10,47,97
1,30,98
2,22,98
3,11,98
4,15,98
5,44,98
6,8,98
7,14,98
8,47,98
9,21,98
1,30,99
2,4,99
3,22,99
4,15,99
5,18,99
6,14,99
7,8,99
8,31,99
9,17,99
10,48,99
11,32,99
12,21,99
13,13,99
14,43,99
15,44,99
16,2,99
17,45,99
18,46,99
1,30,100
2,8,100
3,22,100
4,18,100
5,31,100
6,21,100
7,14,100
8,17,100
9,13,100
10,4,100
11,11,100
12,48,100
13,43,100
14,32,100
15,2,100
16,46,100
1,30,101
2,18,101
3,4,101
4,14,101
5,31,101
6,17,101
7,42,101
8,11,101
9,21,101
10,32,101
11,15,101
12,22,101
13,13,101
14,44,101
15,45,101
16,47,101
17,46,101
1,30,102
2,22,102
3,4,102
4,31,102
5,18,102
6,11,102
7,42,102
8,21,102
9,14,102
10,17,102
11,44,102
12,2,102
13,32,102
14,46,102
15,47,102
1,8,103
2,30,103
3,22,103
4,13,103
5,21,103
6,32,103
7,14,103
8,44,103
9,15,103
10,41,103
11,2,103
1,22,104
2,30,104
3,18,104
4,11,104
5,31,104
6,14,104
7,42,104
8,21,104
9,17,104
10,15,104
11,41,104
12,13,104
13,32,104
14,2,104
15,47,104
1,22,105
2,18,105
3,8,105
4,4,105
5,31,105
6,11,105
7,21,105
8,13,105
9,14,105
10,17,105
11,35,105
12,30,105
13,2,105
14,44,105
15,10,105
16,47,105
1,30,106
2,23,106
3,18,106
4,11,106
5,4,106
6,8,106
7,31,106
8,21,106
9,13,106
10,35,106
11,15,106
12,32,106
13,2,106
14,44,106
15,10,106
16,46,106
1,31,107
2,8,107
3,22,107
4,4,107
5,23,107
6,11,107
7,30,107
8,13,107
9,21,107
10,35,107
11,14,107
12,15,107
13,41,107
14,32,107
15,10,107
16,47,107
17,46,107
1,14,108
2,31,108
3,8,108
4,30,108
5,15,108
6,49,108
7,4,108
8,23,108
9,35,108
10,18,108
11,50,108
1,8,109
2,22,109
3,4,109
4,23,109
5,15,109
6,30,109
7,18,109
8,2,109
9,49,109
10,52,109
11,43,109
12,31,109
13,50,109
1,21,110
2,8,110
3,4,110
4,14,110
5,49,110
6,35,110
7,23,110
8,15,110
9,17,110
10,43,110
1,30,111
2,8,111
3,22,111
4,23,111
5,14,111
6,4,111
7,31,111
8,18,111
9,44,111
10,2,111
11,49,111
12,43,111
13,15,111
14,42,111
15,21,111
1,30,112
2,4,112
3,22,112
4,31,112
5,23,112
6,43,112
7,17,112
8,52,112
9,18,112
10,2,112
11,51,112
12,50,112
1,30,113
2,8,113
3,22,113
4,18,113
5,14,113
6,23,113
7,17,113
8,15,113
9,42,113
10,43,113
11,52,113
12,35,113
13,51,113
1,31,114
2,8,114
3,30,114
4,23,114
5,4,114
6,15,114
7,14,114
8,22,114
9,43,114
10,21,114
11,2,114
12,52,114
13,44,114
1,30,115
2,23,115
3,31,115
4,4,115
5,22,115
6,8,115
7,17,115
8,44,115
9,50,115
10,42,115
11,43,115
1,23,116
2,31,116
3,22,116
4,4,116
5,30,116
6,17,116
7,18,116
8,2,116
9,49,116
10,42,116
11,52,116
12,21,116
13,51,116
14,50,116
15,14,116
1,23,117
2,31,117
3,30,117
4,8,117
5,14,117
6,17,117
7,22,117
8,44,117
9,35,117
10,42,117
11,43,117
12,49,117
13,2,117
14,51,117
15,52,117
16,50,117
1,22,118
2,31,118
3,8,118
4,30,118
5,14,118
6,15,118
7,43,118
8,18,118
9,23,118
10,35,118
11,44,118
12,49,118
13,52,118
14,17,118
15,50,118
16,51,118
17,2,118
1,31,119
2,14,119
3,15,119
4,4,119
5,44,119
6,43,119
7,30,119
8,18,119
9,35,119
10,2,119
11,17,119
12,53,119
13,21,119
1,4,120
2,8,120
3,31,120
4,23,120
5,14,120
6,17,120
7,15,120
8,30,120
9,2,120
10,18,120
11,43,120
12,50,120
13,53,120
1,30,121
2,31,121
3,22,121
4,8,121
5,48,121
6,35,121
7,17,121
8,4,121
9,2,121
10,21,121
11,47,121
12,53,121
13,49,121
1,30,122
2,8,122
3,49,122
4,15,122
5,2,122
6,31,122
7,21,122
8,51,122
9,43,122
10,50,122
11,53,122
1,22,123
2,8,123
3,14,123
4,18,123
5,15,123
6,11,123
7,43,123
8,30,123
9,2,123
10,44,123
11,17,123
12,23,123
13,51,123
14,52,123
15,50,123
16,53,123
1,30,124
2,31,124
3,8,124
4,56,124
5,17,124
6,63,124
7,62,124
8,37,124
1,23,125
2,31,125
3,30,125
4,18,125
5,2,125
6,13,125
7,66,125
8,35,125
9,11,125
10,37,125
11,49,125
12,63,125
13,21,125
1,30,126
2,23,126
3,14,126
4,18,126
5,31,126
6,63,126
7,56,126
8,37,126
9,11,126
10,35,126
11,17,126
12,8,126
13,62,126
1,30,127
2,22,127
3,23,127
4,31,127
5,18,127
6,14,127
7,35,127
8,13,127
9,15,127
10,2,127
11,17,127
1,30,128
2,31,128
3,14,128
4,2,128
5,13,128
6,49,128
7,35,128
8,66,128
9,63,128
10,15,128
11,23,128
12,18,128
1,30,129
2,22,129
3,31,129
4,23,129
5,21,129
6,14,129
7,18,129
8,63,129
9,66,129
10,35,129
11,49,129
12,17,129
1,14,130
2,30,130
3,23,130
4,15,130
5,21,130
6,49,130
7,22,130
8,2,130
9,56,130
10,37,130
11,17,130
12,59,130
1,30,131
2,14,131
3,22,131
4,8,131
5,21,131
6,15,131
7,23,131
8,44,131
9,13,131
10,11,131
11,17,131
12,2,131
13,49,131
14,62,131
15,18,131
1,22,132
2,30,132
3,8,132
4,23,132
5,18,132
6,13,132
7,2,132
8,15,132
9,44,132
10,37,132
11,59,132
12,35,132
13,49,132
14,66,132
15,17,132
16,11,132
1,30,133
2,22,133
3,31,133
4,35,133
5,44,133
6,2,133
7,21,133
8,23,133
9,13,133
10,14,133
11,37,133
12,18,133
1,30,134
2,8,134
3,14,134
4,31,134
5,23,134
6,18,134
7,2,134
8,17,134
9,37,134
10,62,134
11,66,134
1,30,135
2,31,135
3,23,135
4,22,135
5,14,135
6,2,135
7,13,135
8,11,135
9,63,135
1,22,136
2,30,136
3,23,136
4,8,136
5,14,136
6,21,136
7,13,136
8,15,136
9,2,136
10,11,136
11,31,136
12,44,136
13,37,136
14,66,136
15,63,136
16,17,136
1,30,137
2,22,137
3,31,137
4,14,137
5,23,137
6,56,137
7,63,137
8,35,137
9,66,137
10,2,137
11,11,137
12,44,137
1,22,138
2,30,138
3,56,138
4,15,138
5,18,138
6,44,138
7,14,138
8,21,138
9,35,138
10,2,138
11,63,138
12,11,138
13,62,138
1,22,139
2,30,139
3,14,139
4,31,139
5,15,139
6,35,139
7,21,139
8,18,139
9,2,139
10,56,139
11,11,139
12,44,139
13,49,139
14,63,139
15,66,139
16,23,139
1,30,140
2,22,140
3,8,140
4,31,140
5,11,140
6,18,140
7,2,140
8,63,140
9,56,140
10,17,140
11,23,140
1,30,141
2,14,141
3,22,141
4,2,141
5,49,141
6,8,141
7,44,141
8,54,141
9,55,141
10,50,141
11,56,141
12,4,141
13,21,141
1,30,142
2,22,142
3,14,142
4,49,142
5,23,142
6,57,142
7,50,142
8,15,142
9,55,142
10,54,142
11,18,142
12,60,142
13,4,142
14,58,142
1,14,143
2,30,143
3,2,143
4,44,143
5,15,143
6,21,143
7,35,143
8,55,143
9,58,143
10,18,143
11,49,143
1,23,144
2,14,144
3,22,144
4,57,144
5,15,144
6,49,144
7,2,144
8,44,144
9,55,144
10,59,144
11,54,144
12,18,144
1,30,145
2,31,145
3,35,145
4,15,145
5,14,145
6,2,145
7,44,145
8,8,145
9,57,145
10,55,145
11,54,145
12,50,145
13,4,145
14,21,145
15,18,145
16,58,145
1,14,146
2,30,146
3,22,146
4,8,146
5,44,146
6,50,146
7,56,146
8,35,146
9,2,146
10,55,146
11,54,146
1,30,147
2,22,147
3,56,147
4,35,147
5,14,147
6,55,147
7,18,147
8,50,147
9,59,147
10,8,147
1,23,148
2,30,148
3,57,148
4,8,148
5,55,148
6,37,148
7,41,148
8,54,148
9,58,148
10,50,148
11,15,148
1,30,149
2,31,149
3,14,149
4,23,149
5,22,149
6,57,149
7,56,149
8,37,149
9,35,149
10,8,149
11,21,149
12,54,149
13,18,149
14,4,149
15,55,149
1,30,150
2,23,150
3,22,150
4,14,150
5,15,150
6,2,150
7,8,150
8,49,150
9,44,150
10,54,150
11,21,150
12,55,150
13,50,150
14,37,150
15,58,150
16,18,150
17,4,150
1,57,151
2,30,151
3,22,151
4,31,151
5,8,151
6,2,151
7,49,151
8,35,151
9,56,151
10,50,151
11,55,151
12,37,151
13,21,151
14,59,151
15,18,151
16,4,151
1,23,152
2,22,152
3,35,152
4,21,152
5,18,152
6,55,152
7,44,152
8,59,152
9,50,152
10,4,152
1,30,153
2,22,153
3,14,153
4,23,153
5,57,153
6,2,153
7,8,153
8,31,153
9,35,153
10,55,153
11,37,153
12,50,153
1,30,154
2,14,154
3,21,154
4,57,154
5,22,154
6,55,154
7,23,154
8,35,154
9,49,154
10,50,154
11,44,154
12,59,154
13,58,154
1,31,155
2,22,155
3,23,155
4,30,155
5,37,155
6,35,155
7,8,155
8,55,155
9,44,155
10,21,155
11,2,155
12,61,155
13,4,155
1,57,156
2,30,156
3,14,156
4,15,156
5,56,156
6,2,156
7,55,156
8,21,156
9,18,156
10,49,156
11,44,156
12,37,156
13,59,156
14,61,156
15,22,156
1,30,157
2,31,157
3,14,157
4,57,157
5,22,157
6,23,157
7,18,157
8,15,157
9,2,157
10,35,157
11,4,157
12,49,157
13,44,157
14,59,157
15,50,157
16,62,157
17,21,157
1,30,158
2,22,158
3,23,158
4,35,158
5,21,158
6,41,158
7,25,158
8,48,158
9,2,158
1,30,159
2,21,159
3,49,159
4,15,159
5,23,159
6,18,159
7,50,159
8,37,159
9,41,159
10,60,159
1,30,160
2,57,160
3,14,160
4,22,160
5,35,160
6,63,160
7,56,160
8,64,160
9,25,160
10,65,160
11,21,160
12,41,160
13,60,160
14,50,160
15,15,160
1,14,161
2,57,161
3,30,161
4,23,161
5,18,161
6,15,161
7,21,161
8,63,161
9,25,161
10,55,161
11,64,161
12,65,161
13,56,161
14,48,161
15,60,161
16,35,161
17,49,161
1,57,162
2,14,162
3,22,162
4,23,162
5,30,162
6,49,162
7,63,162
8,41,162
9,21,162
10,25,162
11,56,162
12,15,162
13,65,162
14,48,162
15,60,162
16,2,162
17,18,162
1,30,163
2,57,163
3,14,163
4,22,163
5,21,163
6,37,163
7,64,163
8,60,163
9,55,163
10,18,163
11,65,163
12,25,163
1,14,164
2,22,164
3,21,164
4,56,164
5,63,164
6,57,164
7,35,164
8,2,164
9,65,164
10,49,164
1,30,165
2,22,165
3,21,165
4,57,165
5,50,165
6,15,165
7,14,165
8,41,165
9,25,165
10,64,165
11,18,165
12,60,165
13,56,165
14,23,165
15,35,165
16,48,165
1,14,166
2,57,166
3,22,166
4,35,166
5,23,166
6,15,166
7,49,166
8,18,166
9,21,166
10,63,166
11,64,166
12,2,166
13,56,166
14,55,166
15,48,166
1,57,167
2,14,167
3,22,167
4,35,167
5,18,167
6,63,167
7,65,167
8,48,167
9,64,167
10,25,167
11,54,167
12,60,167
1,22,168
2,57,168
3,14,168
4,18,168
5,63,168
6,37,168
7,23,168
8,35,168
9,15,168
10,56,168
11,60,168
12,2,168
1,57,169
2,30,169
3,14,169
4,22,169
5,23,169
6,49,169
7,15,169
8,56,169
9,18,169
10,63,169
11,25,169
12,35,169
13,50,169
14,41,169
15,48,169
16,37,169
1,57,170
2,30,170
3,23,170
4,14,170
5,18,170
6,49,170
7,35,170
8,65,170
9,63,170
10,56,170
11,64,170
12,41,170
13,25,170
14,48,170
15,50,170
16,37,170
17,60,170
1,30,171
2,57,171
3,23,171
4,50,171
5,25,171
6,41,171
7,63,171
8,64,171
9,48,171
10,60,171
11,21,171
12,55,171
1,30,172
2,22,172
3,49,172
4,35,172
5,14,172
6,41,172
7,56,172
8,64,172
9,2,172
10,25,172
11,65,172
12,48,172
1,30,173
2,57,173
3,14,173
4,22,173
5,18,173
6,35,173
7,65,173
8,56,173
9,41,173
10,63,173
11,64,173
12,37,173
13,15,173
14,21,173
15,60,173
1,30,174
2,14,174
3,22,174
4,57,174
5,35,174
6,56,174
7,25,174
8,63,174
9,21,174
10,50,174
11,55,174
12,15,174
13,60,174
1,56,175
2,49,175
3,23,175
4,21,175
5,22,175
6,37,175
7,68,175
8,30,175
1,57,176
2,30,176
3,49,176
4,23,176
5,56,176
6,44,176
7,25,176
8,68,176
9,48,176
1,30,177
2,14,177
3,22,177
4,71,177
5,21,177
6,55,177
7,63,177
8,69,177
9,48,177
10,65,177
11,70,177
1,30,178
2,56,178
3,57,178
4,49,178
5,21,178
6,25,178
7,15,178
8,70,178
9,22,178
1,57,179
2,14,179
3,30,179
4,56,179
5,23,179
6,15,179
7,71,179
8,63,179
9,21,179
10,25,179
11,37,179
12,68,179
1,57,180
2,21,180
3,56,180
4,23,180
5,65,180
6,64,180
7,14,180
8,48,180
9,44,180
10,69,180
11,49,180
1,49,181
2,57,181
3,22,181
4,23,181
5,30,181
6,56,181
7,15,181
8,44,181
9,41,181
10,69,181
11,37,181
1,14,182
2,56,182
3,23,182
4,49,182
5,71,182
6,64,182
7,21,182
8,22,182
9,15,182
10,25,182
11,70,182
12,65,182
13,44,182
14,55,182
15,48,182
16,68,182
1,56,183
2,14,183
3,57,183
4,49,183
5,25,183
6,64,183
7,15,183
8,71,183
9,63,183
10,44,183
11,48,183
12,21,183
13,69,183
14,65,183
15,41,183
1,56,184
2,63,184
3,49,184
4,23,184
5,14,184
6,44,184
7,25,184
8,55,184
9,48,184
10,69,184
11,65,184
1,57,185
2,14,185
3,56,185
4,49,185
5,22,185
6,71,185
7,25,185
8,15,185
9,23,185
10,44,185
11,65,185
12,63,185
13,41,185
14,69,185
15,37,185
16,55,185
17,48,185
1,14,186
2,57,186
3,49,186
4,56,186
5,23,186
6,71,186
7,63,186
8,70,186
9,55,186
10,22,186
11,21,186
12,15,186
13,44,186
14,25,186
15,35,186
16,48,186
1,49,187
2,23,187
3,63,187
4,22,187
5,14,187
6,56,187
7,70,187
8,35,187
9,55,187
10,71,187
11,44,187
1,65,188
2,15,188
3,22,188
4,23,188
5,57,188
6,48,188
7,56,188
8,41,188
9,44,188
10,35,188
1,56,189
2,30,189
3,57,189
4,65,189
5,22,189
6,49,189
7,55,189
8,25,189
9,48,189
10,70,189
11,21,189
1,57,190
2,30,190
3,56,190
4,49,190
5,23,190
6,55,190
7,65,190
8,22,190
9,35,190
10,25,190
11,64,190
12,41,190
13,37,190
14,21,190
1,57,191
2,14,191
3,49,191
4,56,191
5,35,191
6,65,191
7,25,191
8,71,191
9,44,191
1,57,192
2,14,192
3,30,192
4,25,192
5,49,192
6,21,192
7,35,192
8,56,192
9,55,192
10,76,192
11,65,192
1,30,193
2,57,193
3,56,193
4,25,193
5,55,193
6,14,193
7,21,193
8,71,193
9,49,193
10,22,193
11,15,193
12,68,193
13,75,193
14,73,193
15,44,193
1,14,194
2,30,194
3,56,194
4,35,194
5,49,194
6,55,194
7,23,194
8,74,194
9,63,194
10,71,194
11,44,194
1,57,195
2,14,195
3,30,195
4,25,195
5,22,195
6,35,195
7,65,195
8,49,195
9,15,195
10,55,195
11,23,195
12,76,195
13,68,195
14,75,195
15,74,195
16,44,195
1,57,196
2,21,196
3,56,196
4,63,196
5,35,196
6,64,196
7,65,196
8,71,196
9,75,196
10,30,196
11,68,196
12,55,196
1,30,197
2,21,197
3,56,197
4,25,197
5,22,197
6,76,197
7,75,197
8,73,197
9,64,197
10,35,197
1,30,198
2,56,198
3,57,198
4,35,198
5,25,198
6,14,198
7,55,198
8,65,198
9,21,198
10,22,198
11,44,198
12,50,198
13,63,198
14,64,198
15,49,198
16,23,198
17,75,198
1,30,199
2,57,199
3,56,199
4,25,199
5,21,199
6,23,199
7,35,199
8,75,199
9,68,199
1,57,200
2,14,200
3,30,200
4,56,200
5,23,200
6,35,200
7,71,200
8,65,200
9,25,200
10,15,200
11,75,200
12,73,200
1,57,201
2,14,201
3,35,201
4,71,201
5,30,201
6,23,201
7,21,201
8,56,201
9,49,201
10,55,201
11,25,201
12,15,201
13,68,201
14,63,201
15,44,201
16,74,201
1,30,202
2,14,202
3,35,202
4,71,202
5,49,202
6,57,202
7,55,202
8,21,202
9,23,202
10,65,202
11,64,202
12,44,202
13,50,202
14,68,202
15,75,202
1,71,203
2,23,203
3,55,203
4,49,203
5,64,203
6,15,203
7,14,203
8,75,203
1,30,204
2,56,204
3,23,204
4,57,204
5,55,204
6,71,204
7,49,204
8,21,204
9,68,204
10,22,204
11,74,204
12,73,204
13,15,204
1,57,205
2,30,205
3,14,205
4,56,205
5,49,205
6,21,205
7,25,205
8,35,205
9,71,205
10,55,205
11,22,205
12,44,205
13,50,205
14,63,205
15,75,205
16,68,205
1,57,206
2,56,206
3,14,206
4,71,206
5,49,206
6,35,206
7,55,206
8,21,206
9,25,206
10,65,206
11,44,206
12,15,206
1,14,207
2,30,207
3,57,207
4,77,207
5,44,207
6,78,207
7,75,207
8,49,207
9,15,207
10,64,207
1,35,208
2,77,208
3,44,208
4,57,208
5,30,208
6,55,208
7,65,208
8,21,208
9,49,208
10,14,208
11,78,208
12,15,208
13,63,208
14,75,208
15,50,208
16,56,208
17,71,208
18,79,208
1,35,209
2,56,209
3,23,209
4,65,209
5,57,209
6,77,209
7,55,209
8,63,209
9,15,209
10,76,209
1,49,210
2,30,210
3,56,210
4,21,210
5,55,210
6,57,210
7,78,210
8,44,210
9,63,210
10,50,210
11,79,210
1,30,211
2,22,211
3,56,211
4,44,211
5,63,211
6,21,211
7,76,211
8,50,211
9,77,211
10,79,211
1,35,212
2,44,212
3,55,212
4,30,212
5,65,212
6,14,212
7,57,212
8,49,212
9,21,212
10,77,212
11,50,212
12,56,212
13,76,212
14,81,212
15,15,212
1,30,213
2,55,213
3,21,213
4,49,213
5,65,213
6,75,213
7,14,213
8,64,213
9,71,213
10,81,213
11,44,213
1,30,214
2,49,214
3,56,214
4,35,214
5,55,214
6,23,214
7,14,214
8,65,214
9,21,214
10,15,214
11,79,214
12,71,214
1,35,215
2,55,215
3,25,215
4,14,215
5,23,215
6,71,215
7,21,215
8,15,215
9,82,215
10,58,215
11,75,215
1,77,216
2,30,216
3,57,216
4,15,216
5,23,216
6,55,216
7,75,216
8,71,216
9,82,216
10,50,216
11,21,216
1,35,217
2,71,217
3,65,217
4,30,217
5,23,217
6,75,217
7,15,217
8,77,217
9,56,217
10,79,217
11,55,217
12,58,217
13,63,217
1,30,218
2,21,218
3,49,218
4,65,218
5,35,218
6,77,218
7,64,218
8,55,218
9,81,218
10,56,218
11,63,218
12,76,218
13,71,218
14,79,218
15,15,218
1,14,219
2,55,219
3,49,219
4,21,219
5,35,219
6,30,219
7,77,219
8,56,219
9,57,219
10,15,219
11,75,219
12,81,219
13,22,219
14,58,219
1,35,220
2,14,220
3,49,220
4,21,220
5,23,220
6,30,220
7,71,220
8,65,220
9,81,220
10,77,220
11,79,220
12,50,220
13,64,220
14,22,220
1,35,221
2,55,221
3,49,221
4,77,221
5,64,221
6,44,221
7,65,221
8,71,221
9,81,221
10,63,221
1,30,222
2,49,222
3,56,222
4,57,222
5,55,222
6,65,222
7,21,222
8,77,222
9,23,222
10,14,222
11,71,222
12,64,222
13,50,222
1,57,223
2,14,223
3,35,223
4,77,223
5,56,223
6,49,223
7,44,223
8,65,223
9,76,223
10,75,223
11,21,223
12,63,223
13,55,223
14,82,223
15,58,223
16,50,223
17,79,223
1,71,224
2,35,224
3,56,224
4,77,224
5,57,224
6,63,224
7,44,224
8,49,224
9,73,224
10,64,224
11,79,224
1,71,225
2,55,225
3,30,225
4,57,225
5,63,225
6,44,225
7,56,225
8,64,225
9,79,225
10,83,225
11,69,225
12,84,225
1,71,226
2,35,226
3,55,226
4,22,226
5,56,226
6,50,226
7,14,226
8,44,226
9,65,226
10,85,226
1,35,227
2,30,227
3,14,227
4,71,227
5,22,227
6,84,227
7,65,227
8,57,227
9,77,227
10,64,227
11,73,227
12,83,227
13,21,227
1,71,228
2,30,228
3,77,228
4,56,228
5,22,228
6,55,228
7,64,228
8,57,228
9,83,228
10,69,228
11,35,228
1,44,229
2,14,229
3,65,229
4,49,229
5,63,229
6,57,229
7,56,229
1,30,230
2,55,230
3,35,230
4,49,230
5,57,230
6,64,230
1,71,231
2,35,231
3,55,231
4,14,231
5,57,231
6,84,231
7,65,231
8,21,231
1,71,232
2,35,232
3,55,232
4,77,232
5,57,232
6,14,232
7,44,232
8,84,232
9,22,232
10,63,232
11,73,232
12,83,232
1,35,233
2,77,233
3,57,233
4,22,233
5,14,233
6,84,233
7,63,233
8,49,233
9,65,233
10,50,233
11,21,233
1,71,234
2,55,234
3,35,234
4,30,234
5,14,234
6,22,234
7,44,234
8,49,234
9,63,234
10,84,234
11,73,234
12,83,234
13,77,234
1,35,235
2,71,235
3,55,235
4,57,235
5,44,235
6,22,235
7,79,235
8,73,235
9,30,235
10,86,235
1,30,236
2,35,236
3,57,236
4,55,236
5,71,236
6,77,236
7,63,236
8,79,236
9,73,236
10,83,236
1,30,237
2,55,237
3,57,237
4,84,237
5,22,237
6,64,237
7,35,237
8,50,237
9,65,237
10,79,237
1,35,238
2,71,238
3,30,238
4,55,238
5,56,238
6,77,238
7,49,238
8,65,238
9,84,238
10,44,238
11,63,238
12,79,238
13,14,238
14,73,238
15,86,238
16,83,238
1,71,239
2,30,239
3,57,239
4,77,239
5,84,239
6,49,239
7,44,239
8,14,239
9,22,239
10,65,239
11,50,239
12,83,239
13,73,239
1,30,240
2,14,240
3,77,240
4,57,240
5,55,240
6,87,240
7,63,240
8,88,240
9,85,240
10,64,240
1,71,241
2,55,241
3,30,241
4,65,241
5,49,241
6,77,241
7,44,241
8,79,241
9,93,241
1,71,242
2,55,242
3,77,242
4,14,242
5,57,242
6,49,242
7,65,242
8,56,242
9,44,242
10,95,242
11,88,242
12,94,242
13,81,242
14,69,242
1,30,243
2,65,243
3,77,243
4,71,243
5,56,243
6,44,243
7,22,243
8,49,243
9,84,243
10,63,243
11,81,243
12,50,243
13,91,243
14,94,243
15,93,243
1,30,244
2,71,244
3,77,244
4,65,244
5,87,244
6,49,244
7,94,244
8,96,244
9,81,244
10,64,244
1,55,245
2,22,245
3,56,245
4,44,245
5,30,245
6,81,245
7,63,245
8,69,245
9,89,245
10,84,245
11,77,245
1,30,246
2,71,246
3,14,246
4,84,246
5,55,246
6,22,246
7,57,246
8,44,246
9,56,246
10,49,246
11,87,246
12,77,246
13,69,246
14,81,246
15,63,246
16,90,246
1,65,247
2,55,247
3,14,247
4,44,247
5,87,247
6,49,247
7,94,247
8,63,247
9,96,247
10,69,247
11,22,247
12,92,247
1,30,248
2,14,248
3,77,248
4,65,248
5,96,248
6,88,248
7,79,248
8,85,248
9,56,248
1,71,249
2,14,249
3,77,249
4,65,249
5,49,249
6,44,249
7,22,249
8,69,249
9,83,249
10,96,249
11,30,249
12,85,249
1,30,250
2,71,250
3,84,250
4,49,250
5,87,250
6,22,250
7,65,250
8,63,250
9,44,250
10,83,250
11,96,250
12,89,250
13,64,250
14,90,250
1,65,251
2,57,251
3,49,251
4,87,251
5,63,251
6,96,251
7,97,251
8,89,251
9,64,251
10,79,251
1,14,252
2,30,252
3,71,252
4,77,252
5,55,252
6,49,252
7,65,252
8,84,252
9,87,252
10,56,252
11,22,252
12,96,252
13,63,252
14,69,252
15,89,252
16,64,252
17,90,252
1,30,253
2,55,253
3,14,253
4,22,253
5,65,253
6,56,253
7,84,253
8,57,253
9,83,253
10,63,253
11,69,253
12,97,253
13,64,253
14,99,253
15,98,253
1,30,254
2,14,254
3,71,254
4,77,254
5,55,254
6,65,254
7,49,254
8,44,254
9,87,254
10,76,254
11,56,254
12,63,254
13,83,254
14,79,254
15,69,254
16,90,254
17,64,254
1,30,255
2,57,255
3,65,255
4,56,255
5,44,255
6,63,255
7,87,255
8,49,255
9,69,255
10,91,255
11,83,255
12,89,255
1,71,256
2,44,256
3,81,256
4,87,256
5,63,256
6,83,256
7,64,256
8,92,256
1,30,257
2,71,257
3,55,257
4,22,257
5,79,257
6,91,257
7,65,257
8,94,257
9,100,257
10,83,257
11,44,257
12,101,257
1,30,258
2,77,258
3,22,258
4,104,258
5,49,258
6,100,258
7,65,258
8,83,258
9,44,258
10,103,258
11,107,258
1,30,259
2,78,259
3,57,259
4,91,259
5,79,259
6,71,259
7,49,259
8,84,259
9,87,259
10,65,259
11,44,259
12,103,259
13,104,259
1,30,260
2,84,260
3,77,260
4,110,260
5,55,260
6,105,260
7,109,260
8,106,260
9,44,260
10,100,260
11,83,260
1,71,261
2,30,261
3,87,261
4,55,261
5,94,261
6,56,261
7,44,261
8,103,261
9,70,261
10,101,261
11,84,261
1,30,262
2,71,262
3,55,262
4,77,262
5,14,262
6,109,262
7,22,262
8,65,262
9,94,262
10,87,262
11,105,262
12,44,262
13,103,262
14,101,262
15,70,262
1,30,263
2,71,263
3,77,263
4,49,263
5,94,263
6,110,263
7,65,263
8,104,263
9,111,263
10,87,263
11,100,263
1,71,264
2,55,264
3,57,264
4,22,264
5,14,264
6,79,264
7,49,264
8,50,264
9,104,264
10,94,264
11,65,264
12,44,264
13,103,264
14,106,264
15,101,264
16,111,264
1,77,265
2,44,265
3,103,265
4,104,265
5,81,265
6,100,265
7,106,265
8,71,265
1,30,266
2,71,266
3,50,266
4,84,266
5,87,266
6,44,266
7,105,266
8,100,266
9,106,266
10,103,266
11,101,266
12,77,266
13,70,266
14,104,266
1,71,267
2,57,267
3,50,267
4,14,267
5,87,267
6,81,267
7,44,267
8,94,267
9,105,267
10,103,267
11,111,267
12,65,267
13,56,267
1,71,268
2,77,268
3,57,268
4,22,268
5,84,268
6,14,268
7,103,268
8,100,268
9,109,268
10,44,268
1,71,269
2,14,269
3,57,269
4,22,269
5,50,269
6,84,269
7,56,269
8,104,269
9,81,269
10,103,269
11,65,269
12,94,269
13,105,269
14,114,269
15,111,269
16,113,269
1,30,270
2,71,270
3,57,270
4,56,270
5,77,270
6,49,270
7,79,270
8,65,270
9,44,270
10,55,270
11,81,270
12,22,270
13,87,270
14,105,270
15,94,270
16,70,270
17,104,270
18,103,270
19,93,270
1,71,271
2,30,271
3,55,271
4,95,271
5,56,271
6,49,271
7,57,271
8,104,271
9,100,271
10,63,271
11,44,271
12,101,271
13,70,271
1,95,272
2,77,272
3,84,272
4,22,272
5,44,272
6,55,272
7,49,272
8,104,272
9,94,272
10,109,272
11,116,272
12,57,272
1,117,273
2,102,273
3,87,273
4,104,273
5,109,273
6,77,273
7,118,273
1,102,274
2,71,274
3,30,274
4,65,274
5,87,274
6,70,274
7,112,274
8,55,274
9,118,274
10,100,274
11,105,274
12,69,274
1,102,275
2,71,275
3,117,275
4,65,275
5,119,275
6,120,275
7,104,275
8,70,275
9,100,275
10,22,275
11,105,275
1,117,276
2,30,276
3,84,276
4,109,276
5,112,276
6,120,276
7,69,276
8,65,276
9,88,276
1,117,277
2,102,277
3,30,277
4,119,277
5,121,277
6,77,277
7,87,277
8,104,277
9,100,277
10,88,277
11,123,277
12,22,277
13,118,277
14,70,277
1,102,278
2,71,278
3,55,278
4,117,278
5,104,278
6,84,278
7,70,278
8,121,278
9,22,278
10,110,278
11,120,278
12,112,278
13,91,278
14,77,278
1,117,279
2,30,279
3,71,279
4,77,279
5,84,279
6,91,279
7,109,279
8,100,279
9,104,279
10,65,279
11,70,279
12,123,279
13,88,279
14,121,279
15,69,279
16,118,279
17,79,279
18,102,279
1,117,280
2,71,280
3,30,280
4,102,280
5,84,280
6,121,280
7,22,280
8,104,280
9,112,280
10,119,280
11,123,280
12,88,280
13,118,280
14,77,280
15,110,280
16,100,280
1,117,281
2,30,281
3,119,281
4,65,281
5,102,281
6,118,281
7,87,281
8,109,281
9,55,281
10,22,281
11,112,281
12,104,281
13,79,281
14,84,281
1,117,282
2,30,282
3,87,282
4,102,282
5,119,282
6,77,282
7,55,282
8,84,282
9,91,282
10,65,282
11,104,282
12,112,282
13,123,282
14,94,282
15,71,282
16,105,282
17,118,282
1,71,283
2,119,283
3,77,283
4,118,283
5,84,283
6,91,283
7,87,283
8,112,283
9,123,283
10,79,283
11,110,283
12,117,283
1,71,284
2,30,284
3,117,284
4,102,284
5,65,284
6,119,284
7,84,284
8,121,284
9,109,284
10,77,284
11,87,284
12,112,284
13,69,284
14,105,284
15,79,284
1,71,285
2,55,285
3,121,285
4,91,285
5,119,285
6,100,285
7,94,285
8,104,285
9,112,285
10,69,285
11,83,285
12,117,285
13,110,285
14,79,285
1,30,286
2,117,286
3,71,286
4,55,286
5,91,286
6,84,286
7,109,286
8,94,286
9,104,286
10,112,286
11,100,286
12,110,286
13,22,286
14,69,286
15,118,286
16,119,286
1,102,287
2,117,287
3,57,287
4,71,287
5,22,287
6,56,287
7,87,287
8,109,287
9,84,287
10,94,287
11,65,287
12,126,287
13,83,287
14,118,287
1,102,288
2,117,288
3,71,288
4,55,288
5,77,288
6,84,288
7,88,288
8,119,288
9,87,288
10,118,288
11,22,288
12,100,288
13,110,288
14,126,288
15,91,288
1,95,289
2,119,289
3,102,289
4,30,289
5,77,289
6,65,289
7,100,289
8,88,289
9,57,289
10,105,289
11,127,289
12,79,289
13,128,289
1,95,290
2,119,290
3,30,290
4,77,290
5,110,290
6,57,290
7,65,290
8,109,290
9,100,290
10,123,290
11,92,290
12,79,290
13,105,290
1,95,291
2,119,291
3,30,291
4,55,291
5,122,291
6,105,291
7,81,291
8,109,291
9,79,291
10,57,291
1,95,292
2,30,292
3,55,292
4,77,292
5,105,292
6,94,292
7,88,292
8,91,292
9,102,292
10,122,292
11,104,292
12,108,292
1,95,293
2,119,293
3,102,293
4,84,293
5,105,293
6,94,293
7,127,293
8,129,293
9,100,293
10,88,293
11,109,293
12,91,293
13,108,293
14,110,293
1,102,294
2,95,294
3,119,294
4,30,294
5,84,294
6,92,294
7,105,294
8,104,294
9,109,294
10,100,294
11,88,294
12,123,294
1,77,295
2,30,295
3,55,295
4,91,295
5,110,295
6,100,295
7,105,295
8,94,295
9,109,295
10,123,295
11,81,295
12,129,295
13,104,295
14,108,295
1,95,296
2,119,296
3,84,296
4,57,296
5,100,296
6,65,296
7,105,296
8,81,296
9,109,296
10,94,296
11,129,296
1,95,297
2,119,297
3,84,297
4,30,297
5,77,297
6,57,297
7,105,297
8,100,297
9,122,297
10,123,297
11,129,297
12,88,297
13,109,297
14,99,297
15,94,297
16,71,297
17,81,297
1,95,298
2,102,298
3,30,298
4,84,298
5,55,298
6,100,298
7,123,298
8,119,298
9,105,298
10,109,298
11,94,298
12,81,298
13,108,298
14,92,298
15,127,298
16,91,298
1,102,299
2,95,299
3,77,299
4,57,299
5,84,299
6,122,299
7,105,299
8,110,299
9,108,299
10,127,299
11,71,299
1,30,300
2,95,300
3,119,300
4,84,300
5,102,300
6,57,300
7,109,300
8,110,300
9,88,300
10,128,300
11,91,300
12,125,300
13,65,300
14,127,300
15,131,300
16,81,300
17,79,300
18,92,300
1,102,301
2,84,301
3,30,301
4,77,301
5,119,301
6,110,301
7,105,301
8,94,301
9,79,301
10,91,301
11,109,301
1,95,302
2,77,302
3,102,302
4,84,302
5,57,302
6,105,302
7,30,302
8,123,302
9,110,302
10,88,302
11,125,302
12,104,302
13,131,302
14,81,302
1,119,303
2,77,303
3,84,303
4,110,303
5,55,303
6,104,303
7,131,303
8,88,303
9,109,303
10,94,303
11,79,303
12,78,303
13,125,303
14,81,303
15,105,303
1,77,304
2,30,304
3,84,304
4,55,304
5,123,304
6,131,304
7,57,304
8,88,304
9,104,304
10,81,304
11,78,304
12,136,304
13,65,304
1,102,305
2,117,305
3,137,305
4,131,305
5,138,305
6,88,305
7,78,305
8,99,305
9,94,305
10,92,305
11,84,305
12,55,305
13,57,305
1,102,306
2,119,306
3,77,306
4,117,306
5,137,306
6,55,306
7,90,306
8,81,306
9,57,306
10,123,306
11,139,306
12,84,306
13,92,306
1,102,307
2,77,307
3,109,307
4,94,307
5,57,307
6,141,307
7,123,307
8,87,307
9,128,307
10,100,307
11,84,307
12,127,307
13,90,307
1,102,308
2,95,308
3,55,308
4,90,308
5,117,308
6,139,308
7,123,308
8,92,308
9,103,308
10,100,308
11,109,308
12,94,308
1,137,309
2,131,309
3,119,309
4,110,309
5,92,309
6,95,309
7,94,309
8,100,309
9,139,309
10,138,309
1,119,310
2,95,310
3,102,310
4,110,310
5,90,310
6,103,310
7,81,310
8,123,310
9,57,310
10,65,310
11,131,310
12,138,310
1,95,311
2,117,311
3,102,311
4,55,311
5,119,311
6,110,311
7,127,311
8,137,311
9,94,311
10,65,311
11,100,311
12,123,311
1,95,312
2,77,312
3,117,312
4,102,312
5,137,312
6,92,312
7,131,312
8,138,312
9,94,312
10,139,312
11,81,312
12,57,312
13,109,312
14,65,312
1,95,313
2,119,313
3,55,313
4,77,313
5,110,313
6,92,313
7,102,313
8,90,313
9,123,313
10,139,313
11,84,313
12,87,313
13,131,313
1,102,314
2,95,314
3,119,314
4,77,314
5,55,314
6,122,314
7,110,314
8,90,314
9,92,314
10,100,314
11,127,314
12,131,314
13,81,314
14,57,314
15,138,314
16,78,314
17,123,314
1,102,315
2,77,315
3,137,315
4,90,315
5,119,315
6,87,315
7,65,315
8,139,315
9,84,315
10,129,315
11,123,315
12,94,315
13,110,315
1,95,316
2,102,316
3,117,316
4,77,316
5,30,316
6,137,316
7,110,316
8,122,316
9,81,316
10,139,316
11,100,316
12,87,316
13,84,316
14,57,316
15,127,316
16,78,316
1,119,317
2,102,317
3,55,317
4,94,317
5,137,317
6,30,317
7,127,317
8,110,317
9,81,317
10,90,317
11,100,317
12,84,317
13,138,317
14,57,317
15,105,317
16,123,317
17,122,317
1,95,318
2,117,318
3,119,318
4,55,318
5,102,318
6,30,318
7,127,318
8,109,318
9,70,318
10,84,318
11,137,318
12,99,318
13,94,318
14,81,318
15,139,318
16,131,318
17,138,318
1,77,319
2,102,319
3,119,319
4,117,319
5,84,319
6,131,319
7,137,319
8,127,319
9,123,319
10,133,319
11,99,319
1,102,320
2,95,320
3,77,320
4,137,320
5,119,320
6,81,320
7,139,320
8,110,320
9,70,320
10,131,320
11,65,320
12,109,320
13,105,320
14,127,320
15,133,320
16,90,320
17,87,320
18,100,320
19,57,320
20,91,320
1,102,321
2,55,321
3,123,321
4,137,321
5,131,321
6,138,321
7,94,321
8,103,321
9,119,321
10,105,321
11,145,321
12,146,321
13,90,321
14,127,321
1,117,322
2,77,322
3,102,322
4,95,322
5,123,322
6,137,322
7,55,322
8,138,322
9,94,322
10,145,322
11,78,322
12,112,322
13,119,322
14,81,322
1,119,323
2,77,323
3,145,323
4,117,323
5,137,323
6,55,323
7,118,323
8,151,323
9,112,323
10,78,323
11,147,323
12,109,323
13,103,323
1,102,324
2,55,324
3,77,324
4,123,324
5,133,324
6,103,324
7,148,324
1,102,325
2,137,325
3,95,325
4,77,325
5,117,325
6,118,325
7,131,325
8,133,325
9,103,325
10,122,325
11,138,325
12,88,325
13,129,325
1,117,326
2,95,326
3,77,326
4,145,326
5,123,326
6,137,326
7,55,326
8,151,326
9,119,326
10,118,326
11,131,326
12,94,326
13,110,326
14,147,326
15,148,326
16,78,326
17,105,326
18,112,326
19,129,326
20,102,326
1,117,327
2,122,327
3,102,327
4,137,327
5,77,327
6,119,327
7,88,327
8,103,327
9,112,327
10,105,327
11,118,327
12,151,327
13,131,327
14,78,327
15,101,327
16,145,327
17,114,327
18,95,327
1,117,328
2,123,328
3,102,328
4,103,328
5,137,328
6,88,328
7,133,328
8,55,328
9,131,328
10,78,328
11,139,328
12,147,328
13,112,328
14,77,328
1,102,329
2,145,329
3,77,329
4,117,329
5,119,329
6,123,329
7,122,329
8,118,329
9,133,329
10,78,329
11,55,329
1,123,330
2,102,330
3,137,330
4,119,330
5,118,330
6,103,330
7,151,330
8,127,330
9,133,330
10,139,330
11,78,330
12,105,330
13,99,330
14,112,330
15,147,330
16,77,330
17,95,330
1,102,331
2,117,331
3,77,331
4,145,331
5,137,331
6,127,331
7,122,331
8,55,331
9,103,331
10,133,331
11,118,331
12,151,331
13,105,331
14,78,331
15,94,331
16,129,331
17,131,331
1,102,332
2,117,332
3,77,332
4,95,332
5,119,332
6,138,332
7,137,332
8,145,332
9,133,332
10,110,332
11,78,332
12,105,332
13,112,332
1,95,333
2,102,333
3,117,333
4,77,333
5,137,333
6,145,333
7,119,333
8,55,333
9,105,333
10,78,333
11,94,333
12,127,333
13,133,333
14,88,333
15,139,333
1,117,334
2,95,334
3,145,334
4,123,334
5,119,334
6,88,334
7,78,334
8,127,334
9,114,334
10,105,334
1,137,335
2,90,335
3,88,335
4,119,335
5,123,335
6,138,335
7,78,335
8,94,335
9,133,335
10,112,335
1,137,336
2,95,336
3,117,336
4,77,336
5,123,336
6,119,336
7,90,336
8,55,336
9,94,336
10,78,336
11,112,336
12,131,336
13,129,336
1,18,1
2,22,1
3,15,1
4,10,1
5,4,1
6,3,1
7,67,1
8,7,1
9,16,1
10,2,1
11,21,1
12,17,1
13,20,1
14,9,1
15,8,1
1,18,2
2,2,2
3,10,2
4,15,2
5,22,2
6,17,2
7,1,2
8,3,2
9,13,2
10,7,2
11,4,2
12,6,2
13,12,2
14,8,2
15,20,2
16,67,2
17,16,2
18,21,2
1,20,3
2,17,3
3,18,3
4,22,3
5,5,3
6,1,3
7,10,3
8,67,3
9,4,3
10,8,3
11,7,3
12,2,3
13,9,3
14,21,3
15,3,3
16,12,3
17,16,3
1,18,4
2,20,4
3,15,4
4,1,4
5,22,4
6,8,4
7,10,4
8,4,4
9,3,4
10,12,4
11,17,4
12,5,4
13,7,4
14,13,4
15,21,4
16,16,4
17,67,4
18,9,4
19,2,4
1,18,5
2,22,5
3,17,5
4,20,5
5,4,5
6,13,5
7,2,5
8,3,5
9,1,5
10,10,5
11,9,5
12,12,5
13,6,5
14,21,5
1,18,6
2,22,6
3,8,6
4,13,6
5,17,6
6,3,6
7,4,6
8,7,6
9,21,6
10,10,6
11,2,6
12,1,6
13,15,6
14,16,6
15,6,6
1,18,7
2,17,7
3,20,7
4,15,7
5,3,7
6,13,7
7,9,7
8,10,7
9,8,7
10,4,7
11,2,7
12,6,7
13,1,7
14,5,7
15,67,7
16,12,7
17,16,7
18,7,7
1,20,8
2,17,8
3,22,8
4,13,8
5,3,8
6,18,8
7,15,8
8,8,8
9,10,8
10,21,8
11,6,8
12,12,8
13,9,8
14,4,8
15,2,8
16,1,8
17,16,8
18,67,8
1,17,9
2,20,9
3,13,9
4,3,9
5,18,9
6,22,9
7,4,9
8,5,9
9,10,9
10,2,9
11,21,9
12,6,9
13,12,9
14,9,9
15,16,9
16,67,9
17,15,9
18,1,9
1,1,10
2,8,10
3,17,10
4,3,10
5,5,10
6,10,10
7,18,10
8,15,10
9,6,10
10,22,10
11,2,10
12,12,10
13,9,10
14,21,10
15,153,10
16,67,10
1,22,11
2,1,11
3,8,11
4,5,11
5,3,11
6,4,11
7,18,11
8,9,11
9,17,11
10,16,11
11,2,11
12,21,11
13,15,11
14,10,11
15,154,11
16,153,11
17,69,11
18,6,11
1,8,12
2,21,12
3,20,12
4,9,12
5,2,12
6,5,12
7,22,12
8,3,12
9,17,12
10,10,12
11,16,12
12,67,12
13,6,12
14,69,12
1,22,13
2,18,13
3,8,13
4,16,13
5,4,13
6,5,13
7,2,13
8,20,13
9,21,13
10,6,13
11,10,13
12,1,13
13,67,13
14,15,13
15,154,13
16,3,13
1,1,14
2,10,14
3,4,14
4,20,14
5,18,14
6,22,14
7,5,14
8,9,14
9,6,14
10,8,14
11,3,14
12,15,14
13,21,14
14,24,14
1,20,15
2,15,15
3,1,15
4,8,15
5,3,15
6,2,15
7,22,15
8,18,15
9,9,15
10,4,15
11,5,15
12,21,15
13,16,15
14,24,15
15,6,15
16,154,15
17,17,15
1,17,16
2,9,16
3,1,16
4,20,16
5,18,16
6,8,16
7,67,16
8,22,16
9,5,16
10,155,16
11,21,16
12,24,16
13,154,16
14,153,16
1,95,356
2,117,356
3,127,356
4,65,356
5,118,356
6,145,356
7,156,356
8,138,356
9,129,356
10,105,356
11,102,356
12,112,356
13,110,356
14,157,356
15,119,356
1,102,357
2,117,357
3,145,357
4,123,357
5,118,357
6,156,357
7,133,357
8,99,357
9,158,357
10,110,357
11,65,357
12,78,357
1,102,358
2,117,358
3,131,358
4,133,358
5,105,358
6,84,358
7,158,358
8,145,358
9,156,358
10,123,358
11,122,358
12,163,358
13,110,358
14,65,358
15,119,358
1,102,359
2,119,359
3,105,359
4,145,359
5,117,359
6,99,359
7,158,359
8,129,359
9,84,359
10,131,359
11,137,359
12,157,359
13,133,359
14,163,359
15,65,359
1,117,360
2,119,360
3,158,360
4,157,360
5,65,360
6,123,360
7,99,360
8,110,360
9,156,360
1,123,361
2,119,361
3,110,361
4,137,361
5,163,361
6,133,361
7,102,361
8,157,361
1,117,362
2,95,362
3,119,362
4,55,362
5,140,362
6,129,362
7,158,362
8,137,362
9,139,362
10,156,362
11,103,362
12,151,362
13,92,362
1,117,363
2,95,363
3,145,363
4,137,363
5,94,363
6,159,363
7,129,363
8,138,363
9,118,363
10,123,363
11,139,363
12,92,363
1,102,364
2,117,364
3,95,364
4,119,364
5,137,364
6,118,364
7,110,364
8,84,364
9,94,364
10,55,364
11,163,364
12,158,364
1,95,365
2,102,365
3,123,365
4,117,365
5,158,365
6,137,365
7,133,365
8,139,365
9,55,365
10,118,365
11,131,365
12,84,365
13,156,365
1,102,366
2,117,366
3,95,366
4,123,366
5,145,366
6,118,366
7,127,366
8,140,366
9,94,366
10,139,366
11,110,366
12,122,366
13,129,366
14,156,366
15,159,366
16,112,366
1,117,367
2,77,367
3,123,367
4,119,367
5,55,367
6,84,367
7,94,367
8,159,367
9,163,367
10,138,367
11,133,367
1,77,368
2,117,368
3,140,368
4,145,368
5,94,368
6,156,368
7,138,368
8,84,368
9,112,368
10,127,368
11,105,368
12,159,368
13,163,368
14,131,368
1,102,369
2,77,369
3,117,369
4,55,369
5,119,369
6,112,369
7,110,369
8,137,369
9,118,369
10,156,369
1,145,370
2,119,370
3,123,370
4,137,370
5,84,370
6,118,370
7,127,370
8,158,370
9,133,370
10,110,370
1,123,371
2,145,371
3,119,371
4,138,371
5,139,371
6,94,371
7,127,371
8,131,371
1,117,372
2,77,372
3,137,372
4,118,372
5,105,372
6,138,372
7,123,372
8,158,372
9,140,372
1,102,373
2,117,373
3,137,373
4,123,373
5,77,373
6,145,373
7,158,373
8,138,373
9,118,373
10,166,373
11,159,373
12,114,373
13,119,373
14,156,373
15,127,373
16,167,373
17,112,373
18,105,373
1,117,374
2,77,374
3,105,374
4,118,374
5,156,374
6,119,374
7,114,374
8,123,374
9,78,374
10,122,374
1,117,375
2,102,375
3,77,375
4,105,375
5,118,375
6,158,375
7,145,375
8,123,375
9,114,375
10,140,375
11,159,375
12,166,375
13,165,375
14,99,375
15,160,375
16,122,375
1,102,376
2,117,376
3,123,376
4,137,376
5,122,376
6,156,376
7,118,376
8,99,376
9,110,376
10,112,376
11,138,376
12,131,376
13,159,376
14,160,376
1,102,377
2,117,377
3,123,377
4,110,377
5,156,377
6,94,377
7,114,377
8,133,377
9,141,377
1,117,378
2,102,378
3,105,378
4,77,378
5,137,378
6,145,378
7,138,378
8,127,378
9,122,378
10,110,378
11,158,378
12,133,378
13,114,378
14,131,378
15,94,378
1,102,379
2,95,379
3,145,379
4,127,379
5,137,379
6,118,379
7,158,379
8,119,379
9,77,379
10,138,379
11,133,379
12,131,379
13,114,379
14,112,379
15,94,379
16,141,379
17,105,379
18,163,379
19,78,379
1,102,380
2,117,380
3,77,380
4,105,380
5,122,380
6,123,380
7,118,380
8,127,380
9,138,380
10,158,380
11,156,380
12,146,380
13,110,380
14,160,380
15,133,380
16,165,380
17,163,380
18,145,380
19,114,380
1,102,381
2,117,381
3,123,381
4,77,381
5,127,381
6,119,381
7,138,381
8,137,381
9,114,381
10,159,381
11,131,381
12,112,381
13,99,381
1,102,382
2,117,382
3,122,382
4,137,382
5,118,382
6,158,382
7,84,382
8,133,382
9,112,382
10,166,382
11,140,382
12,156,382
13,146,382
1,77,383
2,105,383
3,158,383
4,118,383
5,122,383
6,123,383
7,119,383
8,127,383
9,145,383
10,102,383
11,168,383
12,141,383
13,163,383
1,117,384
2,122,384
3,123,384
4,118,384
5,105,384
6,102,384
7,133,384
8,159,384
9,166,384
10,163,384
11,99,384
12,78,384
1,117,385
2,95,385
3,145,385
4,102,385
5,119,385
6,77,385
7,127,385
8,137,385
9,123,385
10,133,385
11,114,385
12,159,385
13,131,385
14,112,385
1,102,386
2,117,386
3,123,386
4,77,386
5,145,386
6,119,386
7,138,386
8,166,386
9,112,386
10,127,386
11,105,386
12,156,386
13,94,386
14,141,386
15,159,386
16,88,386
17,163,386
1,117,387
2,102,387
3,137,387
4,119,387
5,123,387
6,122,387
7,94,387
8,110,387
9,140,387
10,112,387
11,166,387
1,117,388
2,137,388
3,140,388
4,77,388
5,123,388
6,95,388
7,138,388
8,105,388
9,157,388
10,156,388
11,166,388
12,169,388
1,95,389
2,102,389
3,105,389
4,140,389
5,84,389
6,138,389
7,157,389
8,166,389
9,119,389
10,112,389
11,118,389
12,133,389
13,169,389
1,117,390
2,140,390
3,110,390
4,158,390
5,138,390
6,163,390
7,160,390
8,112,390
9,166,390
10,169,390
1,102,391
2,137,391
3,105,391
4,77,391
5,156,391
6,122,391
7,84,391
8,170,391
9,117,391
10,138,391
11,163,391
12,160,391
13,169,391
1,102,392
2,137,392
3,117,392
4,77,392
5,95,392
6,158,392
7,140,392
8,157,392
9,119,392
10,163,392
11,156,392
12,169,392
1,95,393
2,137,393
3,117,393
4,102,393
5,170,393
6,166,393
7,156,393
8,140,393
9,169,393
1,95,394
2,137,394
3,102,394
4,138,394
5,118,394
6,170,394
7,123,394
8,156,394
9,169,394
1,137,395
2,140,395
3,102,395
4,166,395
5,156,395
6,112,395
7,117,395
1,137,396
2,102,396
3,117,396
4,123,396
5,119,396
6,118,396
7,156,396
8,158,396
9,166,396
10,122,396
11,145,396
12,160,396
13,169,396
14,95,396
1,95,397
2,137,397
3,170,397
4,123,397
5,102,397
6,117,397
7,140,397
8,160,397
9,157,397
10,163,397
11,122,397
12,112,397
13,138,397
14,156,397
1,137,398
2,102,398
3,95,398
4,77,398
5,123,398
6,140,398
7,170,398
8,160,398
9,157,398
10,163,398
11,138,398
12,166,398
13,122,398
14,156,398
15,117,398
16,145,398
1,117,399
2,77,399
3,137,399
4,170,399
5,140,399
6,158,399
7,102,399
8,138,399
9,122,399
10,156,399
11,145,399
12,166,399
13,118,399
14,123,399
1,95,400
2,117,400
3,140,400
4,137,400
5,102,400
6,112,400
7,166,400
8,158,400
9,138,400
10,118,400
11,84,400
12,122,400
13,119,400
14,167,400
15,105,400
16,123,400
1,95,401
2,137,401
3,119,401
4,158,401
5,170,401
6,112,401
7,156,401
8,166,401
9,114,401
1,77,402
2,102,402
3,140,402
4,105,402
5,123,402
6,138,402
7,117,402
8,156,402
9,158,402
10,118,402
11,119,402
12,166,402
13,160,402
14,114,402
15,137,402
1,77,403
2,105,403
3,123,403
4,156,403
5,114,403
6,90,403
7,157,403
8,110,403
9,119,403
1,137,404
2,102,404
3,172,404
4,163,404
5,84,404
6,77,404
7,166,404
8,173,404
9,174,404
10,170,404
1,102,405
2,95,405
3,117,405
4,177,405
5,170,405
6,77,405
7,123,405
8,175,405
1,117,406
2,137,406
3,77,406
4,140,406
5,177,406
6,119,406
7,123,406
8,84,406
9,176,406
10,105,406
1,117,407
2,177,407
3,102,407
4,95,407
5,163,407
6,172,407
7,137,407
8,123,407
9,176,407
10,140,407
11,166,407
12,156,407
1,95,408
2,102,408
3,140,408
4,105,408
5,172,408
6,117,408
7,170,408
8,119,408
9,176,408
10,77,408
11,178,408
12,166,408
13,156,408
1,95,409
2,117,409
3,137,409
4,177,409
5,102,409
6,163,409
7,172,409
8,105,409
9,84,409
10,178,409
11,166,409
12,179,409
1,102,410
2,172,410
3,117,410
4,105,410
5,95,410
6,119,410
7,174,410
8,156,410
9,166,410
10,118,410
1,95,411
2,117,411
3,137,411
4,177,411
5,163,411
6,172,411
7,119,411
8,105,411
9,118,411
10,84,411
11,157,411
1,95,412
2,137,412
3,117,412
4,163,412
5,84,412
6,166,412
7,174,412
8,118,412
9,156,412
1,137,413
2,102,413
3,95,413
4,163,413
5,177,413
6,117,413
7,118,413
8,175,413
9,178,413
10,77,413
11,140,413
12,180,413
1,137,414
2,102,414
3,95,414
4,140,414
5,174,414
6,84,414
7,175,414
8,166,414
9,112,414
10,156,414
1,117,415
2,105,415
3,140,415
4,178,415
5,175,415
6,157,415
7,77,415
8,179,415
9,177,415
10,163,415
11,160,415
1,137,416
2,95,416
3,140,416
4,177,416
5,77,416
6,178,416
7,123,416
8,157,416
9,166,416
10,84,416
1,95,417
2,117,417
3,137,417
4,102,417
5,105,417
6,140,417
7,163,417
8,170,417
9,174,417
10,123,417
11,157,417
12,156,417
13,180,417
1,77,418
2,117,418
3,102,418
4,137,418
5,95,418
6,112,418
7,123,418
8,110,418
9,157,418
10,156,418
11,84,418
12,140,418
13,119,418
14,145,418
15,163,418
16,180,418
1,117,419
2,137,419
3,140,419
4,84,419
5,166,419
6,174,419
7,163,419
8,112,419
9,156,419
10,170,419
1,117,420
2,105,420
3,173,420
4,163,420
5,175,420
6,172,420
7,140,420
8,84,420
9,112,420
10,118,420
11,123,420
12,160,420
13,181,420
1,102,421
2,105,421
3,175,421
4,173,421
5,95,421
6,185,421
7,118,421
8,140,421
9,160,421
1,173,422
2,123,422
3,175,422
4,182,422
5,95,422
6,140,422
7,102,422
8,137,422
9,84,422
10,118,422
1,117,423
2,105,423
3,173,423
4,110,423
5,118,423
6,172,423
7,95,423
8,177,423
9,123,423
10,84,423
11,156,423
1,105,424
2,140,424
3,117,424
4,177,424
5,173,424
6,95,424
7,175,424
8,172,424
9,123,424
10,119,424
11,185,424
12,84,424
13,77,424
14,110,424
15,176,424
16,102,424
17,158,424
1,177,425
2,140,425
3,105,425
4,185,425
5,173,425
6,137,425
7,123,425
8,176,425
9,158,425
10,110,425
11,77,425
12,172,425
1,137,426
2,177,426
3,117,426
4,140,426
5,173,426
6,175,426
7,118,426
8,176,426
9,123,426
10,158,426
11,119,426
12,181,426
13,185,426
14,170,426
15,160,426
1,117,427
2,105,427
3,172,427
4,137,427
5,118,427
6,176,427
7,84,427
8,77,427
9,119,427
10,102,427
11,185,427
1,105,428
2,117,428
3,172,428
4,123,428
5,182,428
6,95,428
7,77,428
8,185,428
9,140,428
10,84,428
11,94,428
12,177,428
1,117,429
2,102,429
3,105,429
4,140,429
5,173,429
6,176,429
7,185,429
8,123,429
9,179,429
10,175,429
1,182,430
2,117,430
3,102,430
4,105,430
5,173,430
6,95,430
7,84,430
8,137,430
9,77,430
10,176,430
1,117,431
2,137,431
3,102,431
4,176,431
5,140,431
6,173,431
7,175,431
8,84,431
9,123,431
10,166,431
11,95,431
12,170,431
13,105,431
1,102,432
2,95,432
3,117,432
4,177,432
5,137,432
6,118,432
7,77,432
8,176,432
9,166,432
10,123,432
11,172,432
12,94,432
13,84,432
1,95,433
2,102,433
3,177,433
4,117,433
5,173,433
6,123,433
7,187,433
8,166,433
9,119,433
10,77,433
11,158,433
12,175,433
13,176,433
1,95,434
2,177,434
3,117,434
4,140,434
5,77,434
6,123,434
7,84,434
1,177,435
2,172,435
3,166,435
4,122,435
5,140,435
6,77,435
7,179,435
8,94,435
1,117,436
2,177,436
3,173,436
4,158,436
5,175,436
6,123,436
7,176,436
8,156,436
1,182,437
2,117,437
3,118,437
4,119,437
5,110,437
6,102,437
7,173,437
8,184,437
9,176,437
10,183,437
11,105,437
12,123,437
1,105,438
2,118,438
3,163,438
4,177,438
5,173,438
6,102,438
7,175,438
8,176,438
9,137,438
10,156,438
1,117,439
2,163,439
3,173,439
4,118,439
5,123,439
6,110,439
7,158,439
8,184,439
9,156,439
1,182,440
2,175,440
3,95,440
4,163,440
5,173,440
6,177,440
7,117,440
8,172,440
9,170,440
10,110,440
11,123,440
12,160,440
13,156,440
1,117,441
2,102,441
3,163,441
4,177,441
5,173,441
6,105,441
7,160,441
8,172,441
1,137,442
2,182,442
3,117,442
4,173,442
5,163,442
6,95,442
7,102,442
8,181,442
9,188,442
10,112,442
11,158,442
1,137,443
2,173,443
3,170,443
4,117,443
5,172,443
1,177,444
2,163,444
3,173,444
4,172,444
5,160,444
6,95,444
7,190,444
8,181,444
1,182,445
2,118,445
3,102,445
4,173,445
5,105,445
6,163,445
7,137,445
8,175,445
9,160,445
10,110,445
11,176,445
12,119,445
1,117,446
2,182,446
3,118,446
4,95,446
5,175,446
6,163,446
7,110,446
8,183,446
9,179,446
1,182,447
2,137,447
3,105,447
4,170,447
5,123,447
6,176,447
7,163,447
8,183,447
9,156,447
10,119,447
11,112,447
12,77,447
1,117,448
2,182,448
3,95,448
4,173,448
5,170,448
6,175,448
7,183,448
8,177,448
9,156,448
10,112,448
11,163,448
12,189,448
13,158,448
1,182,449
2,105,449
3,119,449
4,140,449
5,189,449
6,77,449
7,160,449
8,179,449
9,158,449
10,123,449
1,117,450
2,105,450
3,137,450
4,182,450
5,163,450
6,119,450
7,110,450
8,184,450
9,123,450
10,183,450
11,118,450
1,117,451
2,182,451
3,102,451
4,105,451
5,173,451
6,137,451
7,175,451
8,119,451
9,163,451
10,181,451
11,140,451
12,110,451
13,77,451
14,172,451
15,184,451
16,189,451
17,158,451
1,137,452
3,182,452
4,172,452
5,175,452
6,176,452
7,117,452
8,118,452
9,192,452
10,163,452
11,193,452
12,95,452
13,188,452
14,194,452
15,181,452
1,187,453
2,182,453
3,163,453
4,172,453
5,176,453
6,188,453
7,196,453
8,193,453
9,105,453
10,119,453
11,117,453
12,95,453
13,158,453
1,117,454
2,137,454
3,158,454
4,175,454
5,177,454
6,172,454
7,163,454
8,105,454
9,197,454
10,176,454
11,188,454
12,110,454
13,152,454
1,175,455
2,117,455
3,163,455
4,177,455
5,187,455
6,176,455
7,172,455
8,192,455
9,196,455
10,184,455
11,181,455
12,95,455
1,177,456
2,137,456
3,117,456
4,175,456
5,193,456
6,184,456
7,192,456
1,117,457
2,175,457
3,158,457
4,137,457
5,177,457
6,172,457
7,118,457
8,152,457
9,173,457
10,188,457
11,176,457
12,193,457
13,196,457
14,105,457
1,105,458
2,177,458
3,187,458
4,137,458
5,172,458
6,95,458
7,123,458
8,117,458
9,152,458
10,196,458
11,176,458
12,184,458
13,182,458
1,163,459
2,158,459
3,175,459
4,177,459
5,117,459
6,187,459
7,123,459
8,105,459
9,181,459
10,184,459
1,117,460
2,137,460
3,175,460
4,95,460
5,163,460
6,182,460
7,184,460
8,110,460
9,187,460
10,197,460
11,177,460
12,172,460
13,105,460
14,193,460
15,123,460
16,195,460
17,176,460
1,163,461
2,110,461
3,119,461
4,117,461
5,187,461
6,172,461
7,176,461
8,197,461
9,123,461
10,177,461
11,188,461
12,193,461
13,137,461
1,117,462
2,163,462
3,137,462
4,158,462
5,95,462
6,182,462
7,197,462
8,177,462
9,187,462
10,190,462
11,160,462
12,140,462
13,123,462
1,163,463
2,175,463
3,187,463
4,118,463
5,184,463
6,105,463
7,140,463
8,176,463
9,119,463
10,196,463
11,190,463
12,195,463
13,152,463
14,123,463
1,137,464
2,163,464
3,158,464
4,175,464
5,173,464
6,118,464
7,152,464
8,95,464
9,197,464
10,176,464
11,177,464
12,188,464
13,195,464
1,137,465
2,117,465
3,95,465
4,110,465
5,118,465
6,152,465
7,119,465
8,181,465
9,163,465
10,158,465
11,123,465
12,195,465
13,156,465
14,140,465
15,196,465
1,119,466
2,110,466
3,137,466
4,118,466
5,177,466
6,158,466
7,193,466
8,176,466
9,123,466
10,197,466
11,182,466
12,186,466
1,117,467
2,199,467
3,163,467
4,182,467
5,177,467
6,187,467
7,105,467
8,173,467
9,194,467
10,181,467
11,152,467
12,200,467
13,110,467
14,206,467
15,196,467
16,201,467
17,192,467
18,202,467
1,117,468
2,187,468
3,95,468
4,105,468
5,181,468
6,202,468
7,201,468
8,200,468
9,197,468
10,184,468
1,182,469
2,177,469
3,119,469
4,105,469
5,173,469
6,187,469
7,95,469
8,200,469
9,196,469
10,201,469
1,202,470
2,203,470
3,105,470
4,197,470
5,194,470
1,187,471
2,177,471
3,158,471
4,173,471
5,137,471
6,192,471
7,176,471
8,196,471
9,172,471
1,119,472
2,202,472
3,110,472
4,95,472
5,173,472
6,206,472
7,117,472
8,205,472
9,176,472
10,105,472
1,187,473
2,158,473
3,202,473
4,177,473
5,206,473
6,172,473
7,200,473
8,176,473
9,205,473
10,163,473
11,192,473
1,137,474
2,119,474
3,187,474
4,173,474
5,176,474
6,110,474
7,206,474
8,184,474
9,202,474
10,158,474
11,200,474
1,202,475
2,137,475
3,177,475
4,182,475
5,206,475
6,184,475
7,105,475
8,175,475
9,187,475
10,176,475
11,152,475
12,181,475
13,194,475
14,197,475
15,119,475
1,182,476
2,202,476
3,175,476
4,173,476
5,206,476
6,117,476
7,152,476
8,205,476
9,184,476
10,200,476
1,163,477
2,117,477
3,202,477
4,175,477
5,177,477
6,105,477
7,206,477
8,182,477
9,152,477
10,205,477
11,181,477
12,209,477
13,176,477
14,172,477
15,118,477
16,158,477
1,175,478
2,163,478
3,177,478
4,105,478
5,152,478
6,176,478
7,205,478
8,195,478
9,95,478
10,118,478
11,192,478
1,173,479
2,177,479
3,172,479
4,175,479
5,182,479
6,184,479
7,192,479
8,117,479
9,187,479
1,177,480
2,117,480
3,182,480
4,137,480
5,119,480
6,173,480
7,105,480
8,95,480
9,206,480
10,110,480
11,205,480
12,152,480
13,187,480
14,194,480
15,176,480
16,163,480
1,163,481
2,175,481
3,207,481
4,187,481
5,105,481
6,158,481
7,95,481
8,177,481
9,194,481
10,110,481
11,192,481
12,184,481
1,105,482
2,187,482
3,158,482
4,117,482
5,177,482
6,206,482
7,176,482
8,205,482
9,110,482
10,152,482
11,184,482
12,211,482
13,196,482
1,178,483
2,199,483
3,137,483
4,207,483
5,158,483
6,175,483
7,192,483
8,163,483
1,199,484
2,178,484
3,119,484
4,176,484
5,173,484
6,172,484
7,197,484
8,187,484
9,177,484
10,175,484
11,95,484
12,137,484
13,217,484
1,137,485
2,199,485
3,117,485
4,178,485
5,163,485
6,173,485
7,119,485
8,207,485
9,216,485
10,152,485
11,110,485
12,136,485
13,217,485
1,137,486
2,119,486
3,199,486
4,212,486
5,202,486
6,110,486
7,203,486
8,163,486
9,176,486
10,187,486
11,175,486
12,178,486
13,201,486
1,199,487
2,172,487
3,95,487
4,203,487
5,173,487
6,158,487
7,187,487
8,202,487
9,152,487
10,207,487
11,176,487
12,105,487
13,160,487
1,203,488
2,178,488
3,172,488
4,202,488
5,158,488
6,176,488
7,175,488
1,203,489
2,172,489
3,187,489
4,199,489
5,173,489
6,95,489
7,178,489
8,207,489
9,163,489
10,152,489
11,192,489
12,177,489
13,175,489
14,194,489
15,202,489
16,206,489
1,117,490
2,187,490
3,137,490
4,163,490
5,202,490
6,173,490
7,95,490
8,207,490
9,212,490
10,199,490
11,110,490
12,176,490
13,158,490
14,119,490
15,152,490
16,105,490
17,178,490
1,187,491
2,199,491
3,172,491
4,158,491
5,212,491
6,201,491
7,206,491
8,197,491
9,163,491
10,119,491
11,176,491
1,137,492
2,117,492
3,172,492
4,212,492
5,158,492
6,187,492
7,173,492
8,197,492
9,207,492
10,203,492
11,178,492
12,216,492
13,163,492
14,176,492
15,152,492
1,172,493
2,163,493
3,137,493
4,178,493
5,199,493
6,187,493
7,173,493
8,110,493
9,202,493
10,197,493
11,206,493
1,117,494
2,137,494
3,178,494
4,212,494
5,173,494
6,194,494
7,216,494
8,176,494
9,105,494
10,201,494
1,117,495
2,178,495
3,199,495
4,173,495
5,202,495
6,137,495
7,110,495
8,152,495
9,197,495
10,205,495
1,172,496
2,187,496
3,203,496
4,152,496
5,137,496
6,173,496
7,207,496
8,206,496
9,176,496
10,199,496
11,105,496
12,158,496
1,178,497
2,117,497
3,152,497
4,95,497
5,137,497
6,172,497
7,187,497
8,199,497
9,202,497
10,177,497
11,119,497
12,110,497
13,105,497
1,178,498
2,137,498
3,177,498
4,206,498
5,152,498
6,117,498
7,217,498
1,163,499
2,173,499
3,178,499
4,202,499
5,117,499
6,119,499
7,176,499
8,217,499
9,177,499
10,200,499
11,187,499
12,197,499
13,152,499
14,206,499
15,224,499
16,203,499
1,163,500
2,172,500
3,202,500
4,137,500
5,199,500
6,200,500
7,197,500
8,224,500
9,223,500
10,217,500
11,187,500
12,207,500
13,209,500
1,137,501
2,119,501
3,224,501
4,187,501
5,222,501
6,202,501
7,200,501
8,206,501
9,163,501
10,219,501
1,202,502
2,178,502
3,199,502
4,163,502
5,197,502
6,203,502
7,177,502
8,222,502
9,206,502
10,173,502
11,172,502
12,136,502
1,199,503
2,172,503
3,137,503
4,200,503
5,203,503
6,224,503
7,207,503
8,119,503
9,173,503
1,178,504
2,202,504
3,172,504
4,137,504
5,163,504
6,199,504
7,187,504
8,203,504
9,119,504
10,200,504
11,206,504
12,222,504
1,178,505
2,137,505
3,199,505
4,206,505
5,197,505
6,117,505
7,212,505
8,187,505
9,119,505
10,222,505
11,211,505
12,224,505
13,200,505
1,172,506
2,199,506
3,178,506
4,137,506
5,152,506
6,203,506
7,207,506
8,200,506
9,119,506
10,206,506
11,117,506
12,176,506
13,222,506
14,136,506
15,197,506
16,173,506
1,219,507
2,178,507
3,199,507
4,172,507
5,137,507
6,173,507
7,117,507
8,203,507
9,163,507
10,212,507
11,224,507
12,176,507
13,222,507
14,119,507
15,211,507
16,177,507
1,137,508
2,163,508
3,172,508
4,199,508
5,197,508
6,117,508
7,203,508
8,207,508
9,222,508
10,176,508
11,178,508
1,137,509
2,178,509
3,199,509
4,173,509
5,177,509
6,202,509
7,117,509
8,222,509
9,172,509
10,163,509
11,211,509
12,158,509
13,197,509
1,178,510
2,199,510
3,202,510
4,187,510
5,203,510
6,212,510
7,197,510
8,172,510
9,177,510
10,173,510
11,200,510
12,136,510
1,178,511
2,199,511
3,202,511
4,173,511
5,172,511
6,207,511
7,163,511
8,176,511
9,211,511
10,177,511
11,222,511
1,172,512
2,199,512
3,187,512
4,221,512
5,207,512
6,224,512
7,173,512
8,200,512
9,178,512
10,223,512
11,206,512
1,172,513
2,221,513
3,199,513
4,202,513
5,203,513
6,222,513
7,200,513
8,187,513
9,119,513
10,219,513
11,224,513
12,173,513
13,206,513
14,136,513
15,223,513
1,203,514
2,222,514
3,197,514
4,207,514
5,199,514
6,182,514
7,137,514
8,231,514
9,223,514
10,175,514
11,119,514
12,200,514
13,224,514
1,203,515
2,222,515
3,178,515
4,207,515
5,221,515
6,197,515
7,173,515
8,137,515
9,200,515
1,221,516
2,199,516
3,207,516
4,222,516
5,197,516
6,202,516
7,203,516
8,200,516
9,163,516
10,119,516
11,224,516
12,136,516
13,175,516
14,233,516
1,222,517
2,172,517
3,202,517
4,199,517
5,119,517
6,187,517
7,203,517
8,233,517
9,224,517
10,136,517
11,197,517
1,222,518
2,223,518
3,199,518
4,187,518
5,221,518
6,200,518
1,219,519
2,203,519
3,163,519
4,178,519
5,197,519
6,223,519
7,222,519
8,172,519
9,177,519
10,175,519
11,187,519
12,212,519
13,199,519
14,119,519
15,200,519
16,173,519
17,152,519
18,136,519
1,223,520
2,163,520
3,197,520
4,187,520
5,222,520
6,235,520
7,175,520
8,199,520
9,212,520
10,202,520
11,136,520
12,173,520
13,236,520
14,203,520
1,178,521
2,223,521
3,172,521
4,222,521
5,187,521
6,200,521
7,209,521
8,203,521
9,202,521
10,136,521
11,173,521
12,137,521
1,178,522
2,203,522
3,172,522
4,222,522
5,223,522
6,163,522
7,202,522
8,206,522
9,187,522
10,175,522
1,178,523
2,222,523
3,172,523
4,137,523
5,235,523
6,200,523
7,212,523
1,222,524
2,203,524
3,223,524
4,182,524
5,207,524
6,197,524
7,199,524
8,224,524
9,178,524
10,202,524
11,233,524
12,230,524
13,119,524
14,219,524
1,178,525
2,203,525
3,223,525
4,222,525
5,202,525
6,187,525
7,217,525
8,224,525
9,136,525
10,207,525
1,203,526
2,163,526
3,202,526
4,173,526
5,233,526
6,187,526
7,224,526
1,207,527
2,182,527
3,221,527
4,231,527
5,238,527
6,175,527
7,199,527
8,203,527
9,224,527
10,222,527
11,200,527
12,197,527
13,239,527
14,202,527
15,223,527
16,172,527
17,233,527
18,230,527
1,199,528
2,224,528
3,182,528
4,207,528
5,223,528
6,202,528
7,200,528
8,187,528
9,172,528
10,119,528
11,178,528
1,238,529
2,221,529
3,187,529
4,178,529
5,172,529
6,202,529
7,207,529
8,197,529
9,243,529
10,212,529
11,239,529
12,230,529
1,199,530
2,207,530
3,221,530
4,238,530
5,172,530
6,119,530
7,178,530
8,224,530
9,243,530
10,223,530
11,197,530
12,175,530
1,221,531
2,182,531
3,222,531
4,187,531
5,202,531
6,119,531
7,175,531
8,199,531
9,224,531
10,219,531
11,207,531
1,207,532
2,238,532
3,199,532
4,203,532
5,172,532
6,202,532
7,239,532
8,152,532
9,163,532
10,178,532
11,200,532
12,235,532
13,230,532
1,207,533
2,238,533
3,172,533
4,222,533
5,187,533
6,231,533
7,230,533
8,178,533
9,200,533
10,203,533
11,211,533
12,202,533
13,219,533
14,243,533
15,223,533
1,182,534
2,119,534
3,238,534
4,175,534
5,223,534
6,224,534
7,172,534
8,231,534
9,203,534
10,199,534
11,233,534
12,212,534
13,200,534
14,243,534
15,177,534
1,207,535
2,238,535
3,231,535
4,187,535
5,178,535
6,222,535
7,172,535
8,119,535
9,175,535
10,202,535
11,233,535
12,203,535
13,200,535
14,163,535
15,243,535
16,177,535
17,230,535
18,199,535
1,199,536
2,182,536
3,187,536
4,221,536
5,233,536
6,175,536
7,152,536
8,239,536
9,230,536
10,172,536
1,207,537
2,222,537
3,172,537
4,224,537
5,202,537
6,212,537
7,187,537
8,203,537
9,119,537
10,177,537
11,229,537
1,238,538
2,221,538
3,203,538
4,224,538
5,172,538
6,230,538
7,187,538
8,239,538
9,163,538
1,207,539
2,238,539
3,182,539
4,187,539
5,224,539
6,203,539
7,199,539
8,172,539
9,175,539
10,231,539
11,212,539
12,222,539
1,182,540
2,187,540
3,199,540
4,172,540
5,175,540
6,207,540
7,203,540
8,224,540
9,137,540
10,206,540
11,221,540
12,222,540
13,178,540
14,152,540
1,199,541
2,178,541
3,222,541
4,219,541
5,224,541
6,175,541
7,231,541
8,206,541
9,163,541
10,202,541
11,172,541
12,249,541
13,239,541
14,223,541
15,197,541
16,243,541
1,203,542
2,222,542
3,199,542
4,119,542
5,221,542
6,206,542
7,202,542
8,175,542
9,178,542
10,207,542
11,137,542
12,219,542
1,222,543
2,250,543
3,199,543
4,224,543
5,207,543
6,223,543
7,230,543
1,199,544
2,231,544
3,182,544
4,224,544
5,255,544
6,254,544
7,253,544
1,182,545
2,222,545
3,221,545
4,231,545
5,200,545
6,187,545
7,230,545
8,199,545
9,223,545
10,224,545
11,246,545
12,255,545
13,250,545
14,239,545
15,256,545
1,207,546
2,182,546
3,222,546
4,221,546
5,224,546
6,197,546
7,231,546
8,255,546
9,172,546
10,205,546
11,246,546
1,207,547
2,199,547
3,222,547
4,200,547
5,255,547
6,233,547
7,172,547
8,238,547
9,246,547
10,239,547
11,251,547
12,258,547
13,208,547
14,224,547
1,222,548
2,182,548
3,199,548
4,200,548
5,207,548
6,178,548
7,172,548
8,230,548
9,119,548
10,235,548
11,197,548
12,211,548
1,255,549
2,182,549
3,238,549
4,230,549
5,178,549
6,233,549
7,231,549
8,221,549
9,229,549
10,258,549
11,197,549
12,256,549
13,259,549
14,232,549
1,172,550
2,200,550
3,199,550
4,221,550
5,187,550
6,207,550
7,223,550
8,197,550
9,262,550
10,233,550
11,239,550
12,231,550
13,211,550
14,259,550
15,258,550
16,229,550
17,178,550
18,224,550
19,255,550
1,207,551
2,187,551
3,231,551
4,255,551
5,182,551
6,199,551
7,223,551
8,172,551
9,200,551
10,211,551
11,224,551
12,238,551
13,230,551
1,231,552
2,182,552
3,255,552
4,200,552
5,233,552
6,172,552
7,178,552
8,230,552
9,197,552
10,258,552
11,203,552
12,267,552
13,239,552
14,207,552
15,199,552
1,182,553
2,222,553
3,233,553
4,199,553
5,230,553
6,175,553
7,267,553
8,237,553
9,238,553
10,119,553
1,178,554
2,182,554
3,233,554
4,199,554
5,238,554
6,200,554
7,211,554
8,187,554
9,258,554
10,239,554
11,224,554
12,246,554
13,221,554
14,197,554
15,230,554
16,267,554
17,208,554
1,182,555
2,172,555
3,222,555
4,224,555
5,175,555
6,199,555
7,233,555
8,246,555
9,239,555
10,251,555
11,237,555
12,230,555
13,119,555
1,207,556
2,182,556
3,178,556
4,200,556
5,223,556
6,238,556
7,258,556
8,172,556
9,211,556
1,231,557
2,207,557
3,222,557
4,182,557
5,223,557
6,199,557
7,172,557
8,211,557
9,197,557
10,239,557
11,246,557
12,187,557
13,224,557
14,221,557
15,237,557
16,238,557
17,270,557
18,258,557
19,230,557
1,222,558
2,221,558
3,200,558
4,178,558
5,175,558
6,230,558
7,240,558
8,237,558
9,207,558
10,119,558
11,239,558
12,203,558
1,231,559
2,199,559
3,221,559
4,178,559
5,172,559
6,119,559
7,233,559
8,230,559
9,272,559
10,222,559
11,273,559
12,237,559
1,182,560
2,221,560
3,252,560
4,233,560
5,222,560
6,200,560
7,223,560
8,235,560
9,254,560
10,250,560
11,253,560
12,199,560
13,224,560
14,275,560
1,182,561
2,231,561
3,200,561
4,222,561
5,187,561
6,207,561
7,252,561
8,230,561
9,221,561
10,276,561
11,239,561
12,233,561
13,277,561
14,278,561
15,229,561
16,235,561
17,224,561
1,223,562
2,182,562
3,221,562
4,172,562
5,200,562
6,224,562
7,197,562
8,278,562
9,250,562
10,238,562
1,231,563
2,182,563
3,255,563
4,199,563
5,278,563
6,250,563
7,235,563
8,252,563
9,178,563
10,277,563
11,223,563
12,172,563
13,256,563
1,182,564
2,223,564
3,172,564
4,222,564
5,178,564
6,200,564
7,187,564
8,256,564
9,197,564
10,252,564
11,277,564
12,271,564
1,182,565
2,222,565
3,221,565
4,233,565
5,200,565
6,224,565
7,252,565
8,197,565
9,250,565
10,187,565
11,277,565
12,172,565
13,278,565
14,223,565
1,222,566
2,221,566
3,182,566
4,172,566
5,231,566
6,223,566
7,238,566
8,250,566
9,252,566
10,230,566
11,200,566
12,197,566
13,178,566
14,232,566
15,239,566
1,231,567
2,221,567
3,187,567
4,250,567
5,207,567
6,222,567
7,233,567
8,252,567
9,232,567
10,235,567
11,199,567
12,197,567
13,277,567
14,172,567
15,200,567
16,239,567
17,265,567
18,258,567
19,238,567
1,182,568
2,222,568
3,187,568
4,252,568
5,178,568
6,224,568
7,229,568
8,250,568
9,197,568
1,231,569
2,222,569
3,200,569
4,250,569
5,255,569
6,243,569
7,187,569
8,252,569
9,223,569
10,178,569
11,197,569
12,207,569
13,224,569
14,284,569
15,265,569
1,187,570
2,172,570
3,255,570
4,231,570
5,207,570
6,238,570
7,200,570
8,229,570
9,280,570
10,239,570
11,284,570
12,275,570
1,231,571
2,223,571
3,207,571
4,252,571
5,222,571
6,230,571
7,221,571
8,178,571
9,200,571
10,197,571
11,280,571
12,243,571
1,238,572
2,223,572
3,172,572
4,182,572
5,222,572
6,221,572
7,230,572
8,252,572
9,199,572
10,235,572
11,187,572
12,178,572
13,255,572
14,239,572
15,224,572
16,229,572
17,280,572
18,284,572
19,197,572
1,231,573
2,221,573
3,207,573
4,222,573
5,200,573
6,223,573
7,250,573
8,182,573
9,238,573
10,187,573
11,252,573
12,255,573
13,235,573
14,230,573
15,239,573
16,178,573
17,256,573
18,197,573
19,280,573
20,265,573
1,231,574
2,222,574
3,182,574
4,200,574
5,233,574
6,187,574
7,223,574
8,178,574
9,224,574
10,197,574
11,239,574
12,237,574
13,229,574
14,286,574
1,207,575
2,221,575
3,231,575
4,178,575
5,223,575
6,255,575
7,172,575
8,229,575
9,274,575
10,197,575
11,287,575
1,224,576
2,231,576
3,199,576
4,223,576
5,221,576
6,182,576
7,288,576
8,235,576
9,230,576
10,289,576
11,222,576
12,252,576
13,243,576
14,200,576
1,250,577
2,224,577
3,200,577
4,223,577
5,182,577
6,231,577
7,207,577
8,199,577
9,235,577
10,187,577
11,172,577
12,289,577
13,290,577
14,243,577
15,238,577
1,222,578
2,199,578
3,221,578
4,250,578
5,182,578
6,200,578
7,243,578
8,288,578
9,252,578
10,238,578
11,291,578
12,235,578
13,292,578
14,293,578
15,276,578
16,223,578
17,207,578
1,200,579
2,235,579
3,199,579
4,197,579
5,230,579
6,275,579
7,294,579
8,187,579
1,182,580
2,224,580
3,250,580
4,238,580
5,221,580
6,200,580
7,222,580
8,235,580
9,199,580
1,182,581
2,222,581
3,199,581
4,221,581
5,223,581
6,252,581
7,224,581
8,250,581
9,276,581
10,187,581
11,288,581
12,290,581
1,182,582
2,199,582
3,223,582
4,207,582
5,288,582
6,294,582
7,222,582
8,224,582
9,238,582
10,297,582
11,178,582
12,221,582
13,276,582
14,282,582
15,235,582
16,187,582
17,290,582
1,231,583
2,182,583
3,223,583
4,199,583
5,250,583
6,252,583
7,294,583
8,288,583
9,221,583
10,298,583
11,290,583
12,251,583
13,178,583
14,275,583
15,238,583
16,222,583
1,182,584
2,231,584
3,200,584
4,224,584
5,207,584
6,221,584
7,294,584
8,197,584
9,222,584
10,238,584
11,172,584
12,219,584
13,187,584
14,199,584
15,298,584
16,178,584
17,276,584
18,275,584
1,224,585
2,250,585
3,222,585
4,231,585
5,288,585
6,230,585
7,200,585
8,182,585
9,221,585
10,178,585
11,187,585
12,207,585
13,223,585
14,197,585
15,294,585
16,205,585
17,300,585
18,301,585
19,290,585
1,199,586
2,172,586
3,182,586
4,252,586
5,178,586
6,298,586
7,275,586
8,229,586
9,221,586
10,207,586
1,230,587
2,231,587
3,252,587
4,200,587
5,238,587
6,182,587
7,223,587
8,222,587
9,224,587
10,187,587
11,221,587
12,278,587
13,239,587
14,199,587
15,294,587
16,243,587
17,275,587
1,223,588
2,224,588
3,182,588
4,199,588
5,231,588
6,252,588
7,221,588
8,222,588
9,229,588
10,239,588
11,232,588
12,278,588
13,302,588
14,254,588
1,182,589
2,224,589
3,200,589
4,231,589
5,238,589
6,222,589
7,230,589
8,233,589
9,187,589
10,290,589
1,304,590
2,182,590
3,223,590
4,305,590
5,306,590
6,221,590
7,199,590
8,307,590
9,280,590
10,224,590
11,265,590
12,187,590
13,238,590
1,224,591
2,223,591
3,235,591
4,250,591
5,305,591
6,238,591
7,199,591
8,221,591
9,231,591
10,306,591
11,289,591
12,304,591
13,222,591
14,280,591
15,308,591
16,296,591
17,200,591
1,199,592
2,306,592
3,305,592
4,221,592
5,233,592
6,232,592
7,224,592
8,222,592
9,304,592
10,230,592
11,250,592
12,289,592
13,251,592
14,292,592
15,296,592
16,182,592
17,308,592
18,280,592
19,293,592
1,182,593
2,223,593
3,224,593
4,233,593
5,222,593
6,304,593
7,312,593
8,221,593
9,305,593
10,231,593
11,187,593
12,280,593
13,250,593
14,314,593
1,224,594
2,182,594
3,222,594
4,223,594
5,306,594
6,304,594
7,305,594
8,289,594
9,230,594
10,314,594
11,187,594
12,265,594
13,197,594
14,298,594
15,267,594
16,296,594
17,269,594
18,312,594
1,238,595
2,222,595
3,197,595
4,223,595
5,224,595
6,187,595
7,289,595
8,265,595
9,221,595
1,222,596
2,221,596
3,231,596
4,224,596
5,197,596
6,289,596
7,265,596
8,311,596
9,313,596
10,230,596
11,187,596
1,182,597
2,223,597
3,224,597
4,305,597
5,222,597
6,221,597
7,187,597
8,238,597
9,313,597
10,230,597
11,235,597
12,199,597
1,238,598
2,182,598
3,223,598
4,222,598
5,235,598
6,304,598
7,305,598
8,221,598
9,232,598
10,306,598
11,230,598
12,197,598
13,289,598
14,296,598
15,265,598
16,187,598
1,222,599
2,224,599
3,235,599
4,223,599
5,182,599
6,199,599
7,304,599
8,252,599
9,250,599
10,238,599
11,187,599
12,306,599
13,289,599
14,200,599
1,223,600
2,222,600
3,199,600
4,238,600
5,235,600
6,252,600
7,233,600
8,197,600
9,289,600
10,280,600
11,321,600
12,250,600
13,230,600
14,270,600
15,305,600
1,199,601
2,304,601
3,231,601
4,187,601
5,223,601
6,230,601
7,322,601
8,197,601
9,323,601
10,314,601
11,233,601
12,289,601
1,238,602
2,224,602
3,222,602
4,232,602
5,250,602
6,304,602
7,187,602
8,289,602
9,322,602
10,252,602
11,221,602
1,224,603
2,223,603
3,238,603
4,231,603
5,221,603
6,304,603
7,207,603
8,250,603
9,199,603
10,324,603
11,243,603
12,288,603
13,235,603
14,289,603
15,172,603
16,200,603
1,199,604
2,250,604
3,231,604
4,224,604
5,187,604
6,221,604
7,200,604
8,289,604
9,278,604
10,197,604
11,223,604
12,243,604
1,224,605
2,327,605
3,328,605
4,235,605
5,304,605
6,290,605
7,223,605
8,309,605
9,232,605
10,329,605
1,224,606
2,328,606
3,304,606
4,232,606
5,235,606
6,223,606
7,307,606
8,182,606
9,330,606
10,327,606
11,199,606
12,331,606
1,328,607
2,309,607
3,224,607
4,232,607
5,304,607
6,332,607
7,199,607
8,333,607
9,222,607
10,307,607
11,238,607
1,224,608
2,327,608
3,332,608
4,309,608
5,306,608
6,304,608
7,329,608
8,280,608
9,223,608
10,290,608
11,330,608
12,235,608
1,328,609
2,327,609
3,224,609
4,333,609
5,182,609
6,278,609
7,304,609
8,250,609
9,289,609
10,223,609
11,329,609
1,328,610
2,224,610
3,238,610
4,327,610
5,309,610
6,304,610
7,333,610
8,305,610
9,231,610
10,262,610
11,290,610
1,304,611
2,238,611
3,327,611
4,199,611
5,328,611
6,235,611
7,309,611
8,329,611
9,223,611
10,250,611
11,307,611
12,224,611
13,182,611
14,332,611
1,238,612
2,327,612
3,199,612
4,328,612
5,235,612
6,231,612
7,232,612
8,304,612
9,182,612
10,289,612
11,306,612
12,223,612
13,250,612
14,307,612
15,313,612
16,290,612
1,309,613
2,238,613
3,304,613
4,231,613
5,327,613
6,199,613
7,223,613
8,235,613
9,307,613
10,328,613
11,329,613
12,182,613
13,313,613
1,328,614
2,327,614
3,231,614
4,309,614
5,306,614
6,298,614
7,250,614
8,223,614
9,307,614
10,332,614
11,238,614
1,328,615
2,327,615
3,235,615
4,250,615
5,290,615
6,224,615
7,200,615
8,262,615
9,309,615
10,280,615
11,243,615
12,304,615
13,289,615
14,305,615
15,259,615
16,329,615
1,238,616
2,328,616
3,250,616
4,199,616
5,306,616
6,223,616
7,232,616
8,304,616
9,298,616
10,305,616
1,238,617
2,224,617
3,309,617
4,328,617
5,327,617
6,199,617
7,305,617
8,235,617
9,259,617
10,332,617
11,262,617
12,243,617
13,306,617
14,289,617
15,304,617
1,309,618
2,224,618
3,262,618
4,306,618
5,328,618
6,307,618
7,231,618
8,199,618
9,305,618
10,278,618
11,290,618
12,243,618
13,304,618
14,314,618
15,232,618
16,289,618
17,332,618
18,250,618
1,238,619
2,231,619
3,199,619
4,304,619
5,309,619
6,224,619
7,235,619
8,223,619
9,306,619
10,329,619
11,197,619
12,307,619
13,289,619
14,332,619
15,262,619
16,232,619
1,328,620
2,304,620
3,235,620
4,223,620
5,314,620
6,238,620
7,199,620
8,280,620
9,307,620
10,337,620
11,182,620
1,304,621
2,224,621
3,309,621
4,207,621
5,238,621
6,289,621
7,182,621
8,235,621
9,327,621
10,338,621
11,280,621
12,223,621
13,243,621
14,337,621
15,278,621
16,340,621
17,250,621
1,224,622
2,235,622
3,223,622
4,333,622
5,309,622
6,250,622
7,290,622
8,314,622
9,338,622
10,289,622
11,280,622
1,306,623
2,235,623
3,224,623
4,328,623
5,312,623
6,278,623
7,333,623
8,337,623
9,290,623
10,243,623
11,238,623
12,289,623
13,329,623
14,338,623
15,304,623
16,182,623
17,250,623
1,224,624
2,327,624
3,304,624
4,305,624
5,250,624
6,278,624
7,309,624
8,307,624
9,238,624
10,337,624
11,243,624
12,182,624
13,199,624
14,338,624
1,328,625
2,224,625
3,278,625
4,327,625
5,238,625
6,305,625
7,304,625
8,290,625
9,312,625
10,289,625
11,235,625
12,199,625
13,330,625
14,333,625
15,306,625
16,243,625
17,314,625
18,338,625
19,329,625
1,224,626
2,328,626
3,309,626
4,278,626
5,304,626
6,232,626
7,238,626
8,199,626
9,182,626
10,243,626
11,306,626
12,290,626
13,329,626
1,235,627
2,223,627
3,238,627
4,307,627
5,312,627
6,289,627
7,290,627
8,329,627
9,306,627
10,327,627
11,328,627
12,232,627
13,333,627
14,314,627
15,278,627
1,224,628
2,304,628
3,309,628
4,305,628
5,278,628
6,307,628
7,328,628
8,306,628
9,327,628
10,182,628
11,314,628
12,238,628
13,320,628
14,333,628
1,224,629
2,305,629
3,304,629
4,309,629
5,289,629
6,320,629
7,207,629
8,306,629
9,238,629
10,329,629
11,307,629
12,317,629
13,182,629
1,328,630
2,309,630
3,304,630
4,199,630
5,223,630
6,278,630
7,314,630
8,289,630
9,250,630
10,307,630
11,224,630
12,235,630
13,280,630
1,328,631
2,327,631
3,304,631
4,238,631
5,235,631
6,207,631
7,221,631
8,223,631
9,222,631
10,317,631
11,289,631
12,344,631
13,329,631
14,280,631
15,278,631
16,342,631
17,305,631
18,309,631
19,182,631
1,207,632
2,328,632
3,223,632
4,317,632
5,278,632
6,304,632
7,312,632
8,235,632
9,289,632
10,238,632
11,280,632
12,243,632
13,333,632
1,328,633
2,235,633
3,278,633
4,345,633
5,304,633
6,306,633
7,327,633
8,320,633
9,314,633
10,307,633
11,341,633
1,328,634
2,238,634
3,235,634
4,304,634
5,224,634
6,243,634
7,341,634
8,280,634
9,345,634
10,314,634
1,235,635
2,345,635
3,223,635
4,238,635
5,341,635
6,346,635
7,307,635
8,298,635
9,306,635
10,289,635
11,328,635
12,304,635
1,328,636
2,327,636
3,224,636
4,346,636
5,278,636
6,317,636
7,306,636
8,341,636
9,320,636
10,307,636
11,243,636
12,314,636
13,348,636
1,328,637
2,238,637
3,224,637
4,280,637
5,243,637
6,341,637
7,306,637
8,307,637
9,346,637
10,327,637
11,330,637
12,314,637
1,328,638
2,327,638
3,223,638
4,207,638
5,238,638
6,314,638
7,341,638
8,317,638
9,289,638
10,243,638
11,350,638
12,330,638
1,346,639
2,224,639
3,314,639
4,317,639
5,289,639
6,280,639
7,243,639
8,238,639
9,262,639
10,320,639
11,337,639
12,330,639
1,320,640
2,238,640
3,327,640
4,305,640
5,307,640
6,278,640
7,262,640
8,224,640
9,346,640
10,347,640
1,328,641
2,238,641
3,288,641
4,304,641
5,317,641
6,327,641
7,224,641
8,235,641
9,346,641
10,278,641
11,341,641
12,337,641
13,207,641
14,320,641
15,352,641
16,330,641
1,327,642
2,346,642
3,238,642
4,307,642
5,328,642
6,223,642
7,289,642
8,306,642
9,320,642
10,322,642
11,333,642
12,278,642
13,337,642
14,355,642
15,305,642
16,347,642
17,341,642
1,356,643
2,304,643
3,328,643
4,306,643
5,357,643
6,289,643
7,280,643
8,340,643
9,345,643
10,346,643
11,362,643
12,293,643
13,358,643
1,328,644
2,360,644
3,207,644
4,289,644
5,359,644
1,358,645
2,356,645
3,280,645
4,304,645
5,289,645
6,345,645
7,238,645
8,346,645
1,345,646
2,278,646
3,306,646
4,363,646
5,243,646
6,280,646
7,346,646
8,235,646
1,358,647
2,328,647
3,235,647
4,223,647
5,306,647
6,341,647
7,357,647
8,280,647
9,238,647
10,345,647
11,356,647
1,358,648
2,278,648
3,356,648
4,304,648
5,280,648
6,364,648
7,243,648
8,357,648
9,328,648
10,289,648
11,327,648
12,352,648
13,306,648
14,363,648
1,358,649
2,356,649
3,304,649
4,223,649
5,278,649
6,289,649
7,327,649
8,224,649
9,238,649
1,358,650
2,235,650
3,304,650
4,224,650
5,243,650
6,280,650
7,327,650
8,346,650
9,341,650
1,20,17
2,17,17
3,18,17
4,22,17
5,2,17
6,155,17
7,15,17
8,67,17
9,3,17
10,9,17
11,5,17
12,8,17
13,6,17
14,4,17
15,24,17
16,21,17
17,16,17
18,154,17
1,235,651
2,223,651
3,243,651
4,345,651
5,262,651
6,306,651
7,363,651
8,278,651
9,346,651
10,320,651
11,352,651
12,333,651
13,356,651
14,280,651
15,224,651
1,223,652
2,328,652
3,306,652
4,304,652
5,243,652
6,327,652
7,278,652
8,333,652
1,235,653
2,223,653
3,278,653
4,345,653
5,341,653
6,320,653
7,280,653
8,306,653
9,327,653
10,352,653
1,224,654
2,345,654
3,317,654
4,235,654
5,278,654
6,321,654
7,304,654
8,280,654
9,346,654
10,356,654
11,238,654
12,243,654
13,223,654
14,320,654
1,235,655
2,223,655
3,304,655
4,278,655
5,306,655
6,345,655
7,262,655
8,341,655
9,280,655
1,328,656
2,289,656
3,304,656
4,346,656
5,360,656
6,306,656
7,262,656
8,368,656
1,328,657
2,360,657
3,306,657
4,304,657
5,341,657
6,235,657
1,289,658
2,361,658
3,346,658
4,370,658
5,360,658
6,304,658
7,350,658
1,328,659
2,346,659
3,278,659
4,304,659
5,235,659
6,356,659
7,289,659
8,306,659
9,341,659
10,350,659
1,328,660
2,306,660
3,235,660
4,360,660
5,350,660
6,289,660
7,351,660
8,304,660
9,346,660
1,328,661
2,235,661
3,360,661
4,358,661
5,361,661
6,350,661
7,289,661
8,346,661
9,306,661
10,357,661
1,235,662
2,328,662
3,360,662
4,289,662
5,346,662
6,306,662
1,328,663
2,358,663
3,306,663
4,360,663
5,361,663
6,345,663
7,304,663
8,346,663
9,289,663
10,235,663
1,235,664
2,356,664
3,358,664
4,306,664
5,360,664
6,359,664
7,353,664
1,358,665
2,361,665
3,341,665
4,356,665
5,345,665
6,351,665
1,304,666
2,235,666
3,356,666
4,328,666
5,306,666
6,262,666
7,345,666
8,359,666
9,353,666
10,361,666
11,351,666
1,373,667
2,289,667
3,358,667
4,278,667
5,304,667
6,306,667
7,346,667
8,341,667
9,340,667
1,289,668
2,304,668
3,312,668
4,375,668
5,306,668
1,289,669
2,370,669
3,376,669
4,375,669
5,304,669
1,360,670
2,345,670
3,235,670
4,328,670
5,262,670
6,376,670
7,346,670
8,306,670
1,328,671
2,306,671
3,345,671
4,235,671
5,351,671
6,278,671
7,370,671
8,347,671
9,289,671
1,235,672
2,341,672
3,328,672
4,350,672
5,304,672
6,361,672
7,370,672
8,360,672
9,306,672
10,278,672
11,346,672
1,346,673
2,278,673
3,235,673
4,304,673
5,341,673
6,328,673
7,360,673
8,361,673
1,328,674
2,289,674
3,358,674
4,235,674
5,356,674
6,345,674
7,304,674
8,361,674
9,364,674
10,365,674
11,262,674
12,379,674
13,360,674
14,370,674
1,304,675
2,359,675
3,235,675
4,361,675
5,306,675
6,347,675
1,304,676
2,360,676
3,345,676
4,289,676
5,350,676
6,328,676
1,328,677
2,289,677
3,341,677
4,364,677
5,346,677
6,360,677
1,289,678
2,360,678
3,262,678
4,345,678
5,347,678
6,346,678
7,328,678
8,350,678
9,280,678
10,356,678
1,345,679
2,340,679
3,341,679
4,304,679
5,383,679
6,356,679
1,304,680
2,289,680
3,278,680
4,360,680
5,345,680
6,374,680
1,373,681
2,356,681
3,304,681
4,278,681
5,387,681
6,375,681
7,388,681
8,374,681
9,383,681
10,346,681
1,364,682
2,328,682
3,278,682
4,358,682
5,374,682
6,373,682
7,346,682
8,383,682
9,345,682
10,389,682
1,356,683
2,304,683
3,328,683
4,346,683
5,388,683
6,345,683
1,373,684
2,304,684
3,278,684
4,356,684
5,345,684
6,341,684
7,388,684
8,322,684
9,390,684
10,389,684
1,304,685
2,356,685
3,278,685
4,341,685
5,262,685
6,347,685
7,390,685
8,389,685
9,388,685
10,322,685
11,345,685
1,356,686
2,304,686
3,364,686
4,289,686
5,374,686
6,278,686
7,360,686
8,347,686
9,322,686
10,370,686
11,392,686
1,341,687
2,356,687
3,373,687
4,358,687
5,374,687
6,235,687
7,278,687
1,373,688
2,289,688
3,304,688
4,346,688
5,356,688
6,347,688
7,306,688
1,373,689
2,356,689
3,304,689
4,341,689
5,374,689
6,345,689
7,306,689
8,395,689
9,278,689
10,347,689
11,389,689
12,346,689
1,328,690
2,385,690
3,289,690
4,396,690
1,341,691
2,358,691
3,385,691
4,356,691
5,386,691
1,356,692
2,387,692
3,304,692
4,358,692
5,364,692
6,399,692
7,383,692
8,278,692
1,356,693
2,304,693
3,289,693
4,373,693
5,358,693
6,360,693
7,388,693
8,399,693
9,396,693
10,389,693
11,400,693
1,356,694
2,289,694
3,373,694
4,328,694
5,374,694
6,385,694
7,347,694
8,399,694
9,389,694
1,356,695
2,341,695
3,358,695
4,289,695
5,328,695
6,385,695
7,364,695
8,397,695
1,375,696
2,387,696
3,304,696
4,358,696
5,374,696
6,383,696
7,396,696
8,397,696
9,402,696
1,373,697
2,358,697
3,341,697
4,346,697
5,360,697
6,397,697
1,341,698
2,356,698
3,304,698
4,386,698
5,364,698
6,347,698
7,397,698
8,405,698
1,373,699
2,341,699
3,289,699
4,374,699
5,360,699
6,328,699
7,346,699
8,356,699
9,406,699
10,362,699
11,408,699
12,380,699
13,368,699
14,407,699
15,385,699
1,289,700
2,385,700
3,328,700
4,341,700
5,360,700
6,346,700
7,347,700
8,304,700
9,383,700
10,406,700
1,373,701
2,328,701
3,360,701
4,356,701
5,289,701
6,386,701
7,374,701
8,346,701
9,385,701
10,364,701
11,358,701
12,376,701
13,404,701
14,370,701
1,373,702
2,328,702
3,341,702
4,304,702
5,289,702
6,346,702
7,374,702
8,385,702
9,383,702
1,373,703
2,289,703
3,341,703
4,374,703
5,328,703
6,364,703
7,347,703
8,380,703
9,346,703
10,360,703
11,420,703
12,418,703
13,370,703
14,358,703
1,373,704
2,328,704
3,364,704
4,289,704
5,304,704
6,386,704
7,341,704
8,374,704
9,385,704
10,404,704
11,380,704
12,370,704
13,346,704
1,373,705
2,289,705
3,364,705
4,358,705
5,356,705
6,385,705
7,347,705
8,418,705
1,328,706
2,289,706
3,364,706
4,385,706
5,360,706
6,370,706
7,347,706
8,358,706
9,404,706
10,373,706
11,374,706
12,425,706
13,424,706
14,386,706
1,289,707
2,364,707
3,356,707
4,385,707
5,345,707
6,358,707
7,386,707
8,347,707
9,396,707
10,370,707
11,346,707
12,382,707
13,405,707
1,386,708
2,364,708
3,374,708
4,346,708
5,405,708
6,370,708
7,345,708
8,385,708
1,289,709
2,386,709
3,397,709
4,373,709
5,347,709
6,305,709
7,383,709
8,346,709
9,403,709
10,385,709
1,373,710
2,341,710
3,397,710
4,289,710
5,278,710
6,383,710
7,360,710
8,403,710
9,347,710
10,394,710
11,386,710
12,305,710
13,346,710
1,373,711
2,360,711
3,356,711
4,386,711
5,289,711
6,364,711
7,401,711
8,394,711
9,397,711
10,404,711
1,364,712
2,289,712
3,356,712
4,397,712
5,386,712
6,360,712
7,403,712
8,305,712
9,385,712
10,278,712
11,427,712
12,383,712
1,373,713
2,289,713
3,341,713
4,356,713
5,385,713
6,403,713
7,383,713
8,386,713
9,374,713
10,404,713
11,346,713
12,394,713
13,364,713
14,399,713
1,341,714
2,289,714
3,385,714
4,346,714
5,427,714
6,408,714
7,386,714
8,374,714
9,423,714
10,364,714
11,278,714
12,356,714
13,405,714
14,309,714
1,385,715
2,386,715
3,383,715
4,408,715
5,404,715
6,347,715
7,394,715
8,305,715
9,356,715
1,341,716
2,360,716
3,385,716
4,386,716
5,404,716
6,374,716
7,346,716
8,394,716
9,375,716
10,364,716
11,383,716
12,347,716
13,309,716
14,356,716
15,373,716
1,289,717
2,341,717
3,346,717
4,386,717
5,433,717
6,401,717
7,373,717
8,305,717
1,364,718
2,341,718
3,385,718
4,374,718
5,373,718
6,345,718
7,360,718
8,386,718
9,403,718
10,382,718
11,289,718
12,404,718
13,434,718
1,289,719
2,386,719
3,360,719
4,341,719
5,408,719
6,401,719
7,347,719
8,373,719
9,356,719
1,373,720
2,360,720
3,364,720
4,386,720
5,347,720
6,430,720
7,408,720
8,438,720
1,373,721
2,364,721
3,341,721
4,404,721
5,386,721
6,375,721
7,346,721
8,440,721
9,430,721
10,401,721
11,347,721
1,373,722
2,408,722
3,289,722
4,356,722
5,364,722
6,346,722
7,278,722
8,427,722
9,404,722
10,385,722
11,440,722
12,360,722
13,401,722
1,373,723
2,341,723
3,289,723
4,386,723
5,385,723
6,440,723
7,278,723
8,305,723
9,408,723
10,430,723
11,418,723
12,383,723
13,436,723
1,341,724
2,373,724
3,386,724
4,423,724
5,440,724
6,347,724
7,356,724
8,401,724
9,346,724
10,428,724
1,373,725
2,386,725
3,360,725
4,404,725
5,356,725
6,408,725
7,347,725
8,440,725
9,427,725
10,305,725
11,403,725
12,383,725
13,374,725
14,364,725
15,394,725
16,289,725
1,289,726
2,386,726
3,373,726
4,356,726
5,385,726
6,430,726
7,448,726
8,347,726
9,341,726
10,440,726
11,360,726
1,373,727
2,356,727
3,386,727
4,289,727
5,347,727
6,364,727
7,434,727
8,440,727
9,346,727
10,430,727
11,382,727
1,289,729
2,401,729
3,403,729
4,394,729
5,408,729
6,430,729
7,347,729
8,453,729
9,373,729
1,360,730
2,403,730
3,385,730
4,341,730
5,347,730
6,289,730
7,435,730
8,356,730
1,373,731
2,289,731
3,403,731
4,454,731
5,341,731
6,356,731
7,430,731
8,427,731
9,376,731
10,346,731
11,436,731
1,364,732
2,408,732
3,386,732
4,360,732
5,341,732
6,430,732
7,427,732
8,401,732
9,289,732
1,373,733
2,341,733
3,360,733
4,289,733
5,356,733
6,408,733
7,418,733
8,401,733
9,364,733
10,453,733
11,438,733
12,437,733
13,386,733
14,430,733
15,463,733
16,404,733
1,289,734
2,341,734
3,364,734
4,373,734
5,360,734
6,454,734
7,347,734
8,386,734
9,408,734
10,394,734
11,437,734
12,346,734
13,430,734
14,466,734
15,425,734
16,376,734
1,289,735
2,386,735
3,360,735
4,435,735
5,394,735
6,347,735
7,408,735
8,385,735
9,425,735
10,430,735
11,403,735
12,418,735
13,364,735
14,454,735
1,373,736
2,289,736
3,360,736
4,356,736
5,364,736
6,418,736
7,408,736
8,404,736
9,468,736
10,469,736
11,434,736
12,401,736
13,347,736
1,289,737
2,360,737
3,408,737
4,356,737
5,404,737
6,410,737
7,386,737
8,340,737
9,471,737
10,413,737
11,430,737
1,475,738
2,386,738
3,403,738
4,476,738
5,364,738
6,360,738
7,427,738
8,477,738
9,478,738
10,373,738
11,341,738
12,347,738
13,479,738
1,476,739
2,403,739
3,373,739
4,475,739
5,386,739
6,356,739
7,341,739
8,289,739
9,479,739
10,364,739
11,347,739
12,360,739
13,401,739
14,430,739
15,478,739
1,403,740
2,476,740
3,386,740
4,482,740
5,341,740
6,364,740
7,347,740
8,475,740
9,453,740
10,418,740
11,430,740
12,373,740
13,479,740
1,394,741
2,364,741
3,373,741
4,404,741
5,360,741
6,289,741
7,347,741
8,456,741
9,403,741
10,481,741
11,480,741
12,418,741
13,427,741
14,437,741
15,386,741
1,476,742
2,403,742
3,386,742
4,356,742
5,347,742
6,456,742
7,364,742
8,360,742
9,479,742
10,404,742
11,418,742
12,385,742
13,408,742
14,437,742
15,465,742
16,430,742
17,455,742
1,475,743
2,476,743
3,403,743
4,373,743
5,341,743
6,360,743
7,364,743
8,386,743
9,453,743
10,456,743
11,408,743
12,437,743
13,478,743
14,430,743
15,459,743
16,460,743
1,403,744
2,364,744
3,360,744
4,453,744
5,479,744
6,456,744
7,430,744
8,385,744
9,427,744
10,441,744
11,481,744
12,489,744
1,404,745
2,364,745
3,479,745
4,360,745
5,289,745
6,347,745
7,373,745
8,468,745
9,493,745
10,434,745
11,482,745
1,360,746
2,477,746
3,427,746
4,496,746
5,476,746
6,404,746
7,347,746
8,403,746
9,497,746
10,498,746
11,499,746
12,418,746
13,500,746
14,439,746
1,475,747
2,360,747
3,403,747
4,479,747
5,347,747
6,386,747
7,289,747
8,476,747
9,404,747
1,509,748
2,449,748
3,510,748
4,511,748
5,512,748
6,513,748
7,494,748
8,514,748
9,515,748
10,516,748
11,517,748
12,518,748
13,519,748
14,520,748
15,521,748
16,522,748
17,523,748
18,524,748
19,525,748
20,526,748
21,527,748
22,528,748
23,529,748
24,530,748
25,531,748
26,532,748
27,533,748
28,534,748
29,535,748
30,536,748
31,537,748
32,538,748
33,539,748
1,356,749
2,404,749
3,289,749
4,475,749
5,476,749
6,386,749
7,481,749
8,430,749
1,356,750
2,360,750
3,482,750
4,403,750
5,373,750
6,376,750
1,356,751
2,482,751
3,360,751
4,481,751
5,373,751
6,541,751
7,404,751
8,506,751
9,418,751
10,437,751
11,476,751
12,403,751
1,356,752
2,341,752
3,404,752
4,360,752
5,479,752
6,476,752
7,403,752
8,481,752
9,482,752
10,364,752
11,427,752
12,542,752
13,484,752
14,418,752
15,500,752
16,373,752
1,356,753
2,360,753
3,373,753
4,476,753
5,479,753
6,404,753
7,482,753
1,403,754
2,386,754
3,435,754
4,543,754
5,476,754
6,478,754
7,431,754
8,544,754
9,455,754
10,545,754
1,475,755
2,404,755
3,360,755
4,356,755
5,347,755
6,403,755
7,440,755
8,456,755
9,476,755
10,507,755
11,353,755
12,482,755
13,548,755
14,481,755
15,427,755
16,373,755
1,356,756
2,479,756
3,427,756
4,403,756
5,360,756
6,456,756
1,449,757
2,509,757
3,512,757
4,529,757
5,510,757
6,533,757
7,518,757
8,513,757
9,555,757
10,531,757
11,520,757
12,514,757
13,538,757
14,556,757
15,557,757
16,535,757
1,347,758
2,356,758
3,418,758
4,404,758
5,554,758
6,403,758
7,289,758
8,427,758
9,477,758
10,430,758
1,479,759
2,403,759
3,356,759
4,482,759
5,360,759
6,541,759
7,501,759
8,483,759
9,430,759
10,567,759
11,427,759
1,356,760
2,475,760
3,360,760
4,501,760
5,427,760
6,456,760
7,418,760
8,502,760
9,289,760
10,505,760
11,481,760
12,569,760
13,549,760
1,479,761
2,364,761
3,403,761
4,427,761
5,347,761
6,437,761
7,501,761
1,475,762
2,418,762
3,364,762
4,427,762
5,501,762
6,456,762
7,541,762
8,566,762
9,479,762
10,432,762
1,475,763
2,403,763
3,356,763
4,364,763
5,477,763
6,482,763
7,501,763
8,347,763
9,427,763
10,566,763
11,462,763
12,483,763
13,541,763
14,437,763
15,543,763
1,360,764
2,427,764
3,479,764
4,356,764
5,404,764
6,476,764
7,572,764
1,475,765
2,577,765
3,578,765
4,579,765
5,554,765
6,501,765
7,496,765
8,580,765
9,547,765
1,427,766
2,577,766
3,581,766
4,356,766
5,501,766
6,477,766
1,475,767
2,501,767
3,554,767
4,456,767
5,578,767
6,477,767
7,577,767
8,356,767
9,427,767
10,347,767
11,430,767
1,525,768
2,591,768
3,533,768
4,529,768
5,509,768
6,592,768
7,528,768
8,564,768
9,513,768
10,560,768
11,558,768
12,593,768
13,594,768
1,479,769
2,578,769
3,590,769
4,477,769
5,501,769
6,482,769
7,427,769
8,456,769
9,347,769
10,551,769
1,578,770
2,475,770
3,476,770
4,579,770
5,581,770
6,356,770
7,403,770
8,347,770
9,583,770
10,526,770
11,456,770
1,581,771
2,578,771
3,456,771
4,590,771
5,501,771
6,356,771
7,479,771
8,427,771
9,566,771
1,479,772
2,456,772
3,427,772
4,476,772
5,360,772
6,431,772
7,437,772
8,459,772
9,403,772
10,477,772
11,549,772
1,475,773
2,578,773
3,590,773
4,554,773
5,476,773
6,501,773
7,356,773
8,427,773
9,456,773
1,479,774
2,578,774
3,403,774
4,418,774
5,456,774
6,289,774
7,477,774
1,475,775
2,578,775
3,403,775
4,347,775
5,501,775
6,418,775
7,456,775
8,486,775
9,478,775
10,477,775
11,356,775
12,583,775
13,360,775
14,602,775
15,603,775
16,289,775
1,579,776
2,554,776
3,496,776
4,501,776
5,606,776
6,607,776
7,347,776
8,475,776
9,573,776
10,586,776
1,579,777
2,479,777
3,418,777
4,590,777
5,427,777
6,356,777
1,611,778
2,509,778
3,525,778
4,555,778
5,612,778
6,533,778
7,613,778
8,597,778
9,514,778
10,520,778
11,562,778
12,512,778
13,516,778
14,563,778
15,529,778
16,593,778
17,528,778
1,579,779
2,577,779
3,581,779
4,578,779
5,501,779
6,554,779
7,617,779
1,479,780
2,577,780
3,578,780
4,427,780
5,456,780
6,619,780
7,590,780
8,549,780
1,579,781
2,578,781
3,581,781
4,577,781
5,475,781
6,554,781
7,501,781
8,418,781
9,479,781
10,483,781
11,506,781
12,431,781
13,484,781
14,430,781
15,459,781
1,475,782
2,579,782
3,501,782
4,418,782
5,590,782
6,483,782
7,356,782
1,475,783
2,579,783
3,476,783
4,418,783
5,483,783
6,578,783
7,479,783
8,577,783
9,580,783
10,547,783
11,609,783
1,577,784
2,554,784
3,578,784
4,622,784
5,482,784
6,623,784
1,475,785
2,581,785
3,554,785
4,579,785
5,624,785
6,625,785
7,607,785
8,547,785
1,559,786
2,611,786
3,528,786
4,593,786
5,537,786
6,628,786
7,514,786
8,449,786
9,592,786
10,629,786
11,520,786
12,615,786
13,516,786
14,558,786
15,513,786
16,595,786
17,630,786
18,597,786
19,525,786
1,581,787
2,632,787
3,607,787
4,501,787
5,633,787
6,429,787
7,554,787
8,627,787
1,581,788
2,608,788
3,554,788
4,579,788
5,607,788
6,627,788
7,580,788
8,624,788
9,626,788
10,578,788
11,429,788
1,579,789
2,606,789
3,554,789
4,486,789
5,547,789
6,633,789
7,607,789
8,580,789
9,626,789
10,608,789
11,619,789
1,579,790
2,475,790
3,554,790
4,580,790
5,627,790
1,475,791
2,581,791
3,541,791
4,580,791
5,486,791
6,586,791
7,640,791
8,579,791
9,609,791
10,583,791
11,456,791
1,579,792
2,498,792
3,642,792
4,478,792
5,643,792
6,501,792
7,577,792
1,427,793
2,608,793
3,554,793
4,642,793
5,633,793
6,589,793
7,650,793
8,641,793
9,475,793
1,628,794
2,529,794
3,653,794
4,512,794
5,654,794
6,612,794
7,538,794
8,597,794
9,556,794
10,559,794
11,518,794
12,563,794
13,513,794
14,509,794
1,579,795
2,475,795
3,642,795
4,632,795
5,643,795
6,427,795
7,577,795
8,607,795
9,627,795
1,579,796
2,475,796
3,577,796
4,643,796
5,608,796
6,554,796
7,578,796
8,624,796
9,627,796
10,650,796
11,660,796
1,475,797
2,579,797
3,648,797
4,641,797
5,577,797
6,578,797
7,662,797
8,651,797
9,663,797
1,579,798
2,641,798
3,608,798
4,554,798
5,496,798
6,620,798
7,643,798
8,427,798
9,667,798
10,578,798
1,579,799
2,642,799
3,498,799
4,427,799
5,625,799
6,501,799
7,669,799
8,640,799
9,620,799
1,657,800
2,525,800
3,658,800
4,526,800
5,673,800
6,615,800
7,528,800
8,555,800
9,674,800
10,655,800
11,656,800
12,521,800
13,675,800
14,628,800
15,518,800
16,679,800
17,592,800
18,596,800
19,676,800
23,520,800
1,579,801
2,427,801
3,475,801
4,498,801
5,429,801
6,669,801
7,644,801
1,579,802
2,648,802
3,626,802
4,669,802
5,633,802
6,554,802
1,498,803
2,578,803
3,670,803
4,579,803
5,427,803
6,643,803
7,648,803
8,663,803
9,429,803
10,619,803
11,682,803
12,501,803
13,665,803
14,683,803
15,547,803
1,579,804
2,498,804
3,427,804
4,648,804
5,644,804
6,641,804
7,501,804
8,627,804
9,626,804
10,554,804
1,579,805
2,498,805
3,478,805
4,643,805
5,644,805
6,663,805
7,620,805
8,680,805
1,579,806
2,578,806
3,620,806
4,478,806
5,427,806
6,693,806
7,581,806
8,627,806
9,644,806
10,475,806
11,672,806
1,578,807
2,577,807
3,579,807
4,643,807
5,648,807
6,580,807
7,627,807
8,663,807
9,669,807
1,647,808
2,633,808
3,498,808
4,578,808
5,695,808
6,554,808
7,427,808
8,696,808
9,689,808
1,657,809
2,656,809
3,611,809
4,615,809
5,658,809
6,556,809
7,509,809
8,679,809
9,529,809
10,653,809
11,699,809
12,700,809
13,675,809
14,525,809
15,701,809
16,449,809
17,654,809
1,647,810
2,642,810
3,697,810
4,578,810
5,640,810
6,427,810
7,627,810
8,581,810
9,475,810
1,647,811
2,633,811
3,670,811
4,640,811
5,427,811
6,578,811
7,501,811
8,627,811
9,693,811
10,632,811
11,429,811
1,578,812
2,579,812
3,498,812
4,647,812
5,642,812
6,633,812
7,640,812
8,627,812
9,670,812
10,554,812
11,619,812
12,660,812
13,581,812
14,704,812
15,589,812
1,647,813
2,579,813
3,642,813
4,498,813
5,578,813
6,697,813
7,669,813
8,663,813
9,687,813
10,627,813
1,642,814
2,579,814
3,578,814
4,697,814
5,640,814
6,475,814
7,680,814
8,647,814
9,478,814
10,627,814
11,690,814
12,692,814
13,664,814
14,710,814
15,709,814
16,455,814
1,647,815
2,642,815
3,578,815
4,579,815
5,691,815
6,633,815
7,663,815
8,720,815
9,719,815
1,579,816
2,642,816
3,633,816
4,578,816
5,427,816
6,643,816
7,644,816
8,620,816
9,501,816
10,589,816
11,669,816
12,689,816
13,475,816
14,717,816
15,704,816
16,627,816
1,641,817
2,723,817
3,554,817
4,663,817
5,689,817
6,640,817
7,721,817
8,688,817
1,526,818
2,509,818
3,611,818
4,518,818
5,656,818
6,525,818
7,592,818
8,726,818
9,629,818
10,593,818
11,658,818
12,727,818
13,728,818
14,729,818
15,730,818
16,513,818
17,657,818
18,521,818
19,731,818
20,675,818
21,732,818
1,647,819
2,642,819
3,626,819
4,578,819
5,632,819
6,689,819
7,735,819
8,660,819
9,688,819
10,669,819
11,651,819
12,736,819
13,703,819
14,737,819
15,738,819
1,647,820
2,642,820
3,641,820
4,626,820
5,427,820
6,581,820
7,554,820
8,741,820
9,651,820
10,704,820
11,723,820
12,740,820
1,647,821
2,641,821
3,578,821
4,742,821
5,743,821
6,642,821
7,686,821
8,456,821
9,744,821
10,687,821
11,669,821
12,745,821
13,723,821
14,660,821
15,651,821
16,664,821
17,501,821
18,746,821
19,640,821
20,688,821
21,705,821
22,689,821
1,647,822
2,642,822
3,723,822
4,641,822
5,554,822
6,736,822
7,751,822
8,724,822
9,752,822
10,660,822
11,753,822
12,709,822
1,647,823
2,642,823
3,633,823
4,578,823
5,626,823
6,427,823
7,708,823
8,651,823
9,622,823
1,647,824
2,498,824
3,633,824
4,642,824
5,697,824
6,609,824
7,641,824
8,622,824
9,663,824
10,627,824
11,748,824
12,742,824
13,688,824
14,626,824
15,689,824
1,579,825
2,641,825
3,642,825
4,763,825
5,640,825
6,647,825
7,589,825
8,475,825
9,627,825
10,741,825
11,723,825
12,501,825
13,660,825
14,764,825
1,766,826
2,673,826
3,658,826
4,612,826
5,734,826
6,731,826
7,767,826
8,518,826
1,642,827
2,647,827
3,633,827
4,627,827
5,704,827
6,429,827
7,660,827
8,773,827
9,579,827
1,786,828
2,647,828
3,633,828
4,686,828
5,642,828
6,589,828
7,704,828
8,774,828
9,764,828
10,763,828
11,579,828
1,498,829
2,579,829
3,633,829
4,697,829
5,686,829
6,763,829
7,661,829
8,778,829
9,687,829
10,627,829
11,619,829
12,708,829
13,660,829
1,647,830
2,579,830
3,498,830
4,633,830
5,641,830
6,723,830
7,626,830
8,627,830
9,773,830
10,680,830
11,660,830
1,647,831
2,498,831
3,697,831
4,633,831
5,641,831
6,609,831
7,627,831
8,704,831
9,762,831
1,579,832
2,498,832
3,642,832
4,647,832
5,697,832
6,640,832
7,627,832
8,741,832
9,626,832
10,580,832
1,642,833
2,786,833
3,686,833
4,704,833
5,627,833
6,619,833
7,787,833
8,741,833
9,784,833
10,778,833
11,660,833
1,579,834
2,647,834
3,589,834
4,793,834
5,669,834
6,619,834
7,660,834
1,593,835
2,701,835
3,768,835
4,770,835
5,794,835
6,766,835
7,654,835
8,726,835
9,555,835
10,559,835
11,795,835
12,518,835
13,772,835
14,658,835
15,526,835
16,520,835
17,653,835
18,732,835
19,771,835
20,677,835
21,659,835
22,796,835
23,797,835
24,509,835
1,642,836
2,786,836
3,627,836
4,669,836
5,697,836
6,640,836
7,800,836
8,501,836
9,589,836
10,660,836
11,780,836
1,579,837
2,786,837
3,627,837
4,642,837
5,647,837
6,633,837
7,773,837
8,660,837
9,785,837
10,780,837
1,579,838
2,786,838
3,687,838
4,626,838
5,741,838
6,801,838
7,642,838
8,704,838
1,642,839
2,802,839
3,786,839
4,627,839
5,741,839
6,640,839
7,687,839
10,788,833
5,529,835
5,774,838
6,627,838
2,647,839
3,675,826
1,579,828
2,498,828
11,786,828
3,642,831
11,721,820
9,759,823
7,501,808
3,518,809
4,555,809
7,513,809
9,521,809
9,520,809
12,702,809
15,509,809
16,612,809
16,630,809
17,804,809
3,498,810
8,633,814
4,697,815
7,577,816
4,518,800
8,659,800
11,593,800
11,611,800
11,612,800
11,653,800
12,654,800
15,613,800
15,799,800
15,529,800
18,702,800
19,730,800
4,578,801
2,578,804
3,498,806
2,642,792
2,427,792
3,427,792
3,620,792
4,648,792
4,475,792
6,554,792
7,644,792
7,501,792
3,607,793
8,632,793
2,555,794
5,519,794
5,554,795
6,608,797
9,501,797
1,579,784
4,583,784
6,806,784
2,579,785
4,608,785
6,429,785
3,475,787
5,475,788
10,501,788
2,581,789
10,606,789
2,579,791
8,608,791
5,498,776
6,581,776
6,476,776
7,356,779
1,475,780
4,581,780
5,501,783
11,638,783
4,566,774
3,475,746
1,373,728
2,364,728
3,289,728
4,360,728
5,385,728
6,347,728
7,408,728
8,401,728
9,340,728
10,430,728
11,411,728
12,409,728
13,356,728
14,412,728
1,4,337
2,13,337
3,1,337
4,20,337
5,3,337
6,30,337
7,18,337
8,17,337
9,24,337
10,22,337
11,9,337
12,16,337
13,153,337
14,807,337
15,5,337
16,67,337
17,15,337
1,18,338
2,9,338
3,13,338
4,4,338
5,3,338
6,1,338
7,24,338
8,22,338
9,17,338
10,30,338
11,153,338
12,37,338
13,5,338
14,812,338
1,20,339
2,17,339
3,3,339
4,9,339
5,16,339
6,1,339
7,13,339
8,18,339
9,153,339
10,807,339
11,67,339
12,22,339
13,4,339
14,810,339
15,812,339
16,811,339
17,15,339
1,18,340
2,1,340
3,3,340
4,4,340
5,9,340
6,20,340
7,808,340
8,17,340
9,13,340
10,30,340
11,16,340
12,22,340
13,153,340
14,5,340
15,807,340
16,811,340
17,812,340
1,17,341
2,4,341
3,20,341
4,30,341
5,18,341
6,13,341
7,16,341
8,9,341
9,22,341
10,153,341
11,808,341
12,155,341
13,3,341
14,1,341
15,24,341
16,807,341
17,15,341
18,10,341
19,810,341
1,17,342
2,20,342
3,9,342
4,13,342
5,1,342
6,4,342
7,3,342
8,16,342
9,24,342
10,67,342
11,153,342
12,30,342
13,808,342
14,812,342
15,15,342
1,1,343
2,18,343
3,17,343
4,30,343
5,3,343
6,9,343
7,13,343
8,4,343
9,16,343
10,155,343
11,37,343
12,153,343
13,24,343
14,22,343
15,808,343
16,67,343
17,807,343
18,10,343
19,810,343
20,812,343
1,1,344
2,18,344
3,4,344
4,20,344
5,17,344
6,3,344
7,9,344
8,67,344
9,24,344
10,16,344
11,30,344
12,153,344
13,807,344
14,22,344
15,13,344
16,5,344
17,808,344
18,812,344
19,810,344
1,20,345
2,1,345
3,18,345
4,22,345
5,9,345
6,16,345
7,155,345
8,4,345
9,67,345
10,3,345
11,13,345
12,37,345
13,153,345
14,808,345
15,30,345
16,24,345
17,810,345
18,812,345
19,10,345
20,811,345
21,15,345
1,17,346
2,1,346
3,3,346
4,18,346
5,22,346
6,155,346
7,20,346
8,16,346
9,30,346
10,807,346
11,24,346
12,67,346
13,808,346
14,4,346
15,13,346
16,15,346
17,5,346
18,10,346
19,812,346
20,29,346
1,4,347
2,13,347
3,20,347
4,1,347
5,18,347
6,17,347
7,9,347
8,3,347
9,30,347
10,808,347
11,155,347
12,22,347
13,807,347
14,37,347
15,153,347
16,24,347
17,16,347
18,10,347
19,811,347
1,17,348
2,4,348
3,20,348
4,13,348
5,808,348
6,807,348
7,37,348
8,18,348
9,155,348
10,22,348
11,30,348
12,67,348
13,24,348
14,5,348
15,15,348
16,10,348
17,811,348
18,810,348
19,29,348
1,1,349
2,17,349
3,9,349
4,13,349
5,16,349
6,3,349
7,30,349
8,155,349
9,808,349
10,24,349
11,37,349
12,67,349
13,153,349
14,807,349
15,20,349
16,5,349
17,810,349
18,10,349
19,15,349
20,29,349
1,4,350
2,18,350
3,13,350
4,20,350
5,3,350
6,17,350
7,807,350
8,9,350
9,30,350
10,22,350
11,67,350
12,24,350
13,808,350
14,37,350
15,153,350
16,16,350
17,10,350
18,5,350
19,29,350
20,810,350
1,4,351
2,20,351
3,17,351
4,18,351
5,3,351
6,22,351
7,9,351
8,13,351
9,16,351
10,807,351
11,808,351
12,153,351
13,30,351
14,67,351
15,810,351
16,5,351
1,20,352
2,17,352
3,4,352
4,18,352
5,1,352
6,30,352
7,155,352
8,2,352
9,22,352
10,67,352
11,153,352
12,5,352
13,15,352
14,10,352
15,811,352
16,29,352
1,4,353
2,1,353
3,13,353
4,30,353
5,9,353
6,24,353
7,22,353
8,155,353
9,2,353
10,807,353
11,153,353
12,18,353
13,5,353
14,811,353
15,29,353
1,20,354
2,17,354
3,4,354
4,1,354
5,18,354
6,3,354
7,30,354
8,807,354
9,9,354
10,155,354
11,153,354
12,16,354
13,67,354
14,22,354
15,13,354
16,808,354
17,2,354
18,5,354
19,15,354
20,10,354
21,811,354
22,32,354
1,20,355
2,1,355
3,18,355
4,3,355
5,9,355
6,808,355
7,4,355
8,17,355
9,153,355
10,13,355
11,2,355
12,22,355
13,16,355
14,155,355
15,67,355
16,807,355
17,5,355
18,810,355
19,811,355
20,32,355
21,15,355
1,20,841
2,1,841
3,808,841
4,4,841
5,17,841
6,18,841
7,13,841
8,67,841
9,16,841
10,814,841
11,153,841
12,2,841
13,15,841
14,816,841
1,20,842
2,18,842
3,2,842
4,17,842
5,13,842
6,4,842
7,155,842
8,1,842
9,30,842
10,814,842
11,16,842
12,3,842
13,67,842
14,153,842
15,5,842
16,10,842
17,808,842
1,1,843
2,20,843
3,17,843
4,18,843
5,3,843
6,13,843
7,4,843
8,30,843
9,808,843
10,155,843
11,814,843
12,2,843
13,22,843
14,67,843
15,16,843
16,5,843
17,815,843
18,813,843
19,15,843
20,816,843
21,10,843
22,24,843
23,39,843
1,20,844
2,17,844
3,4,844
4,1,844
5,3,844
6,18,844
7,2,844
8,808,844
9,67,844
10,155,844
11,13,844
12,30,844
13,16,844
14,815,844
15,22,844
16,153,844
17,813,844
18,15,844
19,5,844
20,816,844
21,39,844
22,24,844
1,20,845
2,1,845
3,18,845
4,17,845
5,4,845
6,30,845
7,3,845
8,2,845
9,815,845
10,155,845
11,808,845
12,814,845
13,16,845
14,67,845
15,813,845
16,153,845
17,22,845
18,15,845
19,10,845
20,816,845
21,39,845
1,20,846
2,4,846
3,18,846
4,17,846
5,155,846
6,1,846
7,16,846
8,2,846
9,22,846
10,67,846
11,3,846
12,814,846
13,15,846
14,5,846
15,816,846
16,24,846
17,39,846
18,813,846
1,18,847
2,20,847
3,17,847
4,30,847
5,808,847
6,13,847
7,155,847
8,153,847
9,22,847
10,67,847
11,3,847
12,37,847
13,24,847
14,39,847
15,816,847
16,10,847
17,15,847
18,814,847
1,20,848
2,4,848
3,17,848
4,1,848
5,13,848
6,18,848
7,3,848
8,153,848
9,16,848
10,2,848
11,815,848
12,22,848
13,67,848
14,814,848
15,808,848
16,155,848
17,30,848
18,813,848
19,5,848
20,15,848
21,10,848
22,816,848
23,24,848
24,39,848
1,4,849
2,20,849
3,17,849
4,1,849
5,13,849
6,3,849
7,815,849
8,2,849
9,30,849
10,153,849
11,16,849
12,808,849
13,22,849
14,813,849
15,814,849
16,10,849
17,816,849
18,24,849
19,817,849
1,1,850
2,4,850
3,17,850
4,20,850
5,13,850
6,16,850
7,3,850
8,30,850
9,155,850
10,808,850
11,815,850
12,153,850
13,814,850
14,813,850
15,67,850
16,5,850
17,10,850
18,816,850
19,817,850
20,812,850
1,18,851
2,20,851
3,4,851
4,1,851
5,17,851
6,13,851
7,814,851
8,67,851
9,3,851
10,153,851
11,155,851
12,808,851
13,22,851
14,16,851
15,815,851
16,813,851
17,10,851
18,817,851
19,816,851
20,24,851
1,20,852
2,17,852
3,18,852
4,4,852
5,30,852
6,3,852
7,16,852
8,13,852
9,808,852
10,813,852
11,814,852
12,155,852
13,811,852
14,15,852
15,5,852
16,22,852
17,816,852
18,10,852
19,24,852
1,20,853
2,18,853
3,4,853
4,1,853
5,30,853
6,13,853
7,153,853
8,814,853
9,811,853
10,67,853
11,813,853
12,22,853
13,5,853
14,15,853
15,10,853
1,20,854
2,18,854
3,17,854
4,4,854
5,1,854
6,814,854
7,3,854
8,16,854
9,13,854
10,815,854
11,813,854
12,67,854
13,22,854
14,155,854
15,811,854
16,5,854
17,808,854
18,816,854
19,817,854
20,24,854
21,153,854
1,18,855
2,4,855
3,20,855
4,17,855
5,1,855
6,30,855
7,13,855
8,815,855
9,808,855
10,3,855
11,16,855
12,814,855
13,155,855
14,813,855
15,153,855
16,811,855
17,22,855
18,5,855
19,15,855
20,10,855
21,816,855
22,817,855
23,24,855
1,20,856
2,1,856
3,17,856
4,18,856
5,4,856
6,13,856
7,153,856
8,3,856
9,67,856
10,814,856
11,16,856
12,22,856
13,811,856
14,5,856
15,155,856
16,815,856
17,15,856
18,10,856
19,817,856
20,816,856
21,24,856
1,20,857
2,18,857
3,4,857
4,17,857
5,30,857
6,3,857
7,1,857
8,153,857
9,16,857
10,815,857
11,808,857
12,811,857
13,814,857
14,5,857
15,22,857
16,816,857
17,39,857
18,817,857
19,15,857
1,1,858
2,4,858
3,18,858
4,17,858
5,13,858
6,3,858
7,30,858
8,16,858
9,814,858
10,155,858
11,815,858
12,22,858
13,808,858
14,813,858
15,153,858
16,811,858
17,5,858
18,15,858
19,10,858
20,24,858
1,17,859
2,20,859
3,18,859
4,4,859
5,13,859
6,16,859
7,3,859
8,814,859
9,155,859
10,808,859
11,153,859
12,67,859
13,815,859
14,22,859
15,30,859
16,5,859
17,811,859
18,15,859
19,816,859
20,817,859
1,18,860
2,20,860
3,1,860
4,17,860
5,4,860
6,155,860
7,8,860
8,815,860
9,817,860
10,814,860
11,818,860
12,3,860
13,813,860
14,10,860
15,819,860
16,811,860
1,4,861
2,815,861
3,1,861
4,17,861
5,8,861
6,811,861
7,814,861
8,818,861
9,807,861
10,30,861
11,20,861
12,817,861
13,3,861
14,18,861
15,13,861
16,808,861
17,10,861
18,5,861
19,813,861
20,819,861
21,39,861
22,37,861
1,3,862
2,18,862
3,1,862
4,17,862
5,20,862
6,154,862
7,811,862
8,813,862
9,4,862
10,155,862
11,815,862
12,814,862
13,13,862
14,8,862
15,807,862
16,818,862
17,817,862
18,808,862
19,10,862
20,819,862
21,37,862
22,39,862
23,5,862
1,20,863
2,8,863
3,154,863
4,17,863
5,3,863
6,814,863
7,4,863
8,1,863
9,13,863
10,30,863
11,815,863
12,807,863
13,155,863
14,818,863
15,817,863
16,808,863
17,5,863
18,18,863
19,10,863
20,37,863
21,39,863
22,811,863
1,813,864
2,4,864
3,8,864
4,154,864
5,155,864
6,20,864
7,3,864
8,1,864
9,18,864
10,807,864
11,17,864
12,818,864
13,817,864
14,814,864
15,13,864
16,5,864
17,808,864
18,10,864
19,37,864
1,17,865
2,3,865
3,4,865
4,20,865
5,1,865
6,13,865
7,814,865
8,807,865
9,8,865
10,811,865
11,815,865
12,818,865
13,5,865
14,10,865
15,39,865
16,18,865
1,1,866
2,154,866
3,815,866
4,20,866
5,4,866
6,3,866
7,17,866
8,8,866
9,155,866
10,13,866
11,814,866
12,807,866
13,813,866
14,817,866
15,818,866
16,18,866
17,811,866
18,5,866
19,808,866
20,819,866
21,10,866
1,4,867
2,8,867
3,30,867
4,17,867
5,807,867
6,3,867
7,814,867
8,18,867
9,815,867
10,811,867
11,817,867
12,813,867
13,808,867
14,5,867
15,819,867
16,13,867
17,37,867
18,39,867
19,1,867
1,17,868
2,4,868
3,20,868
4,13,868
5,8,868
6,154,868
7,30,868
8,1,868
9,811,868
10,18,868
11,155,868
12,807,868
13,817,868
14,818,868
15,3,868
16,813,868
17,5,868
18,10,868
19,819,868
20,37,868
21,39,868
1,4,869
2,18,869
3,8,869
4,155,869
5,20,869
6,815,869
7,30,869
8,17,869
9,807,869
10,3,869
11,814,869
12,13,869
13,817,869
14,818,869
15,813,869
16,808,869
17,811,869
18,154,869
19,5,869
20,819,869
21,37,869
22,10,869
23,39,869
1,1,870
2,8,870
3,154,870
4,20,870
5,4,870
6,18,870
7,811,870
8,17,870
9,13,870
10,3,870
11,807,870
12,814,870
13,813,870
14,815,870
15,817,870
16,818,870
17,5,870
18,155,870
19,808,870
20,819,870
21,10,870
22,37,870
1,18,871
2,20,871
3,8,871
4,807,871
5,13,871
6,17,871
7,30,871
8,818,871
9,817,871
10,814,871
11,3,871
12,811,871
13,155,871
14,808,871
15,10,871
16,819,871
17,5,871
18,37,871
1,1,872
2,815,872
3,4,872
4,13,872
5,8,872
6,30,872
7,3,872
8,814,872
9,155,872
10,811,872
11,813,872
12,817,872
13,816,872
14,5,872
15,808,872
16,819,872
17,10,872
18,37,872
19,39,872
20,17,872
21,807,872
22,20,872
1,20,873
2,18,873
3,4,873
4,814,873
5,3,873
6,8,873
7,154,873
8,13,873
9,817,873
10,815,873
11,17,873
12,10,873
13,155,873
14,807,873
15,5,873
16,819,873
17,37,873
18,811,873
19,808,873
1,20,874
2,13,874
3,155,874
4,18,874
5,1,874
6,8,874
7,807,874
8,813,874
9,17,874
10,817,874
11,30,874
12,814,874
13,818,874
14,811,874
15,5,874
16,10,874
17,808,874
18,37,874
19,154,874
1,20,875
2,17,875
3,4,875
4,13,875
5,8,875
6,807,875
7,154,875
8,818,875
9,817,875
10,1,875
11,815,875
12,814,875
13,30,875
14,813,875
15,811,875
16,808,875
17,5,875
18,10,875
19,819,875
20,39,875
1,20,876
2,4,876
3,17,876
4,1,876
5,18,876
6,13,876
7,8,876
8,807,876
9,154,876
10,811,876
11,3,876
12,814,876
13,817,876
14,155,876
15,818,876
16,813,876
17,808,876
18,5,876
19,819,876
20,10,876
21,39,876
22,30,876
1,8,877
2,4,877
3,20,877
4,18,877
5,813,877
6,155,877
7,13,877
8,811,877
9,814,877
10,817,877
11,30,877
12,818,877
13,5,877
14,10,877
15,815,877
16,808,877
17,37,877
1,1,878
2,20,878
3,4,878
4,13,878
5,18,878
6,8,878
7,154,878
8,807,878
9,813,878
10,811,878
11,815,878
12,817,878
13,3,878
14,155,878
15,814,878
16,30,878
17,808,878
18,5,878
19,10,878
20,819,878
21,37,878
22,39,878
1,18,879
2,4,879
3,13,879
4,17,879
5,807,879
6,20,879
7,30,879
8,818,879
9,155,879
10,8,879
11,808,879
12,819,879
13,817,879
14,5,879
15,3,879
16,10,879
17,37,879
18,39,879
19,814,879
1,8,880
2,4,880
3,20,880
4,13,880
5,1,880
6,17,880
7,16,880
8,814,880
9,18,880
10,154,880
11,815,880
12,818,880
13,821,880
14,822,880
15,824,880
16,819,880
17,820,880
18,823,880
1,20,881
2,17,881
3,1,881
4,3,881
5,13,881
6,154,881
7,8,881
8,807,881
9,815,881
10,818,881
11,822,881
12,821,881
13,824,881
14,819,881
15,823,881
16,820,881
17,18,881
18,817,881
1,4,882
2,8,882
3,1,882
4,20,882
5,18,882
6,13,882
7,817,882
8,814,882
9,154,882
10,807,882
11,815,882
12,818,882
13,822,882
14,813,882
15,824,882
16,819,882
17,820,882
18,823,882
1,20,883
2,8,883
3,154,883
4,814,883
5,1,883
6,815,883
7,17,883
8,4,883
9,3,883
10,18,883
11,813,883
12,807,883
13,16,883
14,822,883
15,13,883
16,817,883
17,819,883
18,821,883
19,824,883
20,820,883
21,823,883
1,4,884
2,8,884
3,13,884
4,20,884
5,17,884
6,3,884
7,814,884
8,18,884
9,815,884
10,817,884
11,821,884
12,1,884
13,16,884
14,813,884
15,807,884
16,822,884
17,819,884
18,824,884
19,820,884
20,818,884
21,823,884
22,154,884
1,3,885
2,20,885
3,17,885
4,1,885
5,16,885
6,18,885
7,4,885
8,818,885
9,814,885
10,8,885
11,807,885
12,822,885
13,821,885
14,820,885
15,823,885
16,815,885
1,20,886
2,4,886
3,1,886
4,17,886
5,3,886
6,818,886
7,814,886
8,13,886
9,8,886
10,16,886
11,815,886
12,18,886
13,154,886
14,822,886
15,817,886
16,813,886
17,824,886
18,819,886
19,820,886
20,821,886
1,3,887
2,17,887
3,4,887
4,1,887
5,8,887
6,13,887
7,16,887
8,817,887
9,814,887
10,807,887
11,813,887
12,822,887
13,18,887
14,821,887
15,819,887
16,824,887
17,820,887
18,823,887
19,154,887
20,815,887
1,20,888
2,8,888
3,154,888
4,4,888
5,1,888
6,18,888
7,17,888
8,815,888
9,3,888
10,807,888
11,814,888
12,817,888
13,16,888
14,821,888
15,813,888
16,822,888
17,819,888
18,823,888
19,820,888
1,1,890
2,8,890
3,20,890
4,17,890
5,4,890
6,154,890
7,18,890
8,13,890
9,815,890
10,813,890
11,807,890
12,818,890
13,817,890
14,823,890
15,819,890
16,824,890
17,820,890
18,814,890
19,3,890
1,20,891
2,4,891
3,1,891
4,3,891
5,17,891
6,18,891
7,13,891
8,154,891
9,16,891
10,817,891
11,815,891
12,818,891
13,807,891
14,821,891
15,822,891
16,823,891
17,813,891
18,824,891
19,820,891
1,20,892
2,4,892
3,17,892
4,13,892
5,807,892
6,3,892
7,817,892
8,154,892
9,1,892
10,18,892
11,8,892
12,815,892
13,821,892
14,813,892
15,822,892
16,16,892
17,819,892
18,823,892
19,824,892
20,820,892
1,20,893
2,4,893
3,8,893
4,3,893
5,1,893
6,13,893
7,18,893
8,815,893
9,807,893
10,16,893
11,813,893
12,821,893
13,822,893
14,818,893
15,17,893
16,823,893
17,820,893
18,824,893
19,819,893
20,814,893
1,20,894
2,8,894
3,154,894
4,807,894
5,1,894
6,4,894
7,3,894
8,18,894
9,13,894
10,815,894
11,821,894
12,822,894
13,813,894
14,819,894
15,823,894
16,824,894
17,820,894
18,818,894
19,817,894
20,16,894
1,20,895
2,17,895
3,154,895
4,4,895
5,8,895
6,807,895
7,821,895
8,3,895
9,18,895
10,13,895
11,814,895
12,818,895
13,817,895
14,16,895
15,815,895
16,813,895
17,822,895
18,819,895
19,820,895
1,20,896
2,3,896
3,154,896
4,13,896
5,815,896
6,1,896
7,8,896
8,814,896
9,16,896
10,817,896
11,4,896
12,813,896
13,818,896
14,18,896
15,821,896
16,822,896
17,820,896
18,824,896
19,807,896
1,20,897
2,17,897
3,3,897
4,154,897
5,4,897
6,814,897
7,1,897
8,13,897
9,815,897
10,16,897
11,813,897
12,18,897
13,821,897
14,807,897
15,822,897
16,817,897
17,818,897
18,823,897
19,819,897
20,824,897
21,820,897
1,20,898
2,154,898
3,17,898
4,1,898
5,4,898
6,807,898
7,815,898
8,822,898
9,3,898
10,18,898
11,817,898
12,818,898
13,13,898
14,821,898
15,5,898
16,814,898
17,813,898
18,824,898
19,823,898
20,819,898
21,820,898
1,20,899
2,17,899
3,4,899
4,18,899
5,3,899
6,815,899
7,13,899
8,807,899
9,1,899
10,817,899
11,814,899
12,821,899
13,16,899
14,5,899
15,818,899
16,813,899
17,824,899
18,823,899
19,820,899
1,3,900
2,825,900
3,18,900
4,4,900
5,822,900
6,807,900
7,8,900
8,818,900
9,826,900
10,815,900
11,16,900
12,821,900
13,820,900
1,1,901
2,3,901
3,20,901
4,4,901
5,807,901
6,18,901
7,13,901
8,822,901
9,825,901
10,826,901
11,154,901
12,8,901
13,155,901
14,828,901
15,820,901
1,1,902
2,3,902
3,815,902
4,817,902
5,807,902
6,20,902
7,13,902
8,822,902
9,4,902
10,8,902
11,826,902
12,154,902
13,820,902
14,813,902
15,155,902
16,824,902
17,18,902
1,1,903
2,3,903
3,4,903
4,817,903
5,20,903
6,807,903
7,822,903
8,8,903
9,815,903
10,826,903
11,18,903
12,818,903
13,825,903
14,813,903
15,13,903
16,821,903
17,824,903
18,155,903
19,820,903
20,828,903
1,1,904
2,3,904
3,817,904
4,20,904
5,822,904
6,4,904
7,8,904
8,154,904
9,815,904
10,807,904
11,18,904
12,825,904
13,13,904
14,826,904
15,813,904
16,821,904
17,16,904
18,824,904
19,820,904
20,828,904
1,3,905
2,1,905
3,817,905
4,4,905
5,807,905
6,18,905
7,13,905
8,154,905
9,824,905
10,825,905
11,828,905
12,8,905
13,155,905
14,820,905
1,817,906
2,3,906
3,20,906
4,18,906
5,807,906
6,4,906
7,822,906
8,818,906
9,825,906
10,8,906
11,815,906
12,13,906
13,16,906
14,821,906
1,3,907
2,1,907
3,822,907
4,13,907
5,4,907
6,815,907
7,825,907
8,817,907
9,807,907
10,8,907
11,18,907
12,813,907
13,16,907
14,154,907
15,824,907
16,155,907
17,820,907
18,828,907
19,821,907
1,1,908
2,822,908
3,817,908
4,18,908
5,20,908
6,4,908
7,825,908
8,807,908
9,826,908
10,818,908
11,815,908
12,154,908
13,16,908
14,824,908
15,155,908
16,820,908
17,813,908
1,3,909
2,822,909
3,1,909
4,20,909
5,4,909
6,817,909
7,807,909
8,18,909
9,825,909
10,815,909
11,8,909
12,813,909
13,818,909
14,821,909
15,824,909
16,155,909
17,820,909
18,828,909
1,817,910
2,4,910
3,1,910
4,3,910
5,13,910
6,8,910
7,20,910
8,822,910
9,818,910
10,18,910
11,16,910
12,825,910
13,813,910
14,826,910
15,824,910
16,820,910
1,817,911
2,3,911
3,822,911
4,8,911
5,20,911
6,18,911
7,4,911
8,815,911
9,826,911
10,807,911
11,818,911
12,825,911
13,13,911
14,16,911
15,821,911
16,820,911
17,828,911
18,824,911
1,1,912
2,3,912
3,13,912
4,822,912
5,817,912
6,20,912
7,815,912
8,18,912
9,8,912
10,825,912
11,826,912
12,807,912
13,818,912
14,813,912
15,16,912
16,154,912
17,155,912
18,824,912
19,821,912
20,828,912
1,1,913
2,20,913
3,817,913
4,4,913
5,13,913
6,818,913
7,815,913
8,8,913
9,807,913
10,825,913
11,822,913
12,813,913
13,154,913
14,826,913
15,828,913
16,824,913
17,820,913
1,1,914
2,3,914
3,20,914
4,817,914
5,18,914
6,822,914
7,13,914
8,807,914
9,818,914
10,815,914
11,826,914
12,8,914
13,821,914
14,825,914
15,154,914
16,813,914
17,828,914
18,820,914
19,155,914
20,824,914
21,16,914
1,1,915
2,3,915
3,822,915
4,18,915
5,825,915
6,4,915
7,817,915
8,20,915
9,8,915
10,815,915
11,13,915
12,807,915
13,818,915
14,826,915
15,821,915
16,16,915
17,154,915
18,813,915
19,828,915
1,1,916
2,3,916
3,817,916
4,13,916
5,822,916
6,4,916
7,20,916
8,825,916
10,818,916
9,813,916
11,154,916
12,18,916
13,8,916
14,821,916
15,826,916
1,3,917
2,1,917
3,13,917
4,18,917
5,20,917
6,4,917
7,8,917
8,807,917
9,825,917
10,822,917
11,826,917
12,813,917
13,818,917
14,821,917
15,815,917
16,16,917
17,154,917
1,1,918
2,13,918
3,822,918
4,817,918
5,18,918
6,807,918
7,815,918
8,20,918
9,4,918
10,8,918
11,825,918
12,818,918
13,154,918
14,3,918
15,821,918
16,16,918
17,829,918
1,1,926
2,3,926
3,20,926
4,13,926
5,831,926
6,817,926
7,807,926
8,828,926
9,832,926
10,815,926
11,18,926
1,20,927
2,1,927
3,3,927
4,8,927
5,822,927
6,13,927
7,830,927
8,832,927
9,826,927
10,817,927
11,154,927
12,831,927
13,815,927
14,807,927
15,833,927
1,1,928
2,3,928
3,20,928
4,8,928
5,13,928
6,822,928
7,154,928
8,831,928
9,817,928
10,828,928
11,815,928
12,4,928
13,832,928
14,18,928
15,829,928
16,833,928
17,830,928
1,1,929
2,8,929
3,3,929
4,822,929
5,20,929
6,817,929
7,154,929
8,815,929
9,826,929
10,13,929
11,4,929
12,831,929
13,807,929
14,828,929
15,813,929
16,829,929
17,833,929
1,3,930
2,1,930
3,20,930
4,822,930
5,8,930
6,13,930
7,817,930
8,154,930
9,832,930
10,826,930
11,830,930
12,831,930
13,815,930
14,828,930
15,807,930
16,18,930
17,829,930
18,833,930
1,3,931
2,20,931
3,1,931
4,826,931
5,817,931
6,8,931
7,815,931
8,18,931
9,831,931
10,832,931
11,807,931
12,154,931
13,828,931
14,822,931
15,13,931
16,833,931
17,829,931
1,1,932
2,3,932
3,822,932
4,8,932
5,20,932
6,13,932
7,813,932
8,807,932
9,826,932
10,154,932
11,815,932
12,832,932
13,817,932
14,828,932
15,830,932
16,831,932
17,829,932
1,3,933
2,1,933
3,13,933
4,20,933
5,822,933
6,807,933
7,813,933
8,830,933
9,815,933
10,817,933
11,831,933
12,826,933
13,828,933
14,833,933
1,1,934
2,3,934
3,20,934
4,13,934
5,822,934
6,826,934
7,807,934
8,8,934
9,815,934
10,4,934
11,828,934
12,833,934
13,829,934
1,20,936
2,826,936
3,817,936
4,830,936
5,4,936
6,1,936
7,154,936
8,3,936
9,18,936
10,828,936
11,831,936
12,13,936
13,822,936
14,813,936
15,833,936
16,829,936
1,1,937
2,3,937
3,154,937
4,826,937
5,815,937
6,13,937
7,8,937
8,830,937
9,822,937
10,828,937
11,831,937
12,20,937
13,4,937
14,18,937
15,833,937
16,829,937
1,1,938
2,20,938
3,13,938
4,822,938
5,8,938
6,815,938
7,807,938
8,817,938
9,828,938
10,826,938
11,832,938
12,830,938
13,831,938
14,18,938
15,829,938
16,833,938
17,3,938
18,4,938
1,20,939
2,817,939
3,8,939
4,3,939
5,822,939
6,826,939
7,815,939
8,830,939
9,832,939
10,831,939
11,828,939
12,813,939
13,154,939
14,834,939
15,829,939
1,1,940
2,3,940
3,20,940
4,8,940
5,822,940
6,807,940
7,154,940
8,813,940
9,830,940
10,832,940
11,4,940
12,815,940
13,826,940
14,828,940
15,817,940
16,18,940
17,13,940
18,834,940
19,829,940
1,1,941
2,20,941
3,815,941
4,13,941
8,8,941
6,831,941
7,813,941
9,18,941
10,830,941
11,4,941
12,822,941
13,833,941
14,829,941
15,817,941
1,1,942
5,826,941
2,3,942
3,20,942
4,830,942
5,815,942
6,18,942
7,832,942
8,813,942
9,831,942
10,817,942
11,4,942
12,834,942
1,3,943
2,1,943
3,822,943
4,826,943
5,817,943
6,13,943
7,807,943
8,815,943
9,830,943
10,154,943
11,813,943
12,828,943
13,832,943
14,18,943
15,834,943
16,829,943
1,3,944
2,1,944
3,20,944
4,8,944
5,822,944
6,807,944
7,826,944
8,154,944
9,830,944
10,813,944
11,817,944
12,815,944
13,831,944
14,18,944
15,4,944
16,828,944
17,829,944
18,834,944
1,3,945
2,1,945
3,8,945
4,20,945
5,815,945
6,817,945
7,807,945
8,13,945
9,154,945
10,826,945
11,832,945
12,18,945
13,822,945
14,828,945
15,831,945
16,830,945
17,4,945
18,829,945
19,833,945
1,3,948
2,1,948
3,20,948
4,817,948
5,13,948
6,154,948
7,807,948
8,822,948
9,832,948
10,830,948
11,835,948
12,825,948
13,815,948
14,18,948
15,831,948
16,836,948
1,3,949
2,8,949
3,1,949
4,817,949
5,154,949
6,830,949
7,826,949
8,13,949
9,822,949
10,838,949
11,825,949
12,828,949
13,836,949
14,831,949
15,807,949
16,815,949
17,837,949
1,3,950
2,20,950
3,826,950
4,817,950
5,8,950
6,13,950
7,1,950
8,830,950
9,832,950
10,822,950
11,815,950
12,4,950
13,18,950
14,821,950
15,807,950
16,828,950
17,825,950
18,836,950
19,154,950
20,831,950
21,837,950
22,835,950
1,3,951
2,1,951
3,8,951
4,822,951
5,13,951
6,4,951
7,825,951
8,154,951
9,815,951
10,18,951
11,817,951
12,832,951
13,835,951
14,828,951
15,826,951
16,831,951
17,821,951
18,836,951
1,830,952
2,8,952
3,20,952
4,817,952
5,822,952
6,832,952
7,815,952
8,13,952
9,18,952
10,826,952
11,821,952
12,828,952
13,835,952
14,825,952
15,831,952
16,836,952
17,837,952
1,1,953
2,817,953
3,815,953
4,20,953
5,4,953
6,807,953
7,3,953
8,832,953
9,18,953
10,13,953
11,821,953
12,822,953
13,154,953
14,836,953
15,837,953
1,1,954
2,20,954
3,822,954
4,830,954
5,3,954
6,8,954
7,817,954
8,807,954
9,832,954
10,815,954
11,4,954
12,826,954
13,821,954
14,154,954
15,828,954
16,825,954
17,836,954
18,831,954
19,837,954
1,3,955
2,20,955
3,815,955
4,8,955
5,1,955
6,822,955
7,817,955
8,830,955
9,807,955
10,13,955
11,18,955
12,831,955
13,154,955
14,825,955
15,835,955
16,821,955
17,828,955
18,837,955
1,1,956
2,830,956
3,8,956
4,3,956
5,817,956
6,18,956
7,154,956
8,832,956
9,822,956
10,836,956
11,821,956
12,835,956
13,831,956
14,825,956
15,828,956
16,837,956
17,815,956
18,4,956
19,807,956
20,13,956
1,1,957
2,830,957
3,3,957
4,817,957
5,8,957
6,815,957
7,807,957
8,832,957
9,20,957
10,826,957
11,13,957
12,18,957
13,4,957
14,822,957
15,831,957
16,821,957
17,825,957
1,1,958
2,3,958
3,817,958
4,20,958
5,830,958
6,8,958
7,4,958
8,832,958
9,822,958
10,807,958
11,815,958
12,835,958
13,821,958
14,154,958
15,825,958
16,826,958
17,831,958
18,13,958
19,836,958
20,828,958
21,837,958
1,1,959
2,817,959
3,830,959
4,3,959
5,20,959
6,8,959
7,807,959
8,18,959
9,822,959
10,815,959
11,821,959
12,4,959
13,154,959
14,832,959
15,826,959
16,825,959
17,836,959
18,828,959
19,835,959
20,837,959
1,3,960
2,817,960
3,1,960
4,807,960
5,815,960
6,20,960
7,4,960
8,822,960
9,8,960
10,13,960
11,830,960
12,821,960
13,154,960
14,826,960
15,835,960
16,839,960
17,831,960
1,3,961
2,1,961
3,20,961
4,8,961
5,817,961
6,822,961
7,830,961
8,815,961
9,13,961
10,807,961
11,154,961
12,18,961
13,821,961
14,4,961
15,832,961
16,828,961
17,825,961
18,839,961
1,3,962
2,817,962
3,1,962
4,8,962
5,20,962
6,830,962
7,4,962
8,815,962
9,826,962
10,825,962
11,821,962
12,13,962
13,831,962
14,832,962
15,835,962
16,836,962
17,828,962
18,839,962
1,817,963
2,830,963
3,3,963
4,8,963
5,822,963
6,815,963
7,4,963
8,807,963
9,18,963
10,835,963
11,832,963
12,828,963
13,13,963
14,826,963
15,836,963
16,839,963
1,3,964
2,830,964
3,1,964
4,20,964
5,8,964
6,817,964
7,815,964
8,807,964
9,13,964
10,822,964
11,154,964
12,835,964
13,826,964
14,825,964
15,828,964
16,4,964
17,832,964
18,18,964
19,831,964
20,821,964
21,839,964
22,836,964
1,1,965
2,3,965
3,817,965
4,20,965
5,4,965
6,832,965
7,13,965
8,815,965
9,18,965
10,154,965
11,826,965
12,825,965
13,835,965
14,828,965
15,831,965
16,822,965
17,836,965
18,839,965
1,1,966
2,3,966
3,817,966
4,830,966
5,20,966
6,8,966
7,807,966
8,822,966
9,13,966
10,815,966
11,828,966
12,18,966
13,4,966
14,835,966
15,831,966
16,832,966
17,825,966
18,826,966
19,821,966
20,154,966
21,839,966
1,1,967
2,3,967
3,830,967
4,815,967
5,20,967
6,832,967
7,807,967
8,817,967
9,831,967
10,4,967
11,822,967
12,839,967
13,826,967
14,825,967
15,836,967
16,18,967
1,1,968
2,3,968
3,20,968
4,830,968
5,817,968
6,8,968
7,807,968
8,815,968
9,13,968
10,4,968
11,154,968
12,821,968
13,839,968
14,836,968
15,828,968
16,831,968
17,835,968
1,20,969
2,1,969
3,822,969
4,8,969
5,830,969
6,13,969
7,815,969
8,832,969
9,826,969
10,839,969
11,807,969
12,841,969
13,838,969
1,1,970
2,20,970
3,830,970
4,817,970
5,8,970
6,822,970
7,832,970
8,825,970
9,815,970
10,839,970
11,154,970
12,807,970
13,835,970
14,13,970
15,828,970
1,20,971
2,1,971
3,822,971
4,8,971
5,817,971
6,13,971
7,815,971
8,154,971
9,807,971
10,839,971
11,836,971
12,826,971
13,835,971
14,4,971
1,822,972
2,20,972
3,8,972
4,1,972
5,830,972
6,815,972
7,839,972
8,807,972
9,13,972
10,832,972
11,840,972
12,826,972
13,825,972
14,838,972
15,828,972
16,836,972
1,1,973
2,20,973
3,817,973
4,815,973
5,839,973
6,807,973
7,832,973
8,836,973
9,826,973
10,154,973
11,828,973
12,4,973
13,13,973
14,825,973
15,835,973
16,840,973
1,20,974
2,8,974
3,817,974
4,822,974
5,830,974
6,832,974
7,1,974
8,154,974
9,13,974
10,825,974
11,835,974
12,839,974
13,815,974
14,826,974
15,840,974
1,1,975
2,822,975
3,817,975
4,20,975
5,815,975
6,839,975
7,8,975
8,807,975
9,840,975
10,154,975
11,835,975
12,825,975
13,828,975
14,838,975
15,836,975
16,4,975
1,817,976
2,822,976
3,840,976
4,20,976
5,1,976
6,839,976
7,825,976
8,832,976
9,4,976
10,836,976
11,828,976
12,838,976
13,154,976
14,8,976
1,822,977
2,20,977
3,817,977
4,1,977
5,8,977
6,154,977
7,815,977
8,839,977
9,13,977
10,840,977
11,835,977
12,838,977
13,807,977
14,836,977
15,828,977
16,826,977
1,1,978
2,822,978
3,8,978
4,830,978
5,817,978
6,807,978
7,20,978
8,839,978
9,815,978
10,13,978
11,838,978
12,825,978
13,154,978
14,828,978
15,826,978
16,840,978
17,836,978
1,20,979
2,8,979
3,822,979
4,1,979
5,830,979
6,4,979
7,832,979
8,815,979
9,839,979
10,838,979
11,826,979
12,835,979
13,825,979
14,840,979
15,836,979
16,828,979
17,807,979
1,1,980
2,20,980
3,817,980
4,8,980
5,822,980
6,807,980
7,154,980
8,13,980
9,839,980
10,832,980
11,840,980
12,826,980
13,835,980
14,838,980
15,825,980
16,828,980
17,815,980
1,1,981
2,822,981
3,20,981
4,817,981
5,8,981
6,839,981
7,840,981
8,13,981
9,815,981
10,830,981
11,825,981
12,826,981
13,807,981
14,832,981
15,154,981
16,836,981
17,4,981
18,828,981
1,1,982
2,817,982
3,822,982
4,832,982
5,815,982
6,835,982
7,838,982
8,840,982
9,154,982
10,839,982
11,13,982
12,836,982
1,830,983
2,1,983
3,817,983
4,20,983
5,822,983
6,815,983
7,838,983
8,840,983
9,13,983
10,839,983
11,4,983
12,825,983
13,154,983
14,842,983
15,835,983
16,807,983
17,836,983
18,828,983
1,1,984
2,830,984
3,817,984
4,822,984
5,8,984
6,839,984
7,815,984
8,825,984
9,154,984
10,13,984
11,4,984
12,835,984
13,842,984
14,838,984
15,836,984
1,1,985
2,20,985
3,8,985
4,830,985
5,822,985
6,839,985
7,832,985
8,815,985
9,13,985
10,826,985
11,840,985
12,838,985
13,843,985
14,154,985
15,828,985
16,825,985
1,830,986
2,822,986
3,8,986
4,20,986
5,839,986
6,840,986
7,815,986
8,825,986
9,1,986
10,4,986
11,13,986
12,838,986
13,842,986
14,836,986
15,154,986
1,20,987
2,822,987
3,8,987
4,1,987
5,830,987
6,817,987
7,13,987
8,4,987
9,815,987
10,807,987
11,832,987
12,842,987
13,828,987
14,836,987
15,154,987
16,840,987
1,822,988
2,1,988
3,20,988
4,8,988
5,830,988
6,807,988
7,815,988
8,839,988
9,4,988
10,13,988
11,154,988
12,838,988
13,825,988
14,836,988
15,843,988
16,842,988
17,828,988
18,840,988
1,20,989
2,1,989
3,8,989
4,817,989
5,4,989
6,830,989
7,807,989
8,822,989
9,838,989
10,832,989
11,815,989
12,839,989
13,844,989
14,840,989
15,843,989
1,20,990
2,822,990
3,1,990
4,842,990
5,825,990
6,807,990
7,4,990
8,838,990
9,828,990
10,839,990
11,832,990
12,844,990
13,154,990
14,840,990
15,845,990
16,815,990
17,843,990
1,817,991
2,822,991
3,8,991
4,1,991
5,830,991
6,807,991
7,4,991
8,20,991
9,832,991
10,825,991
11,839,991
12,815,991
13,838,991
14,840,991
15,845,991
16,828,991
17,154,991
18,842,991
19,844,991
20,843,991
1,1,992
2,8,992
3,815,992
4,20,992
5,832,992
6,844,992
7,4,992
8,840,992
9,838,992
10,843,992
11,828,992
12,842,992
13,825,992
1,1,993
2,822,993
3,830,993
4,20,993
5,817,993
6,825,993
7,832,993
8,4,993
9,815,993
10,844,993
11,840,993
12,843,993
13,828,993
14,845,993
1,817,994
2,20,994
3,1,994
4,8,994
5,822,994
6,839,994
7,842,994
8,807,994
9,830,994
10,832,994
11,828,994
12,815,994
13,825,994
14,838,994
15,154,994
16,845,994
17,840,994
1,20,995
2,822,995
3,830,995
4,817,995
5,1,995
6,8,995
7,807,995
8,832,995
9,839,995
10,844,995
11,842,995
12,154,995
13,825,995
14,815,995
15,828,995
16,838,995
17,845,995
1,1,996
2,830,996
3,8,996
4,817,996
5,20,996
6,825,996
7,822,996
8,832,996
9,807,996
10,844,996
11,154,996
12,838,996
13,828,996
14,843,996
15,845,996
16,4,996
17,840,996
1,830,997
2,8,997
3,20,997
4,154,997
5,825,997
6,839,997
7,815,997
8,4,997
9,844,997
10,828,997
11,842,997
12,832,997
13,845,997
14,840,997
15,838,997
1,20,998
2,1,998
3,8,998
4,822,998
5,817,998
6,807,998
7,839,998
8,4,998
9,825,998
10,815,998
11,838,998
12,840,998
13,842,998
14,845,998
1,1,999
2,822,999
3,8,999
4,830,999
5,807,999
6,154,999
7,815,999
8,839,999
9,828,999
10,843,999
11,825,999
12,832,999
13,838,999
14,842,999
15,844,999
16,4,999
1,1,1000
2,20,1000
3,8,1000
4,817,1000
5,822,1000
6,842,1000
7,825,1000
8,4,1000
9,832,1000
10,154,1000
11,843,1000
12,807,1000
13,839,1000
14,815,1000
15,828,1000
16,845,1000
17,840,1000
1,20,1001
2,1,1001
3,830,1001
4,822,1001
5,815,1001
6,839,1001
7,154,1001
8,825,1001
9,842,1001
10,828,1001
11,832,1001
12,845,1001
13,840,1001
14,843,1001
15,838,1001
1,1,1002
2,8,1002
3,822,1002
4,20,1002
5,830,1002
6,839,1002
7,815,1002
8,832,1002
9,840,1002
10,845,1002
11,844,1002
12,838,1002
13,807,1002
14,842,1002
15,828,1002
16,825,1002
1,1,1003
2,830,1003
3,20,1003
4,822,1003
5,8,1003
6,817,1003
7,4,1003
8,832,1003
9,844,1003
10,807,1003
11,828,1003
12,838,1003
13,842,1003
14,840,1003
15,154,1003
16,815,1003
17,843,1003
18,825,1003
19,845,1003
1,1,1004
2,822,1004
3,20,1004
4,8,1004
5,830,1004
6,817,1004
7,844,1004
8,825,1004
9,839,1004
10,815,1004
11,154,1004
12,807,1004
13,828,1004
14,4,1004
15,840,1004
16,838,1004
17,832,1004
18,845,1004
1,1,1005
2,822,1005
3,830,1005
4,817,1005
5,8,1005
6,20,1005
7,815,1005
8,154,1005
9,839,1005
10,832,1005
11,842,1005
12,828,1005
13,843,1005
14,4,1005
15,838,1005
16,845,1005
17,840,1005
1,8,1006
2,830,1006
3,1,1006
4,20,1006
5,822,1006
6,807,1006
7,832,1006
8,815,1006
9,843,1006
10,828,1006
11,838,1006
12,842,1006
13,845,1006
14,840,1006
1,830,1007
2,20,1007
3,8,1007
4,1,1007
5,822,1007
6,807,1007
7,844,1007
8,838,1007
9,828,1007
10,842,1007
11,839,1007
12,840,1007
13,845,1007
14,843,1007
15,825,1007
16,154,1007
1,1,1008
2,830,1008
3,8,1008
4,817,1008
5,822,1008
6,20,1008
7,844,1008
8,154,1008
9,825,1008
10,815,1008
11,843,1008
12,832,1008
13,842,1008
14,838,1008
15,839,1008
16,845,1008
17,4,1008
18,840,1008
1,1,1009
2,20,1009
3,830,1009
4,817,1009
5,822,1009
6,832,1009
7,844,1009
8,815,1009
9,154,1009
10,825,1009
11,4,1009
12,843,1009
13,840,1009
14,838,1009
15,845,1009
1,822,1010
2,1,1010
3,830,1010
4,20,1010
5,844,1010
6,825,1010
7,807,1010
8,8,1010
9,840,1010
10,826,1010
11,842,1010
12,846,1010
13,815,1010
14,848,1010
15,841,1010
16,847,1010
17,9,1010
1,1,1011
2,822,1011
3,844,1011
4,830,1011
5,20,1011
6,846,1011
7,8,1011
8,842,1011
9,848,1011
10,815,1011
11,841,1011
12,826,1011
13,825,1011
14,840,1011
15,847,1011
16,9,1011
1,1,1012
2,822,1012
3,20,1012
4,830,1012
5,844,1012
6,842,1012
7,817,1012
8,815,1012
9,8,1012
10,848,1012
11,154,1012
12,840,1012
13,825,1012
14,832,1012
15,841,1012
16,847,1012
17,9,1012
18,846,1012
1,822,1013
2,1,1013
3,20,1013
4,830,1013
5,844,1013
6,815,1013
7,832,1013
8,846,1013
9,840,1013
10,8,1013
11,848,1013
12,841,1013
13,825,1013
14,807,1013
15,847,1013
16,9,1013
1,1,1014
2,822,1014
3,830,1014
4,20,1014
5,844,1014
6,842,1014
7,825,1014
8,832,1014
9,826,1014
10,154,1014
11,848,1014
12,817,1014
13,807,1014
14,8,1014
15,815,1014
16,841,1014
17,847,1014
18,9,1014
11,418,745
1,1,1015
2,20,1015
3,822,1015
4,830,1015
5,842,1015
6,832,1015
7,826,1015
8,848,1015
9,817,1015
10,154,1015
11,846,1015
14,825,1015
12,815,1015
13,807,1015
15,847,1015
16,840,1015
17,8,1015
18,9,1015
19,841,1015
1,1,1016
2,20,1016
3,844,1016
4,822,1016
5,830,1016
6,817,1016
7,807,1016
8,842,1016
9,840,1016
10,826,1016
11,832,1016
12,815,1016
13,841,1016
14,154,1016
15,8,1016
16,847,1016
17,825,1016
18,9,1016
1,1,1017
2,822,1017
3,844,1017
4,830,1017
5,20,1017
6,832,1017
7,8,1017
8,807,1017
9,846,1017
10,842,1017
11,817,1017
12,815,1017
13,840,1017
14,826,1017
15,848,1017
16,841,1017
17,825,1017
18,9,1017
19,847,1017
20,154,1017
1,830,1018
2,844,1018
3,822,1018
4,20,1018
5,1,1018
6,846,1018
7,842,1018
8,832,1018
9,8,1018
10,841,1018
11,815,1018
12,817,1018
13,807,1018
14,840,1018
15,848,1018
16,154,1018
17,826,1018
18,847,1018
19,825,1018
20,9,1018
1,1,1019
2,822,1019
3,844,1019
4,842,1019
5,830,1019
6,832,1019
7,817,1019
8,8,1019
9,826,1019
10,807,1019
11,846,1019
12,848,1019
13,840,1019
14,847,1019
15,9,1019
16,20,1019
17,815,1019
1,830,1020
2,20,1020
3,826,1020
4,840,1020
5,832,1020
6,848,1020
7,154,1020
8,825,1020
9,1,1020
10,9,1020
11,847,1020
12,8,1020
13,841,1020
14,842,1020
1,1,1021
2,830,1021
3,20,1021
4,844,1021
5,832,1021
6,842,1021
7,8,1021
8,822,1021
9,846,1021
10,848,1021
11,815,1021
12,807,1021
13,825,1021
14,817,1021
15,826,1021
16,847,1021
17,840,1021
18,841,1021
19,9,1021
1,844,1022
2,1,1022
3,822,1022
4,20,1022
5,848,1022
6,815,1022
7,826,1022
8,807,1022
9,842,1022
10,840,1022
11,846,1022
12,825,1022
13,154,1022
14,817,1022
15,847,1022
16,8,1022
17,9,1022
18,841,1022
1,844,1023
2,822,1023
3,1,1023
4,817,1023
5,807,1023
6,848,1023
7,815,1023
8,830,1023
9,841,1023
10,846,1023
11,842,1023
12,840,1023
13,20,1023
14,847,1023
15,8,1023
16,154,1023
17,9,1023
1,20,1024
2,844,1024
3,830,1024
4,1,1024
5,822,1024
6,848,1024
7,846,1024
8,842,1024
9,807,1024
10,841,1024
11,154,1024
12,832,1024
13,840,1024
14,817,1024
15,826,1024
16,9,1024
17,825,1024
1,1,1025
2,822,1025
3,844,1025
4,830,1025
5,848,1025
6,832,1025
7,815,1025
8,846,1025
9,825,1025
10,807,1025
11,840,1025
12,826,1025
13,8,1025
14,842,1025
15,841,1025
1,822,1026
2,20,1026
3,1,1026
4,848,1026
5,832,1026
6,844,1026
7,842,1026
8,815,1026
9,840,1026
10,826,1026
11,846,1026
12,8,1026
13,154,1026
14,841,1026
15,825,1026
16,847,1026
17,9,1026
1,1,1027
2,20,1027
3,822,1027
4,844,1027
5,848,1027
6,830,1027
7,815,1027
8,817,1027
9,842,1027
10,807,1027
11,826,1027
12,840,1027
13,832,1027
14,841,1027
15,825,1027
16,847,1027
17,154,1027
18,9,1027
1,822,1031
1,822,1028
2,1,1028
3,830,1028
4,844,1028
5,848,1028
6,817,1028
7,846,1028
8,832,1028
9,807,1028
10,815,1028
11,8,1028
12,826,1028
13,840,1028
14,841,1028
15,154,1028
16,842,1028
17,847,1028
18,825,1028
1,830,1029
2,842,1029
3,832,1029
4,8,1029
5,841,1029
6,817,1029
7,1,1029
8,846,1029
9,815,1029
10,826,1029
11,825,1029
12,847,1029
13,154,1029
14,848,1029
15,807,1029
16,9,1029
17,20,1029
18,844,1029
19,840,1029
1,1,1030
2,830,1030
3,844,1030
4,822,1030
5,20,1030
6,848,1030
7,815,1030
8,846,1030
9,826,1030
10,832,1030
11,817,1030
12,807,1030
13,8,1030
14,825,1030
15,154,1030
16,841,1030
17,847,1030
18,842,1030
19,9,1030
2,844,1031
3,846,1031
4,1,1031
5,832,1031
6,815,1031
7,842,1031
8,839,1031
9,841,1031
10,20,1031
11,849,1031
12,826,1031
13,848,1031
1,1,1032
2,822,1032
3,830,1032
4,848,1032
5,846,1032
6,815,1032
7,840,1032
8,817,1032
9,832,1032
10,826,1032
11,8,1032
12,825,1032
13,154,1032
14,841,1032
15,842,1032
16,847,1032
17,849,1032
1,1,1033
2,830,1033
3,822,1033
4,840,1033
5,848,1033
6,20,1033
7,815,1033
8,817,1033
9,832,1033
10,825,1033
11,844,1033
12,826,1033
13,846,1033
14,839,1033
15,8,1033
16,154,1033
17,841,1033
18,847,1033
19,849,1033
1,1,1034
2,830,1034
3,844,1034
4,817,1034
5,846,1034
6,839,1034
7,842,1034
8,848,1034
9,840,1034
10,20,1034
11,822,1034
12,847,1034
13,832,1034
14,841,1034
15,849,1034
16,154,1034
17,8,1034
1,830,1035
2,1,1035
3,822,1035
4,844,1035
5,848,1035
6,840,1035
7,807,1035
8,839,1035
9,846,1035
10,826,1035
11,842,1035
12,20,1035
13,832,1035
14,817,1035
15,8,1035
16,154,1035
17,841,1035
18,847,1035
19,849,1035
1,1,1036
2,830,1036
3,822,1036
4,840,1036
5,815,1036
6,832,1036
7,20,1036
8,848,1036
9,842,1036
10,846,1036
11,817,1036
12,826,1036
13,839,1036
14,8,1036
15,825,1036
16,841,1036
17,847,1036
18,849,1036
19,154,1036
1,1,1037
2,822,1037
3,830,1037
4,817,1037
5,839,1037
6,848,1037
7,846,1037
8,842,1037
9,840,1037
10,815,1037
11,826,1037
12,8,1037
13,20,1037
14,844,1037
15,154,1037
16,849,1037
17,825,1037
1,842,1038
2,832,1038
3,840,1038
4,846,1038
5,822,1038
6,817,1038
7,1,1038
8,839,1038
9,826,1038
10,815,1038
11,849,1038
12,154,1038
13,8,1038
14,847,1038
15,848,1038
16,841,1038
1,1,1039
2,822,1039
3,848,1039
4,817,1039
5,815,1039
6,846,1039
7,826,1039
8,844,1039
9,8,1039
10,20,1039
11,847,1039
12,154,1039
1,822,1040
2,830,1040
3,1,1040
4,815,1040
5,817,1040
6,844,1040
7,839,1040
8,826,1040
9,842,1040
10,848,1040
11,841,1040
12,825,1040
13,20,1040
14,8,1040
15,846,1040
16,849,1040
17,154,1040
18,847,1040
1,1,1041
2,830,1041
3,817,1041
4,815,1041
5,832,1041
6,842,1041
7,844,1041
8,807,1041
9,154,1041
10,841,1041
11,20,1041
12,8,1041
13,825,1041
14,849,1041
15,826,1041
1,1,1042
2,822,1042
3,830,1042
4,844,1042
5,842,1042
6,832,1042
7,815,1042
8,839,1042
9,817,1042
10,20,1042
11,8,1042
12,848,1042
13,846,1042
14,847,1042
15,841,1042
16,825,1042
17,154,1042
18,849,1042
19,826,1042
1,1,1043
2,822,1043
3,817,1043
4,826,1043
5,844,1043
6,815,1043
7,832,1043
8,846,1043
9,8,1043
10,841,1043
11,849,1043
12,20,1043
13,840,1043
14,154,1043
15,848,1043
1,1,1044
2,815,1044
3,20,1044
4,844,1044
5,832,1044
6,830,1044
7,848,1044
8,846,1044
9,840,1044
10,817,1044
11,839,1044
12,826,1044
13,842,1044
14,822,1044
15,8,1044
16,847,1044
17,825,1044
1,1,1045
2,830,1045
3,848,1045
4,846,1045
5,832,1045
6,842,1045
7,817,1045
8,822,1045
9,839,1045
10,844,1045
11,826,1045
12,847,1045
13,20,1045
14,849,1045
15,8,1045
16,841,1045
17,825,1045
18,815,1045
1,815,1046
2,839,1046
3,840,1046
4,832,1046
5,817,1046
6,848,1046
7,826,1046
8,822,1046
9,847,1046
10,846,1046
11,842,1046
12,20,1046
13,841,1046
14,8,1046
15,825,1046
16,851,1046
17,850,1046
1,830,1047
2,822,1047
3,1,1047
4,848,1047
5,846,1047
6,832,1047
7,817,1047
8,842,1047
9,839,1047
10,840,1047
11,826,1047
12,8,1047
13,844,1047
14,20,1047
15,847,1047
16,841,1047
17,849,1047
18,825,1047
19,850,1047
1,1,1052
2,830,1052
3,822,1052
4,846,1052
5,815,1052
6,844,1052
7,817,1052
8,832,1052
9,852,1052
10,840,1052
11,8,1052
12,841,1052
13,839,1052
14,847,1052
15,20,1052
16,854,1052
17,842,1052
18,849,1052
1,830,1053
2,1,1053
3,846,1053
4,844,1053
5,832,1053
6,817,1053
7,842,1053
8,840,1053
9,839,1053
10,4,1053
11,815,1053
12,852,1053
13,8,1053
14,841,1053
15,20,1053
16,854,1053
17,853,1053
1,1,1054
2,830,1054
3,822,1054
4,815,1054
5,846,1054
6,844,1054
7,839,1054
8,4,1054
9,817,1054
10,842,1054
11,832,1054
12,841,1054
13,20,1054
14,840,1054
15,852,1054
16,847,1054
17,854,1054
18,849,1054
19,853,1054
1,1,1055
2,830,1055
3,822,1055
4,844,1055
5,815,1055
6,817,1055
7,832,1055
8,846,1055
9,839,1055
10,842,1055
11,840,1055
12,8,1055
13,20,1055
14,847,1055
15,841,1055
16,849,1055
17,4,1055
18,854,1055
19,853,1055
2,832,1056
1,830,1056
3,846,1056
4,815,1056
5,20,1056
6,842,1056
7,1,1056
8,840,1056
9,839,1056
10,841,1056
11,8,1056
12,817,1056
13,4,1056
14,847,1056
15,849,1056
16,852,1056
17,853,1056
18,854,1056
1,815,1057
2,20,1057
3,842,1057
4,844,1057
5,846,1057
6,4,1057
7,852,1057
8,832,1057
9,817,1057
10,8,1057
11,841,1057
12,822,1057
13,854,1057
14,853,1057
15,1,1057
16,849,1057
1,830,1059
2,1,1059
3,815,1059
4,822,1059
5,846,1059
6,817,1059
7,842,1059
8,4,1059
9,20,1059
10,840,1059
11,832,1059
12,847,1059
13,852,1059
14,839,1059
15,841,1059
16,844,1059
17,8,1059
18,849,1059
19,854,1059
20,853,1059
1,830,1058
2,1,1058
3,822,1058
4,815,1058
5,846,1058
6,832,1058
7,844,1058
8,840,1058
9,4,1058
10,852,1058
11,8,1058
12,20,1058
13,817,1058
14,839,1058
15,841,1058
16,854,1058
17,849,1058
18,853,1058
1,830,1060
2,822,1060
3,846,1060
4,1,1060
5,832,1060
6,815,1060
7,817,1060
8,844,1060
9,842,1060
10,4,1060
11,847,1060
12,852,1060
13,840,1060
14,841,1060
15,8,1060
16,849,1060
17,20,1060
18,854,1060
19,853,1060
1,1,1061
2,844,1061
3,822,1061
4,846,1061
5,817,1061
6,832,1061
7,4,1061
8,840,1061
9,839,1061
10,852,1061
11,842,1061
12,847,1061
13,841,1061
14,849,1061
15,8,1061
16,815,1061
17,853,1061
18,854,1061
1,839,1062
2,1,1062
3,832,1062
4,4,1062
5,842,1062
6,852,1062
7,849,1062
8,847,1062
9,830,1062
10,8,1062
11,817,1062
12,854,1062
13,841,1062
1,830,1063
2,847,1063
3,1,1063
4,817,1063
5,20,1063
6,842,1063
7,839,1063
8,844,1063
9,849,1063
10,832,1063
11,4,1063
12,822,1063
13,841,1063
14,846,1063
15,852,1063
16,854,1063
17,853,1063
18,8,1063
19,815,1063
20,840,1063
1,830,1064
2,1,1064
3,822,1064
4,842,1064
5,844,1064
6,4,1064
7,832,1064
8,815,1064
9,839,1064
10,846,1064
11,817,1064
12,840,1064
13,20,1064
14,841,1064
15,9,1064
16,849,1064
17,847,1064
18,854,1064
1,817,1065
2,846,1065
3,822,1065
4,844,1065
5,815,1065
6,832,1065
7,840,1065
8,4,1065
9,847,1065
10,839,1065
11,849,1065
12,20,1065
13,841,1065
14,9,1065
15,854,1065
1,1,1066
2,830,1066
3,832,1066
4,817,1066
5,822,1066
6,4,1066
7,846,1066
8,8,1066
9,815,1066
10,847,1066
11,840,1066
12,20,1066
13,842,1066
14,839,1066
15,844,1066
16,841,1066
17,852,1066
18,853,1066
19,849,1066
1,822,1067
2,830,1067
3,815,1067
4,844,1067
5,1,1067
6,842,1067
7,846,1067
8,832,1067
9,840,1067
10,839,1067
11,841,1067
12,8,1067
13,817,1067
14,852,1067
15,847,1067
16,4,1067
17,849,1067
18,20,1067
19,854,1067
20,853,1067
1,830,1069
2,1,1069
3,815,1069
4,844,1069
5,817,1069
6,822,1069
7,832,1069
8,846,1069
9,852,1069
10,20,1069
11,841,1069
12,840,1069
13,8,1069
14,847,1069
15,849,1069
16,854,1069
17,853,1069
1,830,1070
2,1,1070
3,815,1070
4,842,1070
5,844,1070
6,832,1070
7,20,1070
8,8,1070
9,4,1070
10,846,1070
11,841,1070
12,817,1070
13,839,1070
14,840,1070
15,822,1070
16,847,1070
17,849,1070
18,853,1070
1,1,1071
2,830,1071
3,822,1071
4,815,1071
5,844,1071
6,832,1071
7,842,1071
8,839,1071
9,4,1071
10,846,1071
11,20,1071
12,8,1071
13,847,1071
14,841,1071
15,852,1071
16,849,1071
17,853,1071
18,854,1071
1,1,1051
2,830,1051
3,4,1051
4,815,1051
5,839,1051
6,840,1051
7,832,1051
8,844,1051
9,846,1051
10,20,1051
11,842,1051
12,817,1051
13,852,1051
14,8,1051
15,841,1051
16,854,1051
17,847,1051
18,853,1051
1,1,1072
2,830,1072
3,822,1072
4,839,1072
5,817,1072
6,842,1072
7,844,1072
8,832,1072
9,841,1072
10,846,1072
11,840,1072
12,849,1072
13,4,1072
14,852,1072
15,8,1072
1,830,1073
2,1,1073
3,832,1073
4,852,1073
5,842,1073
6,822,1073
7,846,1073
8,4,1073
9,839,1073
10,844,1073
11,20,1073
12,817,1073
13,840,1073
14,854,1073
15,815,1073
1,844,1074
2,832,1074
3,1,1074
4,847,1074
5,825,1074
6,822,1074
7,839,1074
8,852,1074
9,4,1074
10,855,1074
11,854,1074
12,840,1074
13,848,1074
14,817,1074
15,846,1074
16,849,1074
17,807,1074
18,815,1074
19,830,1074
1,830,1075
2,844,1075
3,832,1075
4,815,1075
5,847,1075
6,839,1075
7,846,1075
8,842,1075
9,825,1075
10,1,1075
11,855,1075
12,807,1075
13,840,1075
14,848,1075
1,844,1076
2,815,1076
3,847,1076
4,1,1076
5,846,1076
6,817,1076
7,839,1076
8,822,1076
9,842,1076
10,848,1076
11,855,1076
12,840,1076
13,854,1076
14,825,1076
15,852,1076
16,849,1076
17,4,1076
1,830,1077
2,815,1077
3,846,1077
4,847,1077
5,822,1077
6,844,1077
7,852,1077
8,20,1077
9,825,1077
10,840,1077
11,848,1077
12,842,1077
13,1,1077
14,839,1077
15,855,1077
16,849,1077
17,854,1077
18,817,1077
1,830,1078
2,844,1078
3,832,1078
4,815,1078
5,847,1078
6,1,1078
7,822,1078
8,839,1078
9,848,1078
10,840,1078
11,4,1078
12,852,1078
13,817,1078
14,849,1078
15,854,1078
16,825,1078
17,20,1078
1,830,1079
2,815,1079
3,847,1079
4,832,1079
5,1,1079
6,822,1079
7,839,1079
8,846,1079
9,4,1079
10,852,1079
11,20,1079
12,817,1079
13,842,1079
14,854,1079
15,840,1079
16,849,1079
17,825,1079
18,848,1079
1,815,1080
2,832,1080
3,830,1080
4,844,1080
5,847,1080
6,846,1080
7,4,1080
8,1,1080
9,822,1080
10,20,1080
11,842,1080
12,839,1080
13,817,1080
14,840,1080
15,849,1080
16,855,1080
17,852,1080
1,830,1081
2,815,1081
3,847,1081
4,1,1081
5,842,1081
6,20,1081
7,4,1081
8,817,1081
9,846,1081
10,839,1081
11,822,1081
12,848,1081
13,852,1081
14,854,1081
15,849,1081
16,840,1081
1,830,1082
2,832,1082
3,1,1082
4,847,1082
5,844,1082
6,839,1082
7,822,1082
8,855,1082
9,4,1082
10,840,1082
11,817,1082
12,20,1082
13,848,1082
14,842,1082
15,846,1082
16,849,1082
17,825,1082
1,832,1083
2,815,1083
3,1,1083
4,844,1083
5,4,1083
6,846,1083
7,830,1083
8,854,1083
9,20,1083
10,825,1083
11,840,1083
12,849,1083
13,817,1083
14,852,1083
1,844,1084
2,830,1084
3,1,1084
4,847,1084
5,839,1084
6,854,1084
7,846,1084
8,825,1084
9,817,1084
10,4,1084
11,822,1084
12,848,1084
13,840,1084
14,855,1084
15,842,1084
16,852,1084
17,20,1084
1,830,1085
2,1,1085
3,847,1085
4,815,1085
5,832,1085
6,4,1085
7,846,1085
8,839,1085
9,817,1085
10,840,1085
11,20,1085
12,842,1085
13,848,1085
14,822,1085
15,854,1085
16,855,1085
1,830,1086
2,1,1086
3,847,1086
4,832,1086
5,815,1086
6,844,1086
7,846,1086
8,4,1086
9,839,1086
10,20,1086
11,840,1086
12,842,1086
13,855,1086
14,854,1086
15,817,1086
16,825,1086
17,848,1086
18,849,1086
19,852,1086
20,822,1086
1,830,1087
2,815,1087
3,832,1087
4,847,1087
5,4,1087
6,844,1087
7,839,1087
8,20,1087
9,842,1087
10,848,1087
11,840,1087
12,846,1087
13,852,1087
14,855,1087
15,817,1087
16,825,1087
17,854,1087
18,849,1087
1,830,1088
2,847,1088
3,844,1088
4,1,1088
5,815,1088
6,4,1088
7,846,1088
8,832,1088
9,839,1088
10,840,1088
11,842,1088
12,848,1088
13,854,1088
14,20,1088
15,825,1088
16,855,1088
17,817,1088
18,849,1088
1,830,1089
2,844,1089
3,847,1089
4,832,1089
5,1,1089
6,815,1089
7,846,1089
8,842,1089
9,856,1089
10,855,1089
11,839,1089
12,854,1089
13,822,1089
14,852,1089
15,849,1089
16,825,1089
1,815,1091
2,844,1091
3,832,1091
4,846,1091
5,817,1091
6,840,1091
7,830,1091
8,20,1091
9,1,1091
10,842,1091
11,822,1091
12,825,1091
13,854,1091
14,847,1091
1,830,1092
2,815,1092
3,844,1092
4,839,1092
5,1,1092
6,20,1092
7,4,1092
8,847,1092
9,849,1092
10,846,1092
11,817,1092
12,840,1092
13,852,1092
14,825,1092
15,822,1092
16,855,1092
17,854,1092
18,842,1092
1,830,1093
2,1,1093
3,844,1093
4,815,1093
5,847,1093
6,846,1093
7,4,1093
8,20,1093
9,825,1093
10,852,1093
11,839,1093
12,855,1093
13,848,1093
14,842,1093
15,854,1093
16,817,1093
17,849,1093
1,830,1094
2,1,1094
3,815,1094
4,847,1094
5,832,1094
6,844,1094
7,817,1094
8,839,1094
9,846,1094
10,822,1094
11,842,1094
12,848,1094
13,855,1094
14,20,1094
15,840,1094
16,854,1094
17,825,1094
18,849,1094
19,4,1094
1,847,1095
2,1,1095
3,832,1095
4,844,1095
5,4,1095
6,830,1095
7,815,1095
8,839,1095
9,822,1095
10,840,1095
11,20,1095
12,855,1095
13,854,1095
14,842,1095
15,848,1095
16,849,1095
17,852,1095
1,830,1096
2,844,1096
3,815,1096
4,832,1096
5,847,1096
6,846,1096
7,839,1096
8,840,1096
9,817,1096
10,20,1096
11,852,1096
12,855,1096
13,848,1096
14,842,1096
15,822,1096
16,854,1096
17,825,1096
18,1,1096
19,849,1096
1,830,1098
2,815,1098
3,4,1098
4,832,1098
5,1,1098
6,840,1098
7,847,1098
8,822,1098
9,842,1098
10,848,1098
11,852,1098
12,858,1098
13,825,1098
14,856,1098
15,807,1098
16,855,1098
17,846,1098
1,815,1099
2,830,1099
3,4,1099
4,847,1099
5,1,1099
6,832,1099
7,844,1099
8,839,1099
9,842,1099
10,825,1099
11,852,1099
12,807,1099
13,855,1099
14,856,1099
15,857,1099
16,858,1099
17,846,1099
18,822,1099
1,830,1100
2,1,1100
3,4,1100
4,840,1100
5,815,1100
6,846,1100
7,807,1100
8,857,1100
9,855,1100
10,852,1100
11,822,1100
12,832,1100
13,842,1100
14,839,1100
15,856,1100
16,858,1100
17,825,1100
1,815,1101
2,830,1101
3,844,1101
4,4,1101
5,832,1101
6,1,1101
7,840,1101
8,847,1101
9,846,1101
10,852,1101
11,857,1101
12,848,1101
13,825,1101
14,842,1101
15,839,1101
16,858,1101
17,807,1101
18,822,1101
1,830,1102
2,815,1102
3,4,1102
4,847,1102
5,832,1102
6,1,1102
7,844,1102
8,842,1102
9,839,1102
10,825,1102
11,852,1102
12,840,1102
13,822,1102
14,848,1102
15,807,1102
16,855,1102
17,846,1102
18,856,1102
19,857,1102
20,858,1102
1,830,1104
2,4,1104
3,839,1104
4,1,1104
5,847,1104
6,844,1104
7,842,1104
8,832,1104
9,846,1104
10,857,1104
11,822,1104
12,856,1104
13,855,1104
14,848,1104
15,852,1104
16,815,1104
17,807,1104
18,858,1104
1,830,1105
2,1,1105
3,847,1105
4,815,1105
5,832,1105
6,840,1105
7,4,1105
8,839,1105
9,855,1105
10,842,1105
11,844,1105
12,852,1105
13,857,1105
14,856,1105
15,807,1105
16,848,1105
17,846,1105
18,825,1105
19,822,1105
20,858,1105
1,830,1106
2,4,1106
3,1,1106
4,844,1106
5,832,1106
6,815,1106
7,848,1106
8,839,1106
9,840,1106
10,822,1106
11,857,1106
12,842,1106
13,846,1106
14,852,1106
15,807,1106
16,855,1106
17,825,1106
18,856,1106
1,830,1107
2,844,1107
3,815,1107
4,846,1107
5,4,1107
6,832,1107
7,847,1107
8,1,1107
9,840,1107
10,842,1107
11,848,1107
12,855,1107
13,858,1107
14,839,1107
15,822,1107
16,857,1107
17,856,1107
18,825,1107
19,852,1107
1,830,1108
2,846,1108
3,1,1108
4,857,1108
5,847,1108
6,815,1108
7,4,1108
8,848,1108
9,844,1108
10,832,1108
11,858,1108
12,822,1108
13,807,1108
14,840,1108
15,855,1108
16,852,1108
17,856,1108
18,842,1108
1,830,1109
2,846,1109
3,815,1109
4,1,1109
5,857,1109
6,847,1109
7,844,1109
8,832,1109
9,4,1109
10,840,1109
11,848,1109
12,822,1109
13,817,1109
14,807,1109
15,852,1109
16,855,1109
17,825,1109
1,830,1110
2,815,1110
3,844,1110
4,1,1110
5,4,1110
6,847,1110
7,846,1110
8,839,1110
9,840,1110
10,852,1110
11,842,1110
12,822,1110
13,855,1110
14,848,1110
15,825,1110
16,817,1110
17,858,1110
18,807,1110
1,830,1111
2,4,1111
3,842,1111
4,815,1111
5,832,1111
6,1,1111
7,846,1111
8,848,1111
9,857,1111
10,839,1111
11,840,1111
12,807,1111
13,859,1111
14,822,1111
15,852,1111
16,825,1111
17,847,1111
1,830,1112
2,815,1112
3,832,1112
4,844,1112
5,847,1112
6,1,1112
7,848,1112
8,846,1112
9,4,1112
10,822,1112
11,859,1112
12,857,1112
13,858,1112
14,855,1112
15,842,1112
16,840,1112
17,807,1112
18,825,1112
1,832,1113
2,846,1113
3,1,1113
4,844,1113
5,830,1113
6,842,1113
7,857,1113
8,815,1113
9,859,1113
10,825,1113
11,848,1113
12,855,1113
13,807,1113
14,858,1113
15,4,1113
16,847,1113
1,830,1114
2,846,1114
3,857,1114
4,844,1114
5,1,1114
6,832,1114
7,847,1114
8,4,1114
9,839,1114
10,842,1114
11,859,1114
12,852,1114
13,855,1114
14,807,1114
15,825,1114
1,830,1115
2,857,1115
3,846,1115
4,847,1115
5,844,1115
6,4,1115
7,839,1115
8,822,1115
9,855,1115
10,815,1115
11,840,1115
12,842,1115
13,848,1115
14,825,1115
15,852,1115
16,807,1115
17,859,1115
1,830,1116
2,846,1116
3,832,1116
4,815,1116
5,847,1116
6,842,1116
7,840,1116
8,852,1116
9,848,1116
10,858,1116
11,807,1116
12,822,1116
13,855,1116
14,825,1116
15,817,1116
1,830,1117
2,1,1117
3,844,1117
4,832,1117
5,846,1117
6,847,1117
7,817,1117
8,857,1117
9,848,1117
10,839,1117
11,842,1117
12,852,1117
13,807,1117
14,855,1117
15,822,1117
16,858,1117
17,840,1117
1,830,1118
2,846,1118
3,4,1118
4,815,1118
5,840,1118
6,832,1118
7,842,1118
8,1,1118
9,852,1118
10,839,1118
11,858,1118
12,807,1118
13,817,1118
14,857,1118
1,830,1119
2,844,1119
3,815,1119
4,839,1119
5,840,1119
6,832,1119
7,1,1119
8,847,1119
9,4,1119
10,857,1119
11,842,1119
12,848,1119
13,825,1119
14,817,1119
15,855,1119
16,858,1119
17,822,1119
18,852,1119
19,807,1119
1,830,1120
2,844,1120
3,847,1120
4,815,1120
5,846,1120
6,857,1120
7,4,1120
8,852,1120
9,1,1120
10,840,1120
11,817,1120
12,839,1120
13,842,1120
14,848,1120
15,807,1120
16,858,1120
17,855,1120
18,832,1120
19,822,1120
20,825,1120
1,830,1121
2,815,1121
3,832,1121
4,844,1121
5,847,1121
6,846,1121
7,1,1121
8,857,1121
9,4,1121
10,840,1121
11,855,1121
12,825,1121
13,817,1121
14,852,1121
15,848,1121
16,807,1121
17,839,1121
18,842,1121
19,822,1121
20,858,1121
1,830,1122
2,815,1122
3,844,1122
4,857,1122
5,4,1122
6,847,1122
7,860,1122
8,846,1122
9,1,1122
10,807,1122
11,848,1122
12,825,1122
13,839,1122
14,858,1122
15,852,1122
16,817,1122
17,822,1122
18,855,1122
1,832,1123
2,844,1123
3,846,1123
4,857,1123
5,815,1123
6,840,1123
7,852,1123
8,4,1123
9,807,1123
10,825,1123
11,848,1123
12,817,1123
13,842,1123
14,822,1123
15,855,1123
16,839,1123
17,847,1123
1,830,1124
2,815,1124
3,832,1124
4,844,1124
5,846,1124
6,4,1124
7,847,1124
8,857,1124
9,1,1124
10,852,1124
11,807,1124
12,840,1124
13,825,1124
14,822,1124
15,839,1124
16,842,1124
17,858,1124
1,830,1125
2,846,1125
3,815,1125
4,844,1125
5,832,1125
6,847,1125
7,4,1125
8,857,1125
9,1,1125
10,807,1125
11,839,1125
12,848,1125
13,842,1125
14,855,1125
15,840,1125
16,825,1125
17,858,1125
1,846,1126
2,830,1126
3,844,1126
4,815,1126
5,832,1126
6,1,1126
7,852,1126
8,847,1126
9,4,1126
10,839,1126
11,807,1126
12,842,1126
13,857,1126
14,855,1126
15,817,1126
16,822,1126
17,840,1126
18,848,1126
19,825,1126
1,830,1127
2,846,1127
3,844,1127
4,857,1127
5,832,1127
6,1,1127
7,847,1127
8,815,1127
9,840,1127
10,852,1127
11,807,1127
12,825,1127
13,817,1127
14,839,1127
15,855,1127
16,842,1127
17,858,1127
18,822,1127
19,4,1127
1,844,1128
2,857,1128
3,832,1128
4,846,1128
5,847,1128
6,830,1128
7,1,1128
8,852,1128
9,848,1128
10,842,1128
11,4,1128
12,817,1128
13,822,1128
14,840,1128
15,858,1128
16,855,1128
1,830,1129
2,846,1129
3,847,1129
4,1,1129
5,857,1129
6,4,1129
7,840,1129
8,817,1129
9,842,1129
10,839,1129
11,807,1129
12,825,1129
13,822,1129
14,852,1129
15,855,1129
1,830,1130
2,846,1130
3,1,1130
4,847,1130
5,844,1130
6,832,1130
7,857,1130
8,815,1130
9,842,1130
10,839,1130
11,807,1130
12,4,1130
13,855,1130
14,840,1130
15,817,1130
16,822,1130
17,825,1130
18,848,1130
19,852,1130
20,858,1130
1,847,1131
2,857,1131
3,832,1131
4,1,1131
5,830,1131
6,807,1131
7,815,1131
8,825,1131
9,817,1131
10,842,1131
11,844,1131
12,839,1131
13,840,1131
14,852,1131
15,848,1131
16,822,1131
17,855,1131
18,4,1131
19,858,1131
20,846,1131
1,1,1132
2,830,1132
3,846,1132
4,857,1132
5,832,1132
6,807,1132
7,840,1132
8,4,1132
9,848,1132
10,852,1132
11,858,1132
12,825,1132
13,817,1132
14,844,1132
15,822,1132
16,839,1132
17,815,1132
18,855,1132
1,857,1133
2,846,1133
3,1,1133
4,844,1133
5,830,1133
6,832,1133
7,815,1133
8,847,1133
9,852,1133
10,840,1133
11,4,1133
12,817,1133
13,807,1133
14,848,1133
15,825,1133
16,822,1133
17,858,1133
18,839,1133
19,855,1133
1,1,1134
2,857,1134
3,844,1134
4,830,1134
5,846,1134
6,832,1134
7,815,1134
8,4,1134
9,839,1134
10,817,1134
11,840,1134
12,848,1134
13,842,1134
14,825,1134
15,822,1134
16,852,1134
17,858,1134
18,807,1134
1,846,1135
2,830,1135
3,844,1135
4,857,1135
5,832,1135
6,815,1135
7,847,1135
8,1,1135
9,842,1135
10,4,1135
11,807,1135
12,817,1135
13,840,1135
14,848,1135
15,839,1135
16,858,1135
17,852,1135
18,825,1135
19,822,1135
20,855,1135
1,844,1136
2,857,1136
3,846,1136
4,832,1136
5,1,1136
6,830,1136
7,847,1136
8,815,1136
9,848,1136
10,825,1136
11,4,1136
12,861,1136
13,817,1136
14,839,1136
15,842,1136
16,822,1136
17,807,1136
18,855,1136
19,840,1136
1,857,1137
2,844,1137
3,847,1137
4,846,1137
5,830,1137
6,4,1137
7,848,1137
8,861,1137
9,1,1137
10,860,1137
11,807,1137
12,842,1137
13,817,1137
14,855,1137
15,839,1137
16,822,1137
17,815,1137
18,832,1137
19,840,1137
1,846,1138
2,830,1138
3,857,1138
4,847,1138
5,844,1138
6,1,1138
7,832,1138
8,4,1138
9,807,1138
10,815,1138
11,861,1138
12,852,1138
13,839,1138
14,840,1138
15,855,1138
16,822,1138
17,842,1138
18,817,1138
19,825,1138
1,844,1139
2,832,1139
3,830,1139
4,846,1139
5,857,1139
6,847,1139
7,815,1139
8,807,1139
9,859,1139
10,861,1139
11,825,1139
12,842,1139
13,4,1139
14,852,1139
15,840,1139
16,848,1139
17,822,1139
18,839,1139
19,855,1139
1,832,1140
2,846,1140
3,844,1140
4,1,1140
5,847,1140
6,830,1140
7,825,1140
8,857,1140
9,807,1140
10,842,1140
11,840,1140
12,861,1140
13,839,1140
14,822,1140
15,855,1140
16,859,1140
17,815,1140
1,830,1141
2,839,1141
3,842,1141
4,847,1141
5,844,1141
6,846,1141
7,852,1141
8,857,1141
9,859,1141
10,1,1141
11,815,1141
12,860,1141
13,822,1141
14,4,1141
15,855,1141
1,847,1142
2,1,1142
3,832,1142
4,844,1142
5,830,1142
6,846,1142
7,857,1142
8,807,1142
9,852,1142
10,815,1142
11,4,1142
12,825,1142
13,855,1142
14,861,1142
15,840,1142
16,859,1142
17,839,1142
18,822,1142
1,830,1143
2,844,1143
3,857,1143
4,847,1143
5,842,1143
6,832,1143
7,4,1143
8,855,1143
9,825,1143
10,846,1143
11,822,1143
12,1,1143
13,852,1143
14,859,1143
15,848,1143
1,846,1144
2,832,1144
3,844,1144
4,1,1144
5,847,1144
6,830,1144
7,842,1144
8,807,1144
9,4,1144
10,857,1144
11,848,1144
12,852,1144
13,855,1144
14,840,1144
15,862,1144
16,825,1144
17,859,1144
